/*
SQLyog 企业版 - MySQL GUI v8.14 
MySQL - 5.5.20 : Database - wlsk
*********************************************************************
*/

/*!40101 SET NAMES utf8 */;

/*!40101 SET SQL_MODE=''*/;

/*!40014 SET @OLD_UNIQUE_CHECKS=@@UNIQUE_CHECKS, UNIQUE_CHECKS=0 */;
/*!40014 SET @OLD_FOREIGN_KEY_CHECKS=@@FOREIGN_KEY_CHECKS, FOREIGN_KEY_CHECKS=0 */;
/*!40101 SET @OLD_SQL_MODE=@@SQL_MODE, SQL_MODE='NO_AUTO_VALUE_ON_ZERO' */;
/*!40111 SET @OLD_SQL_NOTES=@@SQL_NOTES, SQL_NOTES=0 */;
CREATE DATABASE /*!32312 IF NOT EXISTS*/`wlsk` /*!40100 DEFAULT CHARACTER SET latin1 */;

USE `wlsk`;

/*Table structure for table `skq_hy` */

DROP TABLE IF EXISTS `skq_hy`;

CREATE TABLE `skq_hy` (
  `id` int(10) unsigned NOT NULL AUTO_INCREMENT,
  `HYBM` varchar(20) DEFAULT NULL COMMENT '行业编码',
  `HYMC` varchar(100) DEFAULT NULL COMMENT '行业名称',
  `HYJC` varchar(50) DEFAULT NULL COMMENT '行业简称',
  `STATUS` int(11) DEFAULT NULL COMMENT '状态',
  PRIMARY KEY (`id`),
  KEY `idx_hybm` (`HYBM`)
) ENGINE=MyISAM AUTO_INCREMENT=5000098 DEFAULT CHARSET=utf8 CHECKSUM=1 DELAY_KEY_WRITE=1 ROW_FORMAT=DYNAMIC;

/*Data for the table `skq_hy` */

insert  into `skq_hy`(`id`,`HYBM`,`HYMC`,`HYJC`,`STATUS`) values (5000002,'01','农业','农业',1),(5000003,'02','林业','林业',1),(5000004,'03','畜牧业','畜牧业',1),(5000005,'04','渔业','渔业',1),(5000006,'05','农、林、牧、渔服务业','农、林、牧、渔服务业',1),(5000007,'06','煤炭开采和洗选业','煤炭开采和洗选业',1),(5000008,'07','石油和天然气开采业','石油和天然气开采业',1),(5000009,'08','黑色金属矿采选业','黑色金属矿采选业',1),(5000010,'09','有色金属矿采选业','有色金属矿采选业',1),(5000011,'10','非金属矿采选业','非金属矿采选业',1),(5000012,'11','开采辅助活动','开采辅助活动',1),(5000013,'12','其他采矿业','其他采矿业',1),(5000014,'13','农副食品加工业','农副食品加工业',1),(5000015,'14','食品制造业','食品制造业',1),(5000016,'15','酒、饮料和精制茶制造业','酒、饮料和精制茶制造业',1),(5000017,'16','烟草制品业','烟草制品业',1),(5000018,'17','纺织业','纺织业',1),(5000019,'18','纺织服装、服饰业','纺织服装、服饰业',1),(5000020,'19','皮革、毛皮、羽毛及其制品和制鞋业','皮革、毛皮、羽毛及其制品和制鞋业',1),(5000021,'20','木材加工和木、竹、藤、棕、草制品业','木材加工和木、竹、藤、棕、草制品业',1),(5000022,'21','家具制造业','家具制造业',1),(5000023,'22','造纸和纸制品业','造纸和纸制品业',1),(5000024,'23','印刷和记录媒介复制业','印刷和记录媒介复制业',1),(5000025,'24','文教、工美、体育和娱乐用品制造业','文教、工美、体育和娱乐用品制造业',1),(5000026,'25','石油加工、炼焦和核燃料加工业','石油加工、炼焦和核燃料加工业',1),(5000027,'26','化学原料和化学制品制造业','化学原料和化学制品制造业',1),(5000028,'27','医药制造业','医药制造业',1),(5000029,'28','化学纤维制造业','化学纤维制造业',1),(5000030,'29','橡胶和塑料制品业','橡胶和塑料制品业',1),(5000031,'30','非金属矿物制品业','非金属矿物制品业',1),(5000032,'31','黑色金属冶炼和压延加工业','黑色金属冶炼和压延加工业',1),(5000033,'32','有色金属冶炼和压延加工业','有色金属冶炼和压延加工业',1),(5000034,'33','金属制品业','金属制品业',1),(5000035,'34','通用设备制造业','通用设备制造业',1),(5000036,'35','专用设备制造业','专用设备制造业',1),(5000037,'36','汽车制造业','汽车制造业',1),(5000038,'37','铁路、船舶、航空航天和其他运输设备制造业','铁路、船舶、航空航天和其他运输设备制造业',1),(5000039,'38','电气机械和器材制造业','电气机械和器材制造业',1),(5000040,'39','计算机、通信和其他电子设备制造业','计算机、通信和其他电子设备制造业',1),(5000041,'40','仪器仪表制造业','仪器仪表制造业',1),(5000042,'41','其他制造业','其他制造业',1),(5000043,'42','废弃资源综合利用业','废弃资源综合利用业',1),(5000044,'43','金属制品、机械和设备修理业','金属制品、机械和设备修理业',1),(5000045,'44','电力、热力生产和供应业','电力、热力生产和供应业',1),(5000046,'45','燃气生产和供应业','燃气生产和供应业',1),(5000047,'46','水的生产和供应业','水的生产和供应业',1),(5000048,'47','房屋建筑业','房屋建筑业',1),(5000049,'48','土木工程建筑业','土木工程建筑业',1),(5000050,'50','建筑装饰和其他建筑业','建筑装饰和其他建筑业',1),(5000051,'51','批发业','批发业',1),(5000052,'52','零售业','零售业',1),(5000053,'53','铁路运输业','铁路运输业',1),(5000054,'54','道路运输业','道路运输业',1),(5000055,'55','水上运输业','水上运输业',1),(5000056,'56','航空运输业','航空运输业',1),(5000057,'57','管道运输业','管道运输业',1),(5000058,'58','装卸搬运和运输代理业','装卸搬运和运输代理业',1),(5000059,'59','仓储业','仓储业',1),(5000060,'60','邮政业','邮政业',1),(5000061,'61','住宿业','住宿业',1),(5000062,'62','餐饮业','餐饮业',1),(5000063,'63','电信、广播电视和卫星传输服务','电信、广播电视和卫星传输服务',1),(5000064,'64','互联网和相关服务','互联网和相关服务',1),(5000065,'65','软件和信息技术服务业','软件和信息技术服务业',1),(5000066,'66','货币金融服务','货币金融服务',1),(5000067,'67','资本市场服务','资本市场服务',1),(5000068,'68','保险业','保险业',1),(5000069,'69','其他金融业','其他金融业',1),(5000070,'70','房地产业','房地产业',1),(5000071,'71','租赁业','租赁业',1),(5000072,'72','商务服务业','商务服务业',1),(5000073,'73','研究和试验发展','研究和试验发展',1),(5000074,'74','专业技术服务业','专业技术服务业',1),(5000075,'75','科技推广和应用服务业','科技推广和应用服务业',1),(5000076,'76','水利管理业','水利管理业',1),(5000077,'77','生态保护和环境治理业','生态保护和环境治理业',1),(5000078,'78','公共设施管理业','公共设施管理业',1),(5000079,'79','居民服务业','居民服务业',1),(5000080,'80','机动车、电子产品和日用产品修理业','机动车、电子产品和日用产品修理业',1),(5000081,'81','其他服务业','其他服务业',1),(5000082,'82','教育','教育',1),(5000083,'83','卫生','卫生',1),(5000084,'84','社会工作','社会工作',1),(5000085,'85','新闻和出版业','新闻和出版业',1),(5000086,'86','广播、电视、电影和影视录音制作业','广播、电视、电影和影视录音制作业',1),(5000087,'87','文化艺术业','文化艺术业',1),(5000088,'88','体育','体育',1),(5000089,'89','娱乐业','娱乐业',1),(5000090,'90','中国共产党机关','中国共产党机关',1),(5000091,'91','国家机构','国家机构',1),(5000092,'92','人民政协、民主党派','人民政协、民主党派',1),(5000093,'93','社会保障','社会保障',1),(5000094,'94','群众团体、社会团体和其他成员组织','群众团体、社会团体和其他成员组织',1),(5000095,'95','基层群众自治组织','基层群众自治组织',1),(5000096,'96','国际组织','国际组织',1),(5000097,'49','建筑安装业','建筑安装业',1);

/*Table structure for table `skq_hymx` */

DROP TABLE IF EXISTS `skq_hymx`;

CREATE TABLE `skq_hymx` (
  `id` int(10) unsigned NOT NULL AUTO_INCREMENT,
  `HYID` int(11) DEFAULT NULL COMMENT '行业编码ID',
  `HYBM` varchar(20) DEFAULT NULL COMMENT '行业编码',
  `HYMXBM` varchar(20) DEFAULT NULL COMMENT '行业明细编码',
  `HYMXMC` varchar(100) DEFAULT NULL COMMENT '行业明细名称',
  `HYMXJC` varchar(50) DEFAULT NULL COMMENT '行业明细简称',
  `STATUS` int(11) DEFAULT NULL COMMENT '状态',
  PRIMARY KEY (`id`)
) ENGINE=MyISAM AUTO_INCREMENT=10001097 DEFAULT CHARSET=utf8 CHECKSUM=1 DELAY_KEY_WRITE=1 ROW_FORMAT=DYNAMIC;

/*Data for the table `skq_hymx` */

insert  into `skq_hymx`(`id`,`HYID`,`HYBM`,`HYMXBM`,`HYMXMC`,`HYMXJC`,`STATUS`) values (10000003,5000002,'01','0111','稻谷种植','稻谷种植',1),(10000004,5000002,'01','0112','小麦种植','小麦种植',1),(10000005,5000002,'01','0113','玉米种植','玉米种植',1),(10000006,5000002,'01','0119','其他谷物种植','其他谷物种植',1),(10000007,5000002,'01','0121','豆类种植','豆类种植',1),(10000008,5000002,'01','0122','油料种植','油料种植',1),(10000009,5000002,'01','0123','薯类种植','薯类种植',1),(10000010,5000002,'01','0131','棉花种植','棉花种植',1),(10000011,5000002,'01','0132','麻类种植','麻类种植',1),(10000012,5000002,'01','0133','糖料种植','糖料种植',1),(10000013,5000002,'01','0134','烟草种植','烟草种植',1),(10000014,5000002,'01','0141','蔬菜种植','蔬菜种植',1),(10000015,5000002,'01','0142','食用菌种植','食用菌种植',1),(10000016,5000002,'01','0143','花卉种植','花卉种植',1),(10000017,5000002,'01','0149','其他园艺作物种植','其他园艺作物种植',1),(10000018,5000002,'01','0151','仁果类和核果类水果种植','仁果类和核果类水果种植',1),(10000019,5000002,'01','0152','葡萄种植','葡萄种植',1),(10000020,5000002,'01','0153','柑橘类种植','柑橘类种植',1),(10000021,5000002,'01','0154','香蕉等亚热带水果种植','香蕉等亚热带水果种植',1),(10000022,5000002,'01','0159','其他水果种植','其他水果种植',1),(10000023,5000002,'01','0161','坚果种植','坚果种植',1),(10000024,5000002,'01','0162','含油果种植','含油果种植',1),(10000025,5000002,'01','0163','香料作物种植','香料作物种植',1),(10000026,5000002,'01','0169','茶及其他饮料作物种植','茶及其他饮料作物种植',1),(10000027,5000002,'01','0170','中药材种植','中药材种植',1),(10000028,5000002,'01','0190','其他农业','其他农业',1),(10000029,5000003,'02','0211','林木育种','林木育种',1),(10000030,5000003,'02','0212','林木育苗','林木育苗',1),(10000031,5000003,'02','0220','造林和更新','造林和更新',1),(10000032,5000003,'02','0230','森林经营和管护','森林经营和管护',1),(10000033,5000003,'02','0241','木材采运','木材采运',1),(10000034,5000003,'02','0242','竹材采运','竹材采运',1),(10000035,5000003,'02','0251','木竹材林产品采集','木竹材林产品采集',1),(10000036,5000003,'02','0252','非木竹材林产品采集','非木竹材林产品采集',1),(10000037,5000004,'03','0311','牛的饲养','牛的饲养',1),(10000038,5000004,'03','0312','马的饲养','马的饲养',1),(10000039,5000004,'03','0313','猪的饲养','猪的饲养',1),(10000040,5000004,'03','0314','羊的饲养','羊的饲养',1),(10000041,5000004,'03','0315','骆驼饲养','骆驼饲养',1),(10000042,5000004,'03','0319','其他牲畜饲养','其他牲畜饲养',1),(10000043,5000004,'03','0321','鸡的饲养','鸡的饲养',1),(10000044,5000004,'03','0322','鸭的饲养','鸭的饲养',1),(10000045,5000004,'03','0323','鹅的饲养','鹅的饲养',1),(10000046,5000004,'03','0329','其他家禽饲养','其他家禽饲养',1),(10000047,5000004,'03','0330','狩猎和捕捉动物','狩猎和捕捉动物',1),(10000048,5000004,'03','0390','其他畜牧业','其他畜牧业',1),(10000049,5000005,'04','0411','海水养殖','海水养殖',1),(10000050,5000005,'04','0412','内陆养殖','内陆养殖',1),(10000051,5000005,'04','0421','海水捕捞','海水捕捞',1),(10000052,5000005,'04','0422','内陆捕捞','内陆捕捞',1),(10000053,5000006,'05','0511','农业机械服务','农业机械服务',1),(10000054,5000006,'05','0512','灌溉服务','灌溉服务',1),(10000055,5000006,'05','0513','农产品初加工服务','农产品初加工服务',1),(10000056,5000006,'05','0519','其他农业服务','其他农业服务',1),(10000057,5000006,'05','0521','林业有害生物防治服务','林业有害生物防治服务',1),(10000058,5000006,'05','0522','森林防火服务','森林防火服务',1),(10000059,5000006,'05','0523','林产品初级加工服务','林产品初级加工服务',1),(10000060,5000006,'05','0529','其他林业服务','其他林业服务',1),(10000061,5000006,'05','0530','畜牧服务业','畜牧服务业',1),(10000062,5000006,'05','0540','渔业服务业','渔业服务业',1),(10000063,5000007,'06','0610','烟煤和无烟煤开采洗选','烟煤和无烟煤开采洗选',1),(10000064,5000007,'06','0620','褐煤开采洗选','褐煤开采洗选',1),(10000065,5000007,'06','0690','其他煤炭采选','其他煤炭采选',1),(10000066,5000008,'07','0710','石油开采','石油开采',1),(10000067,5000008,'07','0720','天然气开采','天然气开采',1),(10000068,5000009,'08','0810','铁矿采选','铁矿采选',1),(10000069,5000009,'08','0820','锰矿、铬矿采选','锰矿、铬矿采选',1),(10000070,5000009,'08','0890','其他黑色金属矿采选','其他黑色金属矿采选',1),(10000071,5000010,'09','0911','铜矿采选','铜矿采选',1),(10000072,5000010,'09','0912','铅锌矿采选','铅锌矿采选',1),(10000073,5000010,'09','0913','镍钴矿采选','镍钴矿采选',1),(10000074,5000010,'09','0914','锡矿采选','锡矿采选',1),(10000075,5000010,'09','0915','锑矿采选','锑矿采选',1),(10000076,5000010,'09','0916','铝矿采选','铝矿采选',1),(10000077,5000010,'09','0917','镁矿采选','镁矿采选',1),(10000078,5000010,'09','0919','其他常用有色金属矿采选','其他常用有色金属矿采选',1),(10000079,5000010,'09','0921','金矿采选','金矿采选',1),(10000080,5000010,'09','0922','银矿采选','银矿采选',1),(10000081,5000010,'09','0929','其他贵金属矿采选','其他贵金属矿采选',1),(10000082,5000010,'09','0931','钨钼矿采选','钨钼矿采选',1),(10000083,5000010,'09','0932','稀土金属矿采选','稀土金属矿采选',1),(10000084,5000010,'09','0933','放射性金属矿采选','放射性金属矿采选',1),(10000085,5000010,'09','0939','其他稀有金属矿采选','其他稀有金属矿采选',1),(10000086,5000011,'10','1011','石灰石、石膏开采','石灰石、石膏开采',1),(10000087,5000011,'10','1012','建筑装饰用石开采','建筑装饰用石开采',1),(10000088,5000011,'10','1013','耐火土石开采','耐火土石开采',1),(10000089,5000011,'10','1019','粘土及其他土砂石开采','粘土及其他土砂石开采',1),(10000090,5000011,'10','1020','化学矿开采','化学矿开采',1),(10000091,5000011,'10','1030','采盐','采盐',1),(10000092,5000011,'10','1091','石棉、云母矿采选','石棉、云母矿采选',1),(10000093,5000011,'10','1092','石墨、滑石采选','石墨、滑石采选',1),(10000094,5000011,'10','1093','宝石、玉石采选','宝石、玉石采选',1),(10000095,5000011,'10','1099','其他未列明非金属矿采选','其他未列明非金属矿采选',1),(10000096,5000012,'11','1110','煤炭开采和洗选辅助活动','煤炭开采和洗选辅助活动',1),(10000097,5000012,'11','1120','石油和天然气开采辅助活动','石油和天然气开采辅助活动',1),(10000098,5000012,'11','1190','其他开采辅助活动','其他开采辅助活动',1),(10000099,5000013,'12','1200','其他采矿业','其他采矿业',1),(10000100,5000014,'13','1310','谷物磨制','谷物磨制',1),(10000101,5000014,'13','1320','饲料加工','饲料加工',1),(10000102,5000014,'13','1331','食用植物油加工','食用植物油加工',1),(10000103,5000014,'13','1332','非食用植物油加工','非食用植物油加工',1),(10000104,5000014,'13','1340','制糖业','制糖业',1),(10000105,5000014,'13','1351','牲畜屠宰','牲畜屠宰',1),(10000106,5000014,'13','1352','禽类屠宰','禽类屠宰',1),(10000107,5000014,'13','1353','肉制品及副产品加工','肉制品及副产品加工',1),(10000108,5000014,'13','1361','水产品冷冻加工','水产品冷冻加工',1),(10000109,5000014,'13','1362','鱼糜制品及水产品干腌制加工','鱼糜制品及水产品干腌制加工',1),(10000110,5000014,'13','1363','水产饲料制造','水产饲料制造',1),(10000111,5000014,'13','1364','鱼油提取及制品制造','鱼油提取及制品制造',1),(10000112,5000014,'13','1369','其他水产品加工','其他水产品加工',1),(10000113,5000014,'13','1371','蔬菜加工','蔬菜加工',1),(10000114,5000014,'13','1372','水果和坚果加工','水果和坚果加工',1),(10000115,5000014,'13','1391','淀粉及淀粉制品制造','淀粉及淀粉制品制造',1),(10000116,5000014,'13','1392','豆制品制造','豆制品制造',1),(10000117,5000014,'13','1393','蛋品加工','蛋品加工',1),(10000118,5000014,'13','1399','其他未列明农副食品加工','其他未列明农副食品加工',1),(10000119,5000015,'14','1411','糕点、面包制造','糕点、面包制造',1),(10000120,5000015,'14','1419','饼干及其他焙烤食品制造','饼干及其他焙烤食品制造',1),(10000121,5000015,'14','1421','糖果、巧克力制造','糖果、巧克力制造',1),(10000122,5000015,'14','1422','蜜饯制作','蜜饯制作',1),(10000123,5000015,'14','1431','米、面制品制造','米、面制品制造',1),(10000124,5000015,'14','1432','速冻食品制造','速冻食品制造',1),(10000125,5000015,'14','1439','方便面及其他方便食品制造','方便面及其他方便食品制造',1),(10000126,5000015,'14','1440','乳制品制造','乳制品制造',1),(10000127,5000015,'14','1451','肉、禽类罐头制造','肉、禽类罐头制造',1),(10000128,5000015,'14','1452','水产品罐头制造','水产品罐头制造',1),(10000129,5000015,'14','1453','蔬菜、水果罐头制造','蔬菜、水果罐头制造',1),(10000130,5000015,'14','1459','其他罐头食品制造','其他罐头食品制造',1),(10000131,5000015,'14','1461','味精制造','味精制造',1),(10000132,5000015,'14','1462','酱油、食醋及类似制品制造','酱油、食醋及类似制品制造',1),(10000133,5000015,'14','1469','其他调味品、发酵制品制造','其他调味品、发酵制品制造',1),(10000134,5000015,'14','1491','营养食品制造','营养食品制造',1),(10000135,5000015,'14','1492','保健食品制造','保健食品制造',1),(10000136,5000015,'14','1493','冷冻饮品及食用冰制造','冷冻饮品及食用冰制造',1),(10000137,5000015,'14','1494','盐加工','盐加工',1),(10000138,5000015,'14','1495','食品及饲料添加剂制造','食品及饲料添加剂制造',1),(10000139,5000015,'14','1499','其他未列明食品制造','其他未列明食品制造',1),(10000140,5000016,'15','1511','酒精制造','酒精制造',1),(10000141,5000016,'15','1512','白酒制造','白酒制造',1),(10000142,5000016,'15','1513','啤酒制造','啤酒制造',1),(10000143,5000016,'15','1514','黄酒制造','黄酒制造',1),(10000144,5000016,'15','1515','葡萄酒制造','葡萄酒制造',1),(10000145,5000016,'15','1519','其他酒制造','其他酒制造',1),(10000146,5000016,'15','1521','碳酸饮料制造','碳酸饮料制造',1),(10000147,5000016,'15','1522','瓶（罐）装饮用水制造','瓶（罐）装饮用水制造',1),(10000148,5000016,'15','1523','果菜汁及果菜汁饮料制造','果菜汁及果菜汁饮料制造',1),(10000149,5000016,'15','1524','含乳饮料和植物蛋白饮料制造','含乳饮料和植物蛋白饮料制造',1),(10000150,5000016,'15','1525','固体饮料制造','固体饮料制造',1),(10000151,5000016,'15','1529','茶饮料及其他饮料制造','茶饮料及其他饮料制造',1),(10000152,5000016,'15','1530','精制茶加工','精制茶加工',1),(10000153,5000017,'16','1610','烟叶复烤','烟叶复烤',1),(10000154,5000017,'16','1620','卷烟制造','卷烟制造',1),(10000155,5000017,'16','1690','其他烟草制品制造','其他烟草制品制造',1),(10000156,5000018,'17','1711','棉纺纱加工','棉纺纱加工',1),(10000157,5000018,'17','1712','棉织造加工','棉织造加工',1),(10000158,5000018,'17','1713','棉印染精加工','棉印染精加工',1),(10000159,5000018,'17','1721','毛条和毛纱线加工','毛条和毛纱线加工',1),(10000160,5000018,'17','1722','毛织造加工','毛织造加工',1),(10000161,5000018,'17','1723','毛染整精加工','毛染整精加工',1),(10000162,5000018,'17','1731','麻纤维纺前加工和纺纱','麻纤维纺前加工和纺纱',1),(10000163,5000018,'17','1732','麻织造加工','麻织造加工',1),(10000164,5000018,'17','1733','麻染整精加工','麻染整精加工',1),(10000165,5000018,'17','1741','缫丝加工','缫丝加工',1),(10000166,5000018,'17','1742','绢纺和丝织加工','绢纺和丝织加工',1),(10000167,5000018,'17','1743','丝印染精加工','丝印染精加工',1),(10000168,5000018,'17','1751','化纤织造加工','化纤织造加工',1),(10000169,5000030,'29','2914','再生橡胶制造','再生橡胶制造',1),(10000170,5000030,'29','2915','日用及医用橡胶制品制造','日用及医用橡胶制品制造',1),(10000171,5000030,'29','2919','其他橡胶制品制造','其他橡胶制品制造',1),(10000172,5000030,'29','2921','塑料薄膜制造','塑料薄膜制造',1),(10000173,5000030,'29','2922','塑料板、管、型材制造','塑料板、管、型材制造',1),(10000174,5000030,'29','2923','塑料丝、绳及编织品制造','塑料丝、绳及编织品制造',1),(10000175,5000030,'29','2924','泡沫塑料制造','泡沫塑料制造',1),(10000176,5000030,'29','2925','塑料人造革、合成革制造','塑料人造革、合成革制造',1),(10000177,5000030,'29','2926','塑料包装箱及容器制造','塑料包装箱及容器制造',1),(10000178,5000030,'29','2927','日用塑料制品制造','日用塑料制品制造',1),(10000179,5000030,'29','2928','塑料零件制造','塑料零件制造',1),(10000180,5000030,'29','2929','其他塑料制品制造','其他塑料制品制造',1),(10000181,5000031,'30','3011','水泥制造','水泥制造',1),(10000182,5000031,'30','3012','石灰和石膏制造','石灰和石膏制造',1),(10000183,5000031,'30','3021','水泥制品制造','水泥制品制造',1),(10000184,5000031,'30','3022','砼结构构件制造','砼结构构件制造',1),(10000185,5000031,'30','3023','石棉水泥制品制造','石棉水泥制品制造',1),(10000186,5000031,'30','3024','轻质建筑材料制造','轻质建筑材料制造',1),(10000187,5000031,'30','3029','其他水泥类似制品制造','其他水泥类似制品制造',1),(10000188,5000031,'30','3031','粘土砖瓦及建筑砌块制造','粘土砖瓦及建筑砌块制造',1),(10000189,5000031,'30','3032','建筑陶瓷制品制造','建筑陶瓷制品制造',1),(10000190,5000031,'30','3033','建筑用石加工','建筑用石加工',1),(10000191,5000031,'30','3034','防水建筑材料制造','防水建筑材料制造',1),(10000192,5000031,'30','3035','隔热和隔音材料制造','隔热和隔音材料制造',1),(10000193,5000031,'30','3039','其他建筑材料制造','其他建筑材料制造',1),(10000194,5000031,'30','3041','平板玻璃制造','平板玻璃制造',1),(10000195,5000031,'30','3049','其他玻璃制造','其他玻璃制造',1),(10000196,5000031,'30','3051','技术玻璃制品制造','技术玻璃制品制造',1),(10000197,5000031,'30','3052','光学玻璃制造','光学玻璃制造',1),(10000198,5000031,'30','3053','玻璃仪器制造','玻璃仪器制造',1),(10000199,5000031,'30','3054','日用玻璃制品制造','日用玻璃制品制造',1),(10000200,5000031,'30','3055','玻璃包装容器制造','玻璃包装容器制造',1),(10000201,5000031,'30','3056','玻璃保温容器制造','玻璃保温容器制造',1),(10000202,5000031,'30','3057','制镜及类似品加工','制镜及类似品加工',1),(10000203,5000031,'30','3059','其他玻璃制品制造','其他玻璃制品制造',1),(10000204,5000031,'30','3061','玻璃纤维及制品制造','玻璃纤维及制品制造',1),(10000205,5000031,'30','3062','玻璃纤维增强塑料制品制造','玻璃纤维增强塑料制品制造',1),(10000206,5000031,'30','3071','卫生陶瓷制品制造','卫生陶瓷制品制造',1),(10000207,5000031,'30','3072','特种陶瓷制品制造','特种陶瓷制品制造',1),(10000208,5000031,'30','3073','日用陶瓷制品制造','日用陶瓷制品制造',1),(10000209,5000031,'30','3079','园林、陈设艺术及其他陶瓷制品制造','园林、陈设艺术及其他陶瓷制品制造',1),(10000210,5000031,'30','3081','石棉制品制造','石棉制品制造',1),(10000211,5000031,'30','3082','云母制品制造','云母制品制造',1),(10000212,5000031,'30','3089','耐火陶瓷制品及其他耐火材料制造','耐火陶瓷制品及其他耐火材料制造',1),(10000213,5000031,'30','3091','石墨及碳素制品制造','石墨及碳素制品制造',1),(10000214,5000031,'30','3099','其他非金属矿物制品制造','其他非金属矿物制品制造',1),(10000215,5000032,'31','3110','炼铁','炼铁',1),(10000216,5000032,'31','3120','炼钢','炼钢',1),(10000217,5000032,'31','3130','黑色金属铸造','黑色金属铸造',1),(10000218,5000032,'31','3140','钢压延加工','钢压延加工',1),(10000219,5000032,'31','3150','铁合金冶炼','铁合金冶炼',1),(10000220,5000033,'32','3211','铜冶炼','铜冶炼',1),(10000221,5000033,'32','3212','铅锌冶炼','铅锌冶炼',1),(10000222,5000033,'32','3213','镍钴冶炼','镍钴冶炼',1),(10000223,5000033,'32','3214','锡冶炼','锡冶炼',1),(10000224,5000033,'32','3215','锑冶炼','锑冶炼',1),(10000225,5000033,'32','3216','铝冶炼','铝冶炼',1),(10000226,5000033,'32','3217','镁冶炼','镁冶炼',1),(10000227,5000033,'32','3219','其他常用有色金属冶炼','其他常用有色金属冶炼',1),(10000228,5000033,'32','3221','金冶炼','金冶炼',1),(10000229,5000033,'32','3222','银冶炼','银冶炼',1),(10000230,5000033,'32','3229','其他贵金属冶炼','其他贵金属冶炼',1),(10000231,5000033,'32','3231','钨钼冶炼','钨钼冶炼',1),(10000232,5000033,'32','3232','稀土金属冶炼','稀土金属冶炼',1),(10000233,5000033,'32','3239','其他稀有金属冶炼','其他稀有金属冶炼',1),(10000234,5000033,'32','3240','有色金属合金制造','有色金属合金制造',1),(10000235,5000033,'32','3250','有色金属铸造','有色金属铸造',1),(10000236,5000033,'32','3261','铜压延加工','铜压延加工',1),(10000237,5000033,'32','3262','铝压延加工','铝压延加工',1),(10000238,5000033,'32','3263','贵金属压延加工','贵金属压延加工',1),(10000239,5000033,'32','3264','稀有稀土金属压延加工','稀有稀土金属压延加工',1),(10000240,5000033,'32','3269','其他有色金属压延加工','其他有色金属压延加工',1),(10000241,5000034,'33','3311','金属结构制造','金属结构制造',1),(10000242,5000034,'33','3312','金属门窗制造','金属门窗制造',1),(10000243,5000034,'33','3321','切削工具制造','切削工具制造',1),(10000244,5000034,'33','3322','手工具制造','手工具制造',1),(10000245,5000034,'33','3323','农用及园林用金属工具制造','农用及园林用金属工具制造',1),(10000246,5000034,'33','3324','刀剪及类似日用金属工具制造','刀剪及类似日用金属工具制造',1),(10000247,5000034,'33','3329','其他金属工具制造','其他金属工具制造',1),(10000248,5000034,'33','3331','集装箱制造','集装箱制造',1),(10000249,5000034,'33','3332','金属压力容器制造','金属压力容器制造',1),(10000250,5000034,'33','3333','金属包装容器制造','金属包装容器制造',1),(10000251,5000034,'33','3340','金属丝绳及其制品制造','金属丝绳及其制品制造',1),(10000252,5000034,'33','3351','建筑、家具用金属配件制造','建筑、家具用金属配件制造',1),(10000253,5000034,'33','3352','建筑装饰及水暖管道零件制造','建筑装饰及水暖管道零件制造',1),(10000254,5000034,'33','3353','安全、消防用金属制品制造','安全、消防用金属制品制造',1),(10000255,5000034,'33','3359','其他建筑、安全用金属制品制造','其他建筑、安全用金属制品制造',1),(10000256,5000034,'33','3360','金属表面处理及热处理加工','金属表面处理及热处理加工',1),(10000257,5000034,'33','3371','生产专用搪瓷制品制造','生产专用搪瓷制品制造',1),(10000258,5000034,'33','3372','建筑装饰搪瓷制品制造','建筑装饰搪瓷制品制造',1),(10000259,5000034,'33','3373','搪瓷卫生洁具制造','搪瓷卫生洁具制造',1),(10000260,5000034,'33','3379','搪瓷日用品及其他搪瓷制品制造','搪瓷日用品及其他搪瓷制品制造',1),(10000261,5000034,'33','3381','金属制厨房用器具制造','金属制厨房用器具制造',1),(10000262,5000034,'33','3382','金属制餐具和器皿制造','金属制餐具和器皿制造',1),(10000263,5000034,'33','3383','金属制卫生器具制造','金属制卫生器具制造',1),(10000264,5000034,'33','3389','其他金属制日用品制造','其他金属制日用品制造',1),(10000265,5000034,'33','3391','锻件及粉末冶金制品制造','锻件及粉末冶金制品制造',1),(10000266,5000034,'33','3392','交通及公共管理用金属标牌制造','交通及公共管理用金属标牌制造',1),(10000267,5000034,'33','3399','其他未列明金属制品制造','其他未列明金属制品制造',1),(10000268,5000035,'34','3411','锅炉及辅助设备制造','锅炉及辅助设备制造',1),(10000269,5000035,'34','3412','内燃机及配件制造','内燃机及配件制造',1),(10000270,5000035,'34','3413','汽轮机及辅机制造','汽轮机及辅机制造',1),(10000271,5000035,'34','3414','水轮机及辅机制造','水轮机及辅机制造',1),(10000272,5000035,'34','3415','风能原动设备制造','风能原动设备制造',1),(10000273,5000035,'34','3419','其他原动设备制造','其他原动设备制造',1),(10000274,5000035,'34','3421','金属切削机床制造','金属切削机床制造',1),(10000275,5000035,'34','3422','金属成形机床制造','金属成形机床制造',1),(10000276,5000035,'34','3423','铸造机械制造','铸造机械制造',1),(10000277,5000035,'34','3424','金属切割及焊接设备制造','金属切割及焊接设备制造',1),(10000278,5000035,'34','3425','机床附件制造','机床附件制造',1),(10000279,5000035,'34','3429','其他金属加工机械制造','其他金属加工机械制造',1),(10000280,5000035,'34','3431','轻小型起重设备制造','轻小型起重设备制造',1),(10000281,5000035,'34','3432','起重机制造','起重机制造',1),(10000282,5000035,'34','3433','生产专用车辆制造','生产专用车辆制造',1),(10000283,5000035,'34','3434','连续搬运设备制造','连续搬运设备制造',1),(10000284,5000035,'34','3435','电梯、自动扶梯及升降机制造','电梯、自动扶梯及升降机制造',1),(10000285,5000035,'34','3439','其他物料搬运设备制造','其他物料搬运设备制造',1),(10000286,5000035,'34','3441','泵及真空设备制造','泵及真空设备制造',1),(10000287,5000035,'34','3442','气体压缩机械制造','气体压缩机械制造',1),(10000288,5000035,'34','3443','阀门和旋塞制造','阀门和旋塞制造',1),(10000289,5000035,'34','3444','液压和气压动力机械及元件制造','液压和气压动力机械及元件制造',1),(10000290,5000035,'34','3451','轴承制造','轴承制造',1),(10000291,5000035,'34','3452','齿轮及齿轮减、变速箱制造','齿轮及齿轮减、变速箱制造',1),(10000292,5000035,'34','3459','其他传动部件制造','其他传动部件制造',1),(10000293,5000035,'34','3461','烘炉、熔炉及电炉制造','烘炉、熔炉及电炉制造',1),(10000294,5000035,'34','3462','风机、风扇制造','风机、风扇制造',1),(10000295,5000035,'34','3463','气体、液体分离及纯净设备制造','气体、液体分离及纯净设备制造',1),(10000296,5000035,'34','3464','制冷、空调设备制造','制冷、空调设备制造',1),(10000297,5000035,'34','3465','风动和电动工具制造','风动和电动工具制造',1),(10000298,5000035,'34','3466','喷枪及类似器具制造','喷枪及类似器具制造',1),(10000299,5000035,'34','3467','衡器制造','衡器制造',1),(10000300,5000035,'34','3468','包装专用设备制造','包装专用设备制造',1),(10000301,5000035,'34','3471','电影机械制造','电影机械制造',1),(10000302,5000035,'34','3472','幻灯及投影设备制造','幻灯及投影设备制造',1),(10000303,5000035,'34','3473','照相机及器材制造','照相机及器材制造',1),(10000304,5000035,'34','3474','复印和胶印设备制造','复印和胶印设备制造',1),(10000305,5000035,'34','3475','计算器及货币专用设备制造','计算器及货币专用设备制造',1),(10000306,5000035,'34','3479','其他文化、办公用机械制造','其他文化、办公用机械制造',1),(10000307,5000035,'34','3481','金属密封件制造','金属密封件制造',1),(10000308,5000035,'34','3482','紧固件制造','紧固件制造',1),(10000309,5000035,'34','3483','弹簧制造','弹簧制造',1),(10000310,5000040,'39','3939','应用电视设备及其他广播电视设备制造','应用电视设备及其他广播电视设备制造',1),(10000311,5000040,'39','3940','雷达及配套设备制造','雷达及配套设备制造',1),(10000312,5000040,'39','3951','电视机制造','电视机制造',1),(10000313,5000040,'39','3952','音响设备制造','音响设备制造',1),(10000314,5000040,'39','3953','影视录放设备制造','影视录放设备制造',1),(10000315,5000040,'39','3961','电子真空器件制造','电子真空器件制造',1),(10000316,5000040,'39','3962','半导体分立器件制造','半导体分立器件制造',1),(10000317,5000040,'39','3963','集成电路制造','集成电路制造',1),(10000318,5000040,'39','3969','光电子器件及其他电子器件制造','光电子器件及其他电子器件制造',1),(10000319,5000040,'39','3971','电子元件及组件制造','电子元件及组件制造',1),(10000320,5000040,'39','3972','印制电路板制造','印制电路板制造',1),(10000321,5000040,'39','3990','其他电子设备制造','其他电子设备制造',1),(10000322,5000041,'40','4011','工业自动控制系统装置制造','工业自动控制系统装置制造',1),(10000323,5000041,'40','4012','电工仪器仪表制造','电工仪器仪表制造',1),(10000324,5000041,'40','4013','绘图、计算及测量仪器制造','绘图、计算及测量仪器制造',1),(10000325,5000041,'40','4014','实验分析仪器制造','实验分析仪器制造',1),(10000326,5000041,'40','4015','试验机制造','试验机制造',1),(10000327,5000041,'40','4019','供应用仪表及其他通用仪器制造','供应用仪表及其他通用仪器制造',1),(10000328,5000041,'40','4021','环境监测专用仪器仪表制造','环境监测专用仪器仪表制造',1),(10000329,5000041,'40','4022','运输设备及生产用计数仪表制造','运输设备及生产用计数仪表制造',1),(10000330,5000041,'40','4023','导航、气象及海洋专用仪器制造','导航、气象及海洋专用仪器制造',1),(10000331,5000041,'40','4024','农林牧渔专用仪器仪表制造','农林牧渔专用仪器仪表制造',1),(10000332,5000041,'40','4025','地质勘探和地震专用仪器制造','地质勘探和地震专用仪器制造',1),(10000333,5000041,'40','4026','教学专用仪器制造','教学专用仪器制造',1),(10000334,5000041,'40','4027','核子及核辐射测量仪器制造','核子及核辐射测量仪器制造',1),(10000335,5000041,'40','4028','电子测量仪器制造','电子测量仪器制造',1),(10000336,5000041,'40','4029','其他专用仪器制造','其他专用仪器制造',1),(10000337,5000041,'40','4030','钟表与计时仪器制造','钟表与计时仪器制造',1),(10000338,5000041,'40','4041','光学仪器制造','光学仪器制造',1),(10000339,5000041,'40','4042','眼镜制造','眼镜制造',1),(10000340,5000041,'40','4090','其他仪器仪表制造业','其他仪器仪表制造业',1),(10000341,5000042,'41','4111','鬃毛加工、制刷及清扫工具制造','鬃毛加工、制刷及清扫工具制造',1),(10000342,5000042,'41','4119','其他日用杂品制造','其他日用杂品制造',1),(10000343,5000042,'41','4120','煤制品制造','煤制品制造',1),(10000344,5000042,'41','4130','核辐射加工','核辐射加工',1),(10000345,5000042,'41','4190','其他未列明制造业','其他未列明制造业',1),(10000346,5000043,'42','4210','金属废料和碎屑加工处理','金属废料和碎屑加工处理',1),(10000347,5000043,'42','4220','非金属废料和碎屑加工处理','非金属废料和碎屑加工处理',1),(10000348,5000044,'43','4310','金属制品修理','金属制品修理',1),(10000349,5000044,'43','4320','通用设备修理','通用设备修理',1),(10000350,5000044,'43','4330','专用设备修理','专用设备修理',1),(10000351,5000044,'43','4341','铁路运输设备修理','铁路运输设备修理',1),(10000352,5000044,'43','4342','船舶修理','船舶修理',1),(10000353,5000044,'43','4343','航空航天器修理','航空航天器修理',1),(10000354,5000044,'43','4349','其他运输设备修理','其他运输设备修理',1),(10000355,5000044,'43','4350','电气设备修理','电气设备修理',1),(10000356,5000044,'43','4360','仪器仪表修理','仪器仪表修理',1),(10000357,5000044,'43','4390','其他机械和设备修理业','其他机械和设备修理业',1),(10000358,5000045,'44','4411','火力发电','火力发电',1),(10000359,5000045,'44','4412','水力发电','水力发电',1),(10000360,5000045,'44','4413','核力发电','核力发电',1),(10000361,5000045,'44','4414','风力发电','风力发电',1),(10000362,5000045,'44','4415','太阳能发电','太阳能发电',1),(10000363,5000045,'44','4419','其他电力生产','其他电力生产',1),(10000364,5000045,'44','4420','电力供应','电力供应',1),(10000365,5000045,'44','4430','热力生产和供应','热力生产和供应',1),(10000366,5000046,'45','4500','燃气生产和供应业','燃气生产和供应业',1),(10000367,5000047,'46','4610','自来水生产和供应','自来水生产和供应',1),(10000368,5000047,'46','4620','污水处理及其再生利用','污水处理及其再生利用',1),(10000369,5000047,'46','4690','其他水的处理、利用与分配','其他水的处理、利用与分配',1),(10000370,5000048,'47','4700','房屋建筑业','房屋建筑业',1),(10000371,5000049,'48','4811','铁路工程建筑','铁路工程建筑',1),(10000372,5000049,'48','4812','公路工程建筑','公路工程建筑',1),(10000373,5000049,'48','4813','市政道路工程建筑','市政道路工程建筑',1),(10000374,5000049,'48','4819','其他道路、隧道和桥梁工程建筑','其他道路、隧道和桥梁工程建筑',1),(10000375,5000049,'48','4821','水源及供水设施工程建筑','水源及供水设施工程建筑',1),(10000376,5000049,'48','4822','河湖治理及防洪设施工程建筑','河湖治理及防洪设施工程建筑',1),(10000377,5000049,'48','4823','港口及航运设施工程建筑','港口及航运设施工程建筑',1),(10000378,5000049,'48','4830','海洋工程建筑','海洋工程建筑',1),(10000379,5000049,'48','4840','工矿工程建筑','工矿工程建筑',1),(10000380,5000049,'48','4851','架线及设备工程建筑','架线及设备工程建筑',1),(10000381,5000049,'48','4852','管道工程建筑','管道工程建筑',1),(10000382,5000049,'48','4890','其他土木工程建筑','其他土木工程建筑',1),(10000383,5000097,'49','4910','电气安装','电气安装',1),(10000384,5000097,'49','4920','管道和设备安装','管道和设备安装',1),(10000385,5000097,'49','4990','其他建筑安装业','其他建筑安装业',1),(10000386,5000050,'50','5010','建筑装饰业','建筑装饰业',1),(10000387,5000050,'50','5021','建筑物拆除活动','建筑物拆除活动',1),(10000388,5000050,'50','5029','其他工程准备活动','其他工程准备活动',1),(10000389,5000050,'50','5030','提供施工设备服务','提供施工设备服务',1),(10000390,5000050,'50','5090','其他未列明建筑业','其他未列明建筑业',1),(10000391,5000051,'51','5111','谷物、豆及薯类批发','谷物、豆及薯类批发',1),(10000392,5000051,'51','5112','种子批发','种子批发',1),(10000393,5000051,'51','5113','饲料批发','饲料批发',1),(10000394,5000051,'51','5114','棉、麻批发','棉、麻批发',1),(10000395,5000051,'51','5115','林业产品批发','林业产品批发',1),(10000396,5000051,'51','5116','牲畜批发','牲畜批发',1),(10000397,5000051,'51','5119','其他农牧产品批发','其他农牧产品批发',1),(10000398,5000051,'51','5121','米、面制品及食用油批发','米、面制品及食用油批发',1),(10000399,5000051,'51','5122','糕点、糖果及糖批发','糕点、糖果及糖批发',1),(10000400,5000051,'51','5123','果品、蔬菜批发','果品、蔬菜批发',1),(10000401,5000051,'51','5124','肉、禽、蛋、奶及水产品批发','肉、禽、蛋、奶及水产品批发',1),(10000402,5000051,'51','5125','盐及调味品批发','盐及调味品批发',1),(10000403,5000051,'51','5126','营养和保健品批发','营养和保健品批发',1),(10000404,5000051,'51','5127','酒、饮料及茶叶批发','酒、饮料及茶叶批发',1),(10000405,5000051,'51','5128','烟草制品批发','烟草制品批发',1),(10000406,5000051,'51','5129','其他食品批发','其他食品批发',1),(10000407,5000051,'51','5131','纺织品、针织品及原料批发','纺织品、针织品及原料批发',1),(10000408,5000051,'51','5132','服装批发','服装批发',1),(10000409,5000051,'51','5133','鞋帽批发','鞋帽批发',1),(10000410,5000051,'51','5134','化妆品及卫生用品批发','化妆品及卫生用品批发',1),(10000411,5000051,'51','5135','厨房、卫生间用具及日用杂货批发','厨房、卫生间用具及日用杂货批发',1),(10000412,5000051,'51','5136','灯具、装饰物品批发','灯具、装饰物品批发',1),(10000413,5000051,'51','5137','家用电器批发','家用电器批发',1),(10000414,5000051,'51','5139','其他家庭用品批发','其他家庭用品批发',1),(10000415,5000051,'51','5141','文具用品批发','文具用品批发',1),(10000416,5000051,'51','5142','体育用品及器材批发','体育用品及器材批发',1),(10000417,5000051,'51','5143','图书批发','图书批发',1),(10000418,5000051,'51','5144','报刊批发','报刊批发',1),(10000419,5000051,'51','5145','音像制品及电子出版物批发','音像制品及电子出版物批发',1),(10000420,5000051,'51','5146','首饰、工艺品及收藏品批发','首饰、工艺品及收藏品批发',1),(10000421,5000051,'51','5149','其他文化用品批发','其他文化用品批发',1),(10000422,5000051,'51','5151','西药批发','西药批发',1),(10000423,5000051,'51','5152','中药批发','中药批发',1),(10000424,5000051,'51','5153','医疗用品及器材批发','医疗用品及器材批发',1),(10000425,5000051,'51','5161','煤炭及制品批发','煤炭及制品批发',1),(10000426,5000051,'51','5162','石油及制品批发','石油及制品批发',1),(10000427,5000051,'51','5163','非金属矿及制品批发','非金属矿及制品批发',1),(10000428,5000051,'51','5164','金属及金属矿批发','金属及金属矿批发',1),(10000429,5000051,'51','5165','建材批发','建材批发',1),(10000430,5000051,'51','5166','化肥批发','化肥批发',1),(10000431,5000051,'51','5167','农药批发','农药批发',1),(10000432,5000051,'51','5168','农用薄膜批发','农用薄膜批发',1),(10000433,5000051,'51','5169','其他化工产品批发','其他化工产品批发',1),(10000434,5000051,'51','5171','农业机械批发','农业机械批发',1),(10000435,5000051,'51','5172','汽车批发','汽车批发',1),(10000436,5000051,'51','5173','汽车零配件批发','汽车零配件批发',1),(10000437,5000051,'51','5174','摩托车及零配件批发','摩托车及零配件批发',1),(10000438,5000051,'51','5175','五金产品批发','五金产品批发',1),(10000439,5000051,'51','5176','电气设备批发','电气设备批发',1),(10000440,5000051,'51','5177','计算机、软件及辅助设备批发','计算机、软件及辅助设备批发',1),(10000441,5000051,'51','5178','通讯及广播电视设备批发','通讯及广播电视设备批发',1),(10000442,5000051,'51','5179','其他机械设备及电子产品批发','其他机械设备及电子产品批发',1),(10000443,5000051,'51','5181','贸易代理','贸易代理',1),(10000444,5000051,'51','5182','拍卖','拍卖',1),(10000445,5000051,'51','5189','其他贸易经纪与代理','其他贸易经纪与代理',1),(10000446,5000051,'51','5191','再生物资回收与批发','再生物资回收与批发',1),(10000447,5000051,'51','5199','其他未列明批发业','其他未列明批发业',1),(10000448,5000052,'52','5211','百货零售','百货零售',1),(10000449,5000052,'52','5212','超级市场零售','超级市场零售',1),(10000450,5000052,'52','5219','其他综合零售','其他综合零售',1),(10000451,5000052,'52','5221','粮油零售','粮油零售',1),(10000452,5000052,'52','5222','糕点、面包零售','糕点、面包零售',1),(10000453,5000052,'52','5223','果品、蔬菜零售','果品、蔬菜零售',1),(10000454,5000035,'34','3484','机械零部件加工','机械零部件加工',1),(10000455,5000035,'34','3489','其他通用零部件制造','其他通用零部件制造',1),(10000456,5000035,'34','3490','其他通用设备制造业','其他通用设备制造业',1),(10000457,5000036,'35','3511','矿山机械制造','矿山机械制造',1),(10000458,5000036,'35','3512','石油钻采专用设备制造','石油钻采专用设备制造',1),(10000459,5000036,'35','3513','建筑工程用机械制造','建筑工程用机械制造',1),(10000460,5000036,'35','3514','海洋工程专用设备制造','海洋工程专用设备制造',1),(10000461,5000036,'35','3515','建筑材料生产专用机械制造','建筑材料生产专用机械制造',1),(10000462,5000036,'35','3516','冶金专用设备制造','冶金专用设备制造',1),(10000463,5000036,'35','3521','炼油、化工生产专用设备制造','炼油、化工生产专用设备制造',1),(10000464,5000036,'35','3522','橡胶加工专用设备制造','橡胶加工专用设备制造',1),(10000465,5000036,'35','3523','塑料加工专用设备制造','塑料加工专用设备制造',1),(10000466,5000036,'35','3524','木材加工机械制造','木材加工机械制造',1),(10000467,5000036,'35','3525','模具制造','模具制造',1),(10000468,5000036,'35','3529','其他非金属加工专用设备制造','其他非金属加工专用设备制造',1),(10000469,5000036,'35','3531','食品、酒、饮料及茶生产专用设备制造','食品、酒、饮料及茶生产专用设备制造',1),(10000470,5000036,'35','3532','农副食品加工专用设备制造','农副食品加工专用设备制造',1),(10000471,5000036,'35','3533','烟草生产专用设备制造','烟草生产专用设备制造',1),(10000472,5000036,'35','3534','饲料生产专用设备制造','饲料生产专用设备制造',1),(10000473,5000036,'35','3541','制浆和造纸专用设备制造','制浆和造纸专用设备制造',1),(10000474,5000036,'35','3542','印刷专用设备制造','印刷专用设备制造',1),(10000475,5000036,'35','3543','日用化工专用设备制造','日用化工专用设备制造',1),(10000476,5000036,'35','3544','制药专用设备制造','制药专用设备制造',1),(10000477,5000036,'35','3545','照明器具生产专用设备制造','照明器具生产专用设备制造',1),(10000478,5000036,'35','3546','玻璃、陶瓷和搪瓷制品生产专用设备制造','玻璃、陶瓷和搪瓷制品生产专用设备制造',1),(10000479,5000036,'35','3549','其他日用品生产专用设备制造','其他日用品生产专用设备制造',1),(10000480,5000036,'35','3551','纺织专用设备制造','纺织专用设备制造',1),(10000481,5000036,'35','3552','皮革、毛皮及其制品加工专用设备制造','皮革、毛皮及其制品加工专用设备制造',1),(10000482,5000036,'35','3553','缝制机械制造','缝制机械制造',1),(10000483,5000036,'35','3554','洗涤机械制造','洗涤机械制造',1),(10000484,5000036,'35','3561','电工机械专用设备制造','电工机械专用设备制造',1),(10000485,5000036,'35','3562','电子工业专用设备制造','电子工业专用设备制造',1),(10000486,5000036,'35','3571','拖拉机制造','拖拉机制造',1),(10000487,5000036,'35','3572','机械化农业及园艺机具制造','机械化农业及园艺机具制造',1),(10000488,5000036,'35','3573','营林及木竹采伐机械制造','营林及木竹采伐机械制造',1),(10000489,5000036,'35','3574','畜牧机械制造','畜牧机械制造',1),(10000490,5000036,'35','3575','渔业机械制造','渔业机械制造',1),(10000491,5000036,'35','3576','农林牧渔机械配件制造','农林牧渔机械配件制造',1),(10000492,5000036,'35','3577','棉花加工机械制造','棉花加工机械制造',1),(10000493,5000036,'35','3579','其他农、林、牧、渔业机械制造','其他农、林、牧、渔业机械制造',1),(10000494,5000036,'35','3581','医疗诊断、监护及治疗设备制造','医疗诊断、监护及治疗设备制造',1),(10000495,5000036,'35','3582','口腔科用设备及器具制造','口腔科用设备及器具制造',1),(10000496,5000036,'35','3583','医疗实验室及医用消毒设备和器具制造','医疗实验室及医用消毒设备和器具制造',1),(10000497,5000036,'35','3584','医疗、外科及兽医用器械制造','医疗、外科及兽医用器械制造',1),(10000498,5000036,'35','3585','机械治疗及病房护理设备制造','机械治疗及病房护理设备制造',1),(10000499,5000036,'35','3586','假肢、人工器官及植（介）入器械制造','假肢、人工器官及植（介）入器械制造',1),(10000500,5000036,'35','3589','其他医疗设备及器械制造','其他医疗设备及器械制造',1),(10000501,5000036,'35','3591','环境保护专用设备制造','环境保护专用设备制造',1),(10000502,5000036,'35','3592','地质勘查专用设备制造','地质勘查专用设备制造',1),(10000503,5000036,'35','3593','邮政专用机械及器材制造','邮政专用机械及器材制造',1),(10000504,5000036,'35','3594','商业、饮食、服务专用设备制造','商业、饮食、服务专用设备制造',1),(10000505,5000036,'35','3595','社会公共安全设备及器材制造','社会公共安全设备及器材制造',1),(10000506,5000036,'35','3596','交通安全、管制及类似专用设备制造','交通安全、管制及类似专用设备制造',1),(10000507,5000036,'35','3597','水资源专用机械制造','水资源专用机械制造',1),(10000508,5000036,'35','3599','其他专用设备制造','其他专用设备制造',1),(10000509,5000037,'36','3610','汽车整车制造','汽车整车制造',1),(10000510,5000037,'36','3620','改装汽车制造','改装汽车制造',1),(10000511,5000037,'36','3630','低速载货汽车制造','低速载货汽车制造',1),(10000512,5000037,'36','3640','电车制造','电车制造',1),(10000513,5000037,'36','3650','汽车车身、挂车制造','汽车车身、挂车制造',1),(10000514,5000037,'36','3660','汽车零部件及配件制造','汽车零部件及配件制造',1),(10000515,5000038,'37','3711','铁路机车车辆及动车组制造','铁路机车车辆及动车组制造',1),(10000516,5000038,'37','3712','窄轨机车车辆制造','窄轨机车车辆制造',1),(10000517,5000038,'37','3713','铁路机车车辆配件制造','铁路机车车辆配件制造',1),(10000518,5000038,'37','3714','铁路专用设备及器材、配件制造','铁路专用设备及器材、配件制造',1),(10000519,5000038,'37','3719','其他铁路运输设备制造','其他铁路运输设备制造',1),(10000520,5000038,'37','3720','城市轨道交通设备制造','城市轨道交通设备制造',1),(10000521,5000038,'37','3731','金属船舶制造','金属船舶制造',1),(10000522,5000038,'37','3732','非金属船舶制造','非金属船舶制造',1),(10000523,5000038,'37','3733','娱乐船和运动船制造','娱乐船和运动船制造',1),(10000524,5000038,'37','3734','船用配套设备制造','船用配套设备制造',1),(10000525,5000038,'37','3735','船舶改装与拆除','船舶改装与拆除',1),(10000526,5000038,'37','3739','航标器材及其他相关装置制造','航标器材及其他相关装置制造',1),(10000527,5000038,'37','3741','飞机制造','飞机制造',1),(10000528,5000038,'37','3742','航天器制造','航天器制造',1),(10000529,5000038,'37','3743','航空、航天相关设备制造','航空、航天相关设备制造',1),(10000530,5000038,'37','3749','其他航空航天器制造','其他航空航天器制造',1),(10000531,5000038,'37','3751','摩托车整车制造','摩托车整车制造',1),(10000532,5000038,'37','3752','摩托车零部件及配件制造','摩托车零部件及配件制造',1),(10000533,5000038,'37','3761','脚踏自行车及残疾人座车制造','脚踏自行车及残疾人座车制造',1),(10000534,5000038,'37','3762','助动自行车制造','助动自行车制造',1),(10000535,5000038,'37','3770','非公路休闲车及零配件制造','非公路休闲车及零配件制造',1),(10000536,5000038,'37','3791','潜水及水下救捞装备制造','潜水及水下救捞装备制造',1),(10000537,5000038,'37','3799','其他未列明运输设备制造','其他未列明运输设备制造',1),(10000538,5000039,'38','3811','发电机及发电机组制造','发电机及发电机组制造',1),(10000539,5000039,'38','3812','电动机制造','电动机制造',1),(10000540,5000039,'38','3819','微电机及其他电机制造','微电机及其他电机制造',1),(10000541,5000039,'38','3821','变压器、整流器和电感器制造','变压器、整流器和电感器制造',1),(10000542,5000039,'38','3822','电容器及其配套设备制造','电容器及其配套设备制造',1),(10000543,5000039,'38','3823','配电开关控制设备制造','配电开关控制设备制造',1),(10000544,5000039,'38','3824','电力电子元器件制造','电力电子元器件制造',1),(10000545,5000039,'38','3825','光伏设备及元器件制造','光伏设备及元器件制造',1),(10000546,5000039,'38','3829','其他输配电及控制设备制造','其他输配电及控制设备制造',1),(10000547,5000039,'38','3831','电线、电缆制造','电线、电缆制造',1),(10000548,5000039,'38','3832','光纤、光缆制造','光纤、光缆制造',1),(10000549,5000039,'38','3833','绝缘制品制造','绝缘制品制造',1),(10000550,5000039,'38','3839','其他电工器材制造','其他电工器材制造',1),(10000551,5000039,'38','3841','锂离子电池制造','锂离子电池制造',1),(10000552,5000039,'38','3842','镍氢电池制造','镍氢电池制造',1),(10000553,5000039,'38','3849','其他电池制造','其他电池制造',1),(10000554,5000039,'38','3851','家用制冷电器具制造','家用制冷电器具制造',1),(10000555,5000039,'38','3852','家用空气调节器制造','家用空气调节器制造',1),(10000556,5000039,'38','3853','家用通风电器具制造','家用通风电器具制造',1),(10000557,5000039,'38','3854','家用厨房电器具制造','家用厨房电器具制造',1),(10000558,5000039,'38','3855','家用清洁卫生电器具制造','家用清洁卫生电器具制造',1),(10000559,5000039,'38','3856','家用美容、保健电器具制造','家用美容、保健电器具制造',1),(10000560,5000039,'38','3857','家用电力器具专用配件制造','家用电力器具专用配件制造',1),(10000561,5000039,'38','3859','其他家用电力器具制造','其他家用电力器具制造',1),(10000562,5000039,'38','3861','燃气、太阳能及类似能源家用器具制造','燃气、太阳能及类似能源家用器具制造',1),(10000563,5000039,'38','3869','其他非电力家用器具制造','其他非电力家用器具制造',1),(10000564,5000039,'38','3871','电光源制造','电光源制造',1),(10000565,5000039,'38','3872','照明灯具制造','照明灯具制造',1),(10000566,5000039,'38','3879','灯用电器附件及其他照明器具制造','灯用电器附件及其他照明器具制造',1),(10000567,5000039,'38','3891','电气信号设备装置制造','电气信号设备装置制造',1),(10000568,5000039,'38','3899','其他未列明电气机械及器材制造','其他未列明电气机械及器材制造',1),(10000569,5000040,'39','3911','计算机整机制造','计算机整机制造',1),(10000570,5000040,'39','3912','计算机零部件制造','计算机零部件制造',1),(10000571,5000040,'39','3913','计算机外围设备制造','计算机外围设备制造',1),(10000572,5000040,'39','3919','其他计算机制造','其他计算机制造',1),(10000573,5000040,'39','3921','通信系统设备制造','通信系统设备制造',1),(10000574,5000040,'39','3922','通信终端设备制造','通信终端设备制造',1),(10000575,5000040,'39','3931','广播电视节目制作及发射设备制造','广播电视节目制作及发射设备制造',1),(10000576,5000040,'39','3932','广播电视接收设备及器材制造','广播电视接收设备及器材制造',1),(10000577,5000018,'17','1752','化纤织物染整精加工','化纤织物染整精加工',1),(10000578,5000018,'17','1761','针织或钩针编织物织造','针织或钩针编织物织造',1),(10000579,5000018,'17','1762','针织或钩针编织物印染精加工','针织或钩针编织物印染精加工',1),(10000580,5000018,'17','1763','针织或钩针编织品制造','针织或钩针编织品制造',1),(10000581,5000018,'17','1771','床上用品制造','床上用品制造',1),(10000582,5000018,'17','1772','毛巾类制品制造','毛巾类制品制造',1),(10000583,5000018,'17','1773','窗帘、布艺类产品制造','窗帘、布艺类产品制造',1),(10000584,5000018,'17','1779','其他家用纺织制成品制造','其他家用纺织制成品制造',1),(10000585,5000018,'17','1781','非织造布制造','非织造布制造',1),(10000586,5000018,'17','1782','绳、索、缆制造','绳、索、缆制造',1),(10000587,5000018,'17','1783','纺织带和帘子布制造','纺织带和帘子布制造',1),(10000588,5000018,'17','1784','篷、帆布制造','篷、帆布制造',1),(10000589,5000018,'17','1789','其他非家用纺织制成品制造','其他非家用纺织制成品制造',1),(10000590,5000019,'18','1810','机织服装制造','机织服装制造',1),(10000591,5000019,'18','1820','针织或钩针编织服装制造','针织或钩针编织服装制造',1),(10000592,5000019,'18','1830','服饰制造','服饰制造',1),(10000593,5000020,'19','1910','皮革鞣制加工','皮革鞣制加工',1),(10000594,5000020,'19','1921','皮革服装制造','皮革服装制造',1),(10000595,5000020,'19','1922','皮箱、包(袋)制造','皮箱、包(袋)制造',1),(10000596,5000020,'19','1923','皮手套及皮装饰制品制造','皮手套及皮装饰制品制造',1),(10000597,5000020,'19','1929','其他皮革制品制造','其他皮革制品制造',1),(10000598,5000020,'19','1931','毛皮鞣制加工','毛皮鞣制加工',1),(10000599,5000020,'19','1932','毛皮服装加工','毛皮服装加工',1),(10000600,5000020,'19','1939','其他毛皮制品加工','其他毛皮制品加工',1),(10000601,5000020,'19','1941','羽毛(绒)加工','羽毛(绒)加工',1),(10000602,5000020,'19','1942','羽毛(绒)制品加工','羽毛(绒)制品加工',1),(10000603,5000020,'19','1951','纺织面料鞋制造','纺织面料鞋制造',1),(10000604,5000020,'19','1952','皮鞋制造','皮鞋制造',1),(10000605,5000020,'19','1953','塑料鞋制造','塑料鞋制造',1),(10000606,5000020,'19','1954','橡胶鞋制造','橡胶鞋制造',1),(10000607,5000020,'19','1959','其他制鞋业','其他制鞋业',1),(10000608,5000021,'20','2011','锯材加工','锯材加工',1),(10000609,5000021,'20','2012','木片加工','木片加工',1),(10000610,5000021,'20','2013','单板加工','单板加工',1),(10000611,5000021,'20','2019','其他木材加工','其他木材加工',1),(10000612,5000021,'20','2021','胶合板制造','胶合板制造',1),(10000613,5000021,'20','2022','纤维板制造','纤维板制造',1),(10000614,5000021,'20','2023','刨花板制造','刨花板制造',1),(10000615,5000021,'20','2029','其他人造板制造','其他人造板制造',1),(10000616,5000021,'20','2031','建筑用木料及木材组件加工','建筑用木料及木材组件加工',1),(10000617,5000021,'20','2032','木门窗、楼梯制造','木门窗、楼梯制造',1),(10000618,5000021,'20','2033','地板制造','地板制造',1),(10000619,5000021,'20','2034','木制容器制造','木制容器制造',1),(10000620,5000021,'20','2039','软木制品及其他木制品制造','软木制品及其他木制品制造',1),(10000621,5000021,'20','2041','竹制品制造','竹制品制造',1),(10000622,5000021,'20','2042','藤制品制造','藤制品制造',1),(10000623,5000021,'20','2043','棕制品制造','棕制品制造',1),(10000624,5000021,'20','2049','草及其他制品制造','草及其他制品制造',1),(10000625,5000022,'21','2110','木质家具制造','木质家具制造',1),(10000626,5000022,'21','2120','竹、藤家具制造','竹、藤家具制造',1),(10000627,5000022,'21','2130','金属家具制造','金属家具制造',1),(10000628,5000022,'21','2140','塑料家具制造','塑料家具制造',1),(10000629,5000022,'21','2190','其他家具制造','其他家具制造',1),(10000630,5000023,'22','2211','木竹浆制造','木竹浆制造',1),(10000631,5000023,'22','2212','非木竹浆制造','非木竹浆制造',1),(10000632,5000023,'22','2221','机制纸及纸板制造','机制纸及纸板制造',1),(10000633,5000023,'22','2222','手工纸制造','手工纸制造',1),(10000634,5000023,'22','2223','加工纸制造','加工纸制造',1),(10000635,5000023,'22','2231','纸和纸板容器制造','纸和纸板容器制造',1),(10000636,5000023,'22','2239','其他纸制品制造','其他纸制品制造',1),(10000637,5000024,'23','2311','书、报刊印刷','书、报刊印刷',1),(10000638,5000024,'23','2312','本册印制','本册印制',1),(10000639,5000024,'23','2319','包装装潢及其他印刷','包装装潢及其他印刷',1),(10000640,5000024,'23','2320','装订及印刷相关服务','装订及印刷相关服务',1),(10000641,5000024,'23','2330','记录媒介复制','记录媒介复制',1),(10000642,5000025,'24','2411','文具制造','文具制造',1),(10000643,5000025,'24','2412','笔的制造','笔的制造',1),(10000644,5000025,'24','2413','教学用模型及教具制造','教学用模型及教具制造',1),(10000645,5000025,'24','2414','墨水、墨汁制造','墨水、墨汁制造',1),(10000646,5000025,'24','2419','其他文教办公用品制造','其他文教办公用品制造',1),(10000647,5000025,'24','2421','中乐器制造','中乐器制造',1),(10000648,5000025,'24','2422','西乐器制造','西乐器制造',1),(10000649,5000025,'24','2423','电子乐器制造','电子乐器制造',1),(10000650,5000025,'24','2429','其他乐器及零件制造','其他乐器及零件制造',1),(10000651,5000025,'24','2431','雕塑工艺品制造','雕塑工艺品制造',1),(10000652,5000025,'24','2432','金属工艺品制造','金属工艺品制造',1),(10000653,5000025,'24','2433','漆器工艺品制造','漆器工艺品制造',1),(10000654,5000025,'24','2434','花画工艺品制造','花画工艺品制造',1),(10000655,5000025,'24','2435','天然植物纤维编织工艺品制造','天然植物纤维编织工艺品制造',1),(10000656,5000025,'24','2436','抽纱刺绣工艺品制造','抽纱刺绣工艺品制造',1),(10000657,5000025,'24','2437','地毯、挂毯制造','地毯、挂毯制造',1),(10000658,5000025,'24','2438','珠宝首饰及有关物品制造','珠宝首饰及有关物品制造',1),(10000659,5000025,'24','2439','其他工艺美术品制造','其他工艺美术品制造',1),(10000660,5000025,'24','2441','球类制造','球类制造',1),(10000661,5000025,'24','2442','体育器材及配件制造','体育器材及配件制造',1),(10000662,5000025,'24','2443','训练健身器材制造','训练健身器材制造',1),(10000663,5000025,'24','2444','运动防护用具制造','运动防护用具制造',1),(10000664,5000025,'24','2449','其他体育用品制造','其他体育用品制造',1),(10000665,5000025,'24','2450','玩具制造','玩具制造',1),(10000666,5000025,'24','2461','露天游乐场所游乐设备制造','露天游乐场所游乐设备制造',1),(10000667,5000025,'24','2462','游艺用品及室内游艺器材制造','游艺用品及室内游艺器材制造',1),(10000668,5000025,'24','2469','其他娱乐用品制造','其他娱乐用品制造',1),(10000669,5000026,'25','2511','原油加工及石油制品制造','原油加工及石油制品制造',1),(10000670,5000026,'25','2512','人造原油制造','人造原油制造',1),(10000671,5000026,'25','2520','炼焦','炼焦',1),(10000672,5000026,'25','2530','核燃料加工','核燃料加工',1),(10000673,5000027,'26','2611','无机酸制造','无机酸制造',1),(10000674,5000027,'26','2612','无机碱制造','无机碱制造',1),(10000675,5000027,'26','2613','无机盐制造','无机盐制造',1),(10000676,5000027,'26','2614','有机化学原料制造','有机化学原料制造',1),(10000677,5000027,'26','2619','其他基础化学原料制造','其他基础化学原料制造',1),(10000678,5000027,'26','2621','氮肥制造','氮肥制造',1),(10000679,5000027,'26','2622','磷肥制造','磷肥制造',1),(10000680,5000027,'26','2623','钾肥制造','钾肥制造',1),(10000681,5000027,'26','2624','复混肥料制造','复混肥料制造',1),(10000682,5000027,'26','2625','有机肥料及微生物肥料制造','有机肥料及微生物肥料制造',1),(10000683,5000027,'26','2629','其他肥料制造','其他肥料制造',1),(10000684,5000027,'26','2631','化学农药制造','化学农药制造',1),(10000685,5000027,'26','2632','生物化学农药及微生物农药制造','生物化学农药及微生物农药制造',1),(10000686,5000027,'26','2641','涂料制造','涂料制造',1),(10000687,5000027,'26','2642','油墨及类似产品制造','油墨及类似产品制造',1),(10000688,5000027,'26','2643','颜料制造','颜料制造',1),(10000689,5000027,'26','2644','染料制造','染料制造',1),(10000690,5000027,'26','2645','密封用填料及类似品制造','密封用填料及类似品制造',1),(10000691,5000027,'26','2651','初级形态塑料及合成树脂制造','初级形态塑料及合成树脂制造',1),(10000692,5000027,'26','2652','合成橡胶制造','合成橡胶制造',1),(10000693,5000027,'26','2653','合成纤维单(聚合)体制造','合成纤维单(聚合)体制造',1),(10000694,5000027,'26','2659','其他合成材料制造','其他合成材料制造',1),(10000695,5000027,'26','2661','化学试剂和助剂制造','化学试剂和助剂制造',1),(10000696,5000027,'26','2662','专项化学用品制造','专项化学用品制造',1),(10000697,5000027,'26','2663','林产化学产品制造','林产化学产品制造',1),(10000698,5000027,'26','2664','信息化学品制造','信息化学品制造',1),(10000699,5000027,'26','2665','环境污染处理专用药剂材料制造','环境污染处理专用药剂材料制造',1),(10000700,5000027,'26','2666','动物胶制造','动物胶制造',1),(10000701,5000027,'26','2669','其他专用化学产品制造','其他专用化学产品制造',1),(10000702,5000027,'26','2671','炸药及火工产品制造','炸药及火工产品制造',1),(10000703,5000027,'26','2672','焰火、鞭炮产品制造','焰火、鞭炮产品制造',1),(10000704,5000027,'26','2681','肥皂及合成洗涤剂制造','肥皂及合成洗涤剂制造',1),(10000705,5000027,'26','2682','化妆品制造','化妆品制造',1),(10000706,5000027,'26','2683','口腔清洁用品制造','口腔清洁用品制造',1),(10000707,5000027,'26','2684','香料、香精制造','香料、香精制造',1),(10000708,5000027,'26','2689','其他日用化学产品制造','其他日用化学产品制造',1),(10000709,5000028,'27','2710','化学药品原料药制造','化学药品原料药制造',1),(10000710,5000028,'27','2720','化学药品制剂制造','化学药品制剂制造',1),(10000711,5000028,'27','2730','中药饮片加工','中药饮片加工',1),(10000712,5000028,'27','2740','中成药生产','中成药生产',1),(10000713,5000028,'27','2750','兽用药品制造','兽用药品制造',1),(10000714,5000028,'27','2760','生物药品制造','生物药品制造',1),(10000715,5000028,'27','2770','卫生材料及医药用品制造','卫生材料及医药用品制造',1),(10000716,5000029,'28','2811','化纤浆粕制造','化纤浆粕制造',1),(10000717,5000029,'28','2812','人造纤维（纤维素纤维）制造','人造纤维（纤维素纤维）制造',1),(10000718,5000029,'28','2821','锦纶纤维制造','锦纶纤维制造',1),(10000719,5000029,'28','2822','涤纶纤维制造','涤纶纤维制造',1),(10000720,5000029,'28','2823','腈纶纤维制造','腈纶纤维制造',1),(10000721,5000029,'28','2824','维纶纤维制造','维纶纤维制造',1),(10000722,5000029,'28','2825','丙纶纤维制造','丙纶纤维制造',1),(10000723,5000029,'28','2826','氨纶纤维制造','氨纶纤维制造',1),(10000724,5000029,'28','2829','其他合成纤维制造','其他合成纤维制造',1),(10000725,5000030,'29','2911','轮胎制造','轮胎制造',1),(10000726,5000030,'29','2912','橡胶板、管、带制造','橡胶板、管、带制造',1),(10000727,5000030,'29','2913','橡胶零件制造','橡胶零件制造',1),(10000728,5000071,'71','7121','娱乐及体育设备出租','娱乐及体育设备出租',1),(10000729,5000071,'71','7122','图书出租','图书出租',1),(10000730,5000071,'71','7123','音像制品出租','音像制品出租',1),(10000731,5000071,'71','7129','其他文化及日用品出租','其他文化及日用品出租',1),(10000732,5000072,'72','7211','企业总部管理','企业总部管理',1),(10000733,5000072,'72','7212','投资与资产管理','投资与资产管理',1),(10000734,5000072,'72','7213','单位后勤管理服务','单位后勤管理服务',1),(10000735,5000072,'72','7219','其他企业管理服务','其他企业管理服务',1),(10000736,5000072,'72','7221','律师及相关法律服务','律师及相关法律服务',1),(10000737,5000072,'72','7222','公证服务','公证服务',1),(10000738,5000072,'72','7229','其他法律服务','其他法律服务',1),(10000739,5000072,'72','7231','会计、审计及税务服务','会计、审计及税务服务',1),(10000740,5000072,'72','7232','市场调查','市场调查',1),(10000741,5000072,'72','7233','社会经济咨询','社会经济咨询',1),(10000742,5000072,'72','7239','其他专业咨询','其他专业咨询',1),(10000743,5000072,'72','7240','广告业','广告业',1),(10000744,5000072,'72','7250','知识产权服务','知识产权服务',1),(10000745,5000072,'72','7261','公共就业服务','公共就业服务',1),(10000746,5000072,'72','7262','职业中介服务','职业中介服务',1),(10000747,5000072,'72','7263','劳务派遣服务','劳务派遣服务',1),(10000748,5000072,'72','7269','其他人力资源服务','其他人力资源服务',1),(10000749,5000072,'72','7271','旅行社服务','旅行社服务',1),(10000750,5000072,'72','7272','旅游管理服务','旅游管理服务',1),(10000751,5000072,'72','7279','其他旅行社相关服务','其他旅行社相关服务',1),(10000752,5000072,'72','7281','安全服务','安全服务',1),(10000753,5000072,'72','7282','安全系统监控服务','安全系统监控服务',1),(10000754,5000072,'72','7289','其他安全保护服务','其他安全保护服务',1),(10000755,5000072,'72','7291','市场管理','市场管理',1),(10000756,5000072,'72','7292','会议及展览服务','会议及展览服务',1),(10000757,5000072,'72','7293','包装服务','包装服务',1),(10000758,5000072,'72','7294','办公服务','办公服务',1),(10000759,5000072,'72','7295','信用服务','信用服务',1),(10000760,5000072,'72','7296','担保服务','担保服务',1),(10000761,5000072,'72','7299','其他未列明商务服务业','其他未列明商务服务业',1),(10000762,5000073,'73','7310','自然科学研究和试验发展','自然科学研究和试验发展',1),(10000763,5000073,'73','7320','工程和技术研究和试验发展','工程和技术研究和试验发展',1),(10000764,5000073,'73','7330','农业科学研究和试验发展','农业科学研究和试验发展',1),(10000765,5000073,'73','7340','医学研究和试验发展','医学研究和试验发展',1),(10000766,5000073,'73','7350','社会人文科学研究','社会人文科学研究',1),(10000767,5000074,'74','7410','气象服务','气象服务',1),(10000768,5000074,'74','7420','地震服务','地震服务',1),(10000769,5000074,'74','7430','海洋服务','海洋服务',1),(10000770,5000074,'74','7440','测绘服务','测绘服务',1),(10000771,5000074,'74','7450','质检技术服务','质检技术服务',1),(10000772,5000074,'74','7461','环境保护监测','环境保护监测',1),(10000773,5000074,'74','7462','生态监测','生态监测',1),(10000774,5000074,'74','7471','能源矿产地质勘查','能源矿产地质勘查',1),(10000775,5000074,'74','7472','固体矿产地质勘查','固体矿产地质勘查',1),(10000776,5000074,'74','7473','水、二氧化碳等矿产地质勘查','水、二氧化碳等矿产地质勘查',1),(10000777,5000074,'74','7474','基础地质勘查','基础地质勘查',1),(10000778,5000074,'74','7475','地质勘查技术服务','地质勘查技术服务',1),(10000779,5000074,'74','7481','工程管理服务','工程管理服务',1),(10000780,5000074,'74','7482','工程勘察设计','工程勘察设计',1),(10000781,5000074,'74','7483','规划管理','规划管理',1),(10000782,5000074,'74','7491','专业化设计服务','专业化设计服务',1),(10000783,5000074,'74','7492','摄影扩印服务','摄影扩印服务',1),(10000784,5000074,'74','7493','兽医服务','兽医服务',1),(10000785,5000074,'74','7499','其他未列明专业技术服务业','其他未列明专业技术服务业',1),(10000786,5000075,'75','7511','农业技术推广服务','农业技术推广服务',1),(10000787,5000075,'75','7512','生物技术推广服务','生物技术推广服务',1),(10000788,5000075,'75','7513','新材料技术推广服务','新材料技术推广服务',1),(10000789,5000075,'75','7514','节能技术推广服务','节能技术推广服务',1),(10000790,5000075,'75','7519','其他技术推广服务','其他技术推广服务',1),(10000791,5000075,'75','7520','科技中介服务','科技中介服务',1),(10000792,5000075,'75','7590','其他科技推广和应用服务业','其他科技推广和应用服务业',1),(10000793,5000076,'76','7610','防洪除涝设施管理','防洪除涝设施管理',1),(10000794,5000076,'76','7620','水资源管理','水资源管理',1),(10000795,5000076,'76','7630','天然水收集与分配','天然水收集与分配',1),(10000796,5000076,'76','7640','水文服务','水文服务',1),(10000797,5000076,'76','7690','其他水利管理业','其他水利管理业',1),(10000798,5000077,'77','7711','自然保护区管理','自然保护区管理',1),(10000799,5000077,'77','7712','野生动物保护','野生动物保护',1),(10000800,5000077,'77','7713','野生植物保护','野生植物保护',1),(10000801,5000077,'77','7719','其他自然保护','其他自然保护',1),(10000802,5000077,'77','7721','水污染治理','水污染治理',1),(10000803,5000077,'77','7722','大气污染治理','大气污染治理',1),(10000804,5000077,'77','7723','固体废物治理','固体废物治理',1),(10000805,5000077,'77','7724','危险废物治理','危险废物治理',1),(10000806,5000077,'77','7725','放射性废物治理','放射性废物治理',1),(10000807,5000077,'77','7729','其他污染治理','其他污染治理',1),(10000808,5000078,'78','7810','市政设施管理','市政设施管理',1),(10000809,5000078,'78','7820','环境卫生管理','环境卫生管理',1),(10000810,5000078,'78','7830','城乡市容管理','城乡市容管理',1),(10000811,5000078,'78','7840','绿化管理','绿化管理',1),(10000812,5000078,'78','7851','公园管理','公园管理',1),(10000813,5000078,'78','7852','游览景区管理','游览景区管理',1),(10000814,5000079,'79','7910','家庭服务','家庭服务',1),(10000815,5000079,'79','7920','托儿所服务','托儿所服务',1),(10000816,5000079,'79','7930','洗染服务','洗染服务',1),(10000817,5000079,'79','7940','理发及美容服务','理发及美容服务',1),(10000818,5000079,'79','7950','洗浴服务','洗浴服务',1),(10000819,5000079,'79','7960','保健服务','保健服务',1),(10000820,5000079,'79','7970','婚姻服务','婚姻服务',1),(10000821,5000079,'79','7980','殡葬服务','殡葬服务',1),(10000822,5000079,'79','7990','其他居民服务业','其他居民服务业',1),(10000823,5000080,'80','8011','汽车修理与维护','汽车修理与维护',1),(10000824,5000080,'80','8012','摩托车修理与维护','摩托车修理与维护',1),(10000825,5000080,'80','8021','计算机和辅助设备修理','计算机和辅助设备修理',1),(10000826,5000080,'80','8022','通讯设备修理','通讯设备修理',1),(10000827,5000080,'80','8029','其他办公设备维修','其他办公设备维修',1),(10000828,5000080,'80','8031','家用电子产品修理','家用电子产品修理',1),(10000829,5000080,'80','8032','日用电器修理','日用电器修理',1),(10000830,5000080,'80','8091','自行车修理','自行车修理',1),(10000831,5000080,'80','8092','鞋和皮革修理','鞋和皮革修理',1),(10000832,5000080,'80','8093','家具和相关物品修理','家具和相关物品修理',1),(10000833,5000080,'80','8099','其他未列明日用产品修理业','其他未列明日用产品修理业',1),(10000834,5000081,'81','8111','建筑物清洁服务','建筑物清洁服务',1),(10000835,5000081,'81','8119','其他清洁服务','其他清洁服务',1),(10000836,5000081,'81','8190','其他未列明服务业','其他未列明服务业',1),(10000837,5000082,'82','8210','学前教育','学前教育',1),(10000838,5000082,'82','8221','普通小学教育','普通小学教育',1),(10000839,5000082,'82','8222','成人小学教育','成人小学教育',1),(10000840,5000082,'82','8231','普通初中教育','普通初中教育',1),(10000841,5000082,'82','8232','职业初中教育','职业初中教育',1),(10000842,5000082,'82','8233','成人初中教育','成人初中教育',1),(10000843,5000082,'82','8234','普通高中教育','普通高中教育',1),(10000844,5000082,'82','8235','成人高中教育','成人高中教育',1),(10000845,5000082,'82','8236','中等职业学校教育','中等职业学校教育',1),(10000846,5000082,'82','8241','普通高等教育','普通高等教育',1),(10000847,5000082,'82','8242','成人高等教育','成人高等教育',1),(10000848,5000082,'82','8250','特殊教育','特殊教育',1),(10000849,5000082,'82','8291','职业技能培训','职业技能培训',1),(10000850,5000082,'82','8292','体校及体育培训','体校及体育培训',1),(10000851,5000082,'82','8293','文化艺术培训','文化艺术培训',1),(10000852,5000082,'82','8294','教育辅助服务','教育辅助服务',1),(10000853,5000082,'82','8299','其他未列明教育','其他未列明教育',1),(10000854,5000083,'83','8311','综合医院','综合医院',1),(10000855,5000083,'83','8312','中医医院','中医医院',1),(10000856,5000083,'83','8313','中西医结合医院','中西医结合医院',1),(10000857,5000083,'83','8314','民族医院','民族医院',1),(10000858,5000083,'83','8315','专科医院','专科医院',1),(10000859,5000083,'83','8316','疗养院','疗养院',1),(10000860,5000083,'83','8321','社区卫生服务中心（站）','社区卫生服务中心（站）',1),(10000861,5000083,'83','8322','街道卫生院','街道卫生院',1),(10000862,5000083,'83','8323','乡镇卫生院','乡镇卫生院',1),(10000863,5000083,'83','8330','门诊部（所）','门诊部（所）',1),(10000864,5000083,'83','8340','计划生育技术服务活动','计划生育技术服务活动',1),(10000865,5000083,'83','8350','妇幼保健院（所、站）','妇幼保健院（所、站）',1),(10000866,5000083,'83','8360','专科疾病防治院（所、站）','专科疾病防治院（所、站）',1),(10000867,5000083,'83','8370','疾病预防控制中心','疾病预防控制中心',1),(10000868,5000083,'83','8390','其他卫生活动','其他卫生活动',1),(10000869,5000084,'84','8411','干部休养所','干部休养所',1),(10000870,5000084,'84','8412','护理机构服务','护理机构服务',1),(10000871,5000084,'84','8413','精神康复服务','精神康复服务',1),(10000872,5000084,'84','8414','老年人、残疾人养护服务','老年人、残疾人养护服务',1),(10000873,5000084,'84','8415','孤残儿童收养和庇护服务','孤残儿童收养和庇护服务',1),(10000874,5000084,'84','8419','其他提供住宿社会救助','其他提供住宿社会救助',1),(10000875,5000084,'84','8421','社会看护与帮助服务','社会看护与帮助服务',1),(10000876,5000084,'84','8429','其他不提供住宿社会工作','其他不提供住宿社会工作',1),(10000877,5000085,'85','8510','新闻业','新闻业',1),(10000878,5000085,'85','8521','图书出版','图书出版',1),(10000879,5000085,'85','8522','报纸出版','报纸出版',1),(10000880,5000085,'85','8523','期刊出版','期刊出版',1),(10000881,5000085,'85','8524','音像制品出版','音像制品出版',1),(10000882,5000085,'85','8525','电子出版物出版','电子出版物出版',1),(10000883,5000085,'85','8529','其他出版业','其他出版业',1),(10000884,5000086,'86','8610','广播','广播',1),(10000885,5000086,'86','8620','电视','电视',1),(10000886,5000086,'86','8630','电影和影视节目制作','电影和影视节目制作',1),(10000887,5000086,'86','8640','电影和影视节目发行','电影和影视节目发行',1),(10000888,5000086,'86','8650','电影放映','电影放映',1),(10000889,5000086,'86','8660','录音制作','录音制作',1),(10000890,5000087,'87','8710','文艺创作与表演','文艺创作与表演',1),(10000891,5000087,'87','8720','艺术表演场馆','艺术表演场馆',1),(10000892,5000087,'87','8731','图书馆','图书馆',1),(10000893,5000087,'87','8732','档案馆','档案馆',1),(10000894,5000087,'87','8740','文物及非物质文化遗产保护','文物及非物质文化遗产保护',1),(10000895,5000087,'87','8750','博物馆','博物馆',1),(10000896,5000087,'87','8760','烈士陵园、纪念馆','烈士陵园、纪念馆',1),(10000897,5000087,'87','8770','群众文化活动','群众文化活动',1),(10000898,5000087,'87','8790','其他文化艺术业','其他文化艺术业',1),(10000899,5000088,'88','8810','体育组织','体育组织',1),(10000900,5000088,'88','8820','体育场馆','体育场馆',1),(10000901,5000088,'88','8830','休闲健身活动','休闲健身活动',1),(10000902,5000088,'88','8890','其他体育','其他体育',1),(10000903,5000089,'89','8911','歌舞厅娱乐活动','歌舞厅娱乐活动',1),(10000904,5000089,'89','8912','电子游艺厅娱乐活动','电子游艺厅娱乐活动',1),(10000905,5000089,'89','8913','网吧活动','网吧活动',1),(10000906,5000089,'89','8919','其他室内娱乐活动','其他室内娱乐活动',1),(10000907,5000089,'89','8920','游乐园','游乐园',1),(10000908,5000089,'89','8930','彩票活动','彩票活动',1),(10000909,5000089,'89','8941','文化娱乐经纪人','文化娱乐经纪人',1),(10000910,5000089,'89','8942','体育经纪人','体育经纪人',1),(10000911,5000089,'89','8949','其他文化艺术经纪代理','其他文化艺术经纪代理',1),(10000912,5000089,'89','8990','其他娱乐业','其他娱乐业',1),(10000913,5000090,'90','9000','中国共产党机关','中国共产党机关',1),(10000914,5000091,'91','9110','国家权力机构','国家权力机构',1),(10000915,5000091,'91','9121','综合事务管理机构','综合事务管理机构',1),(10000916,5000091,'91','9122','对外事务管理机构','对外事务管理机构',1),(10000917,5000091,'91','9123','公共安全管理机构','公共安全管理机构',1),(10000918,5000091,'91','9124','社会事务管理机构','社会事务管理机构',1),(10000919,5000091,'91','9125','经济事务管理机构','经济事务管理机构',1),(10000920,5000091,'91','9126','行政监督检查机构','行政监督检查机构',1),(10000921,5000091,'91','9131','人民法院','人民法院',1),(10000922,5000091,'91','9132','人民检察院','人民检察院',1),(10000923,5000091,'91','9190','其他国家机构','其他国家机构',1),(10000924,5000092,'92','9210','人民政协','人民政协',1),(10000925,5000092,'92','9220','民主党派','民主党派',1),(10000926,5000093,'93','9300','社会保障','社会保障',1),(10000927,5000094,'94','9411','工会','工会',1),(10000928,5000094,'94','9412','妇联','妇联',1),(10000929,5000094,'94','9413','共青团','共青团',1),(10000930,5000094,'94','9419','其他群众团体','其他群众团体',1),(10000931,5000094,'94','9421','专业性团体','专业性团体',1),(10000932,5000094,'94','9422','行业性团体','行业性团体',1),(10000933,5000094,'94','9429','其他社会团体','其他社会团体',1),(10000934,5000094,'94','9430','基金会','基金会',1),(10000935,5000094,'94','9440','宗教组织','宗教组织',1),(10000936,5000095,'95','9510','社区自治组织','社区自治组织',1),(10000937,5000095,'95','9520','村民自治组织','村民自治组织',1),(10000938,5000096,'96','9600','国际组织','国际组织',1),(10000939,5000052,'52','5224','肉、禽、蛋、奶及水产品零售','肉、禽、蛋、奶及水产品零售',1),(10000940,5000052,'52','5225','营养和保健品零售','营养和保健品零售',1),(10000941,5000052,'52','5226','酒、饮料及茶叶零售','酒、饮料及茶叶零售',1),(10000942,5000052,'52','5227','烟草制品零售','烟草制品零售',1),(10000943,5000052,'52','5229','其他食品零售','其他食品零售',1),(10000944,5000052,'52','5231','纺织品及针织品零售','纺织品及针织品零售',1),(10000945,5000052,'52','5232','服装零售','服装零售',1),(10000946,5000052,'52','5233','鞋帽零售','鞋帽零售',1),(10000947,5000052,'52','5234','化妆品及卫生用品零售','化妆品及卫生用品零售',1),(10000948,5000052,'52','5235','钟表、眼镜零售','钟表、眼镜零售',1),(10000949,5000052,'52','5236','箱、包零售','箱、包零售',1),(10000950,5000052,'52','5237','厨房用具及日用杂品零售','厨房用具及日用杂品零售',1),(10000951,5000052,'52','5238','自行车零售','自行车零售',1),(10000952,5000052,'52','5239','其他日用品零售','其他日用品零售',1),(10000953,5000052,'52','5241','文具用品零售','文具用品零售',1),(10000954,5000052,'52','5242','体育用品及器材零售','体育用品及器材零售',1),(10000955,5000052,'52','5243','图书、报刊零售','图书、报刊零售',1),(10000956,5000052,'52','5244','音像制品及电子出版物零售','音像制品及电子出版物零售',1),(10000957,5000052,'52','5245','珠宝首饰零售','珠宝首饰零售',1),(10000958,5000052,'52','5246','工艺美术品及收藏品零售','工艺美术品及收藏品零售',1),(10000959,5000052,'52','5247','乐器零售','乐器零售',1),(10000960,5000052,'52','5248','照相器材零售','照相器材零售',1),(10000961,5000052,'52','5249','其他文化用品零售','其他文化用品零售',1),(10000962,5000052,'52','5251','药品零售','药品零售',1),(10000963,5000052,'52','5252','医疗用品及器材零售','医疗用品及器材零售',1),(10000964,5000052,'52','5261','汽车零售','汽车零售',1),(10000965,5000052,'52','5262','汽车零配件零售','汽车零配件零售',1),(10000966,5000052,'52','5263','摩托车及零配件零售','摩托车及零配件零售',1),(10000967,5000052,'52','5264','机动车燃料零售','机动车燃料零售',1),(10000968,5000052,'52','5271','家用视听设备零售','家用视听设备零售',1),(10000969,5000052,'52','5272','日用家电设备零售','日用家电设备零售',1),(10000970,5000052,'52','5273','计算机、软件及辅助设备零售','计算机、软件及辅助设备零售',1),(10000971,5000052,'52','5274','通信设备零售','通信设备零售',1),(10000972,5000052,'52','5279','其他电子产品零售','其他电子产品零售',1),(10000973,5000052,'52','5281','五金零售','五金零售',1),(10000974,5000052,'52','5282','灯具零售','灯具零售',1),(10000975,5000052,'52','5283','家具零售','家具零售',1),(10000976,5000052,'52','5284','涂料零售','涂料零售',1),(10000977,5000052,'52','5285','卫生洁具零售','卫生洁具零售',1),(10000978,5000052,'52','5286','木质装饰材料零售','木质装饰材料零售',1),(10000979,5000052,'52','5287','陶瓷、石材装饰材料零售','陶瓷、石材装饰材料零售',1),(10000980,5000052,'52','5289','其他室内装饰材料零售','其他室内装饰材料零售',1),(10000981,5000052,'52','5291','货摊食品零售','货摊食品零售',1),(10000982,5000052,'52','5292','货摊纺织、服装及鞋零售','货摊纺织、服装及鞋零售',1),(10000983,5000052,'52','5293','货摊日用品零售','货摊日用品零售',1),(10000984,5000052,'52','5294','互联网零售','互联网零售',1),(10000985,5000052,'52','5295','邮购及电视、电话零售','邮购及电视、电话零售',1),(10000986,5000052,'52','5296','旧货零售','旧货零售',1),(10000987,5000052,'52','5297','生活用燃料零售','生活用燃料零售',1),(10000988,5000052,'52','5299','其他未列明零售业','其他未列明零售业',1),(10000989,5000053,'53','5310','铁路旅客运输','铁路旅客运输',1),(10000990,5000053,'53','5320','铁路货物运输','铁路货物运输',1),(10000991,5000053,'53','5331','客运火车站','客运火车站',1),(10000992,5000053,'53','5332','货运火车站','货运火车站',1),(10000993,5000053,'53','5339','其他铁路运输辅助活动','其他铁路运输辅助活动',1),(10000994,5000054,'54','5411','公共电汽车客运','公共电汽车客运',1),(10000995,5000054,'54','5412','城市轨道交通','城市轨道交通',1),(10000996,5000054,'54','5413','出租车客运','出租车客运',1),(10000997,5000054,'54','5419','其他城市公共交通运输','其他城市公共交通运输',1),(10000998,5000054,'54','5420','公路旅客运输','公路旅客运输',1),(10000999,5000054,'54','5430','道路货物运输','道路货物运输',1),(10001000,5000054,'54','5441','客运汽车站','客运汽车站',1),(10001001,5000054,'54','5442','公路管理与养护','公路管理与养护',1),(10001002,5000054,'54','5449','其他道路运输辅助活动','其他道路运输辅助活动',1),(10001003,5000055,'55','5511','海洋旅客运输','海洋旅客运输',1),(10001004,5000055,'55','5512','内河旅客运输','内河旅客运输',1),(10001005,5000055,'55','5513','客运轮渡运输','客运轮渡运输',1),(10001006,5000055,'55','5521','远洋货物运输','远洋货物运输',1),(10001007,5000055,'55','5522','沿海货物运输','沿海货物运输',1),(10001008,5000055,'55','5523','内河货物运输','内河货物运输',1),(10001009,5000055,'55','5531','客运港口','客运港口',1),(10001010,5000055,'55','5532','货运港口','货运港口',1),(10001011,5000055,'55','5539','其他水上运输辅助活动','其他水上运输辅助活动',1),(10001012,5000056,'56','5611','航空旅客运输','航空旅客运输',1),(10001013,5000056,'56','5612','航空货物运输','航空货物运输',1),(10001014,5000056,'56','5620','通用航空服务','通用航空服务',1),(10001015,5000056,'56','5631','机场','机场',1),(10001016,5000056,'56','5632','空中交通管理','空中交通管理',1),(10001017,5000056,'56','5639','其他航空运输辅助活动','其他航空运输辅助活动',1),(10001018,5000057,'57','5700','管道运输业','管道运输业',1),(10001019,5000058,'58','5810','装卸搬运','装卸搬运',1),(10001020,5000058,'58','5821','货物运输代理','货物运输代理',1),(10001021,5000058,'58','5822','旅客票务代理','旅客票务代理',1),(10001022,5000058,'58','5829','其他运输代理业','其他运输代理业',1),(10001023,5000059,'59','5911','谷物仓储','谷物仓储',1),(10001024,5000059,'59','5912','棉花仓储','棉花仓储',1),(10001025,5000059,'59','5919','其他农产品仓储','其他农产品仓储',1),(10001026,5000059,'59','5990','其他仓储业','其他仓储业',1),(10001027,5000060,'60','6010','邮政基本服务','邮政基本服务',1),(10001028,5000060,'60','6020','快递服务','快递服务',1),(10001029,5000061,'61','6110','旅游饭店','旅游饭店',1),(10001030,5000061,'61','6120','一般旅馆','一般旅馆',1),(10001031,5000061,'61','6190','其他住宿业','其他住宿业',1),(10001032,5000062,'62','6210','正餐服务','正餐服务',1),(10001033,5000062,'62','6220','快餐服务','快餐服务',1),(10001034,5000062,'62','6231','茶馆服务','茶馆服务',1),(10001035,5000062,'62','6232','咖啡馆服务','咖啡馆服务',1),(10001036,5000062,'62','6233','酒吧服务','酒吧服务',1),(10001037,5000062,'62','6239','其他饮料及冷饮服务','其他饮料及冷饮服务',1),(10001038,5000062,'62','6291','小吃服务','小吃服务',1),(10001039,5000062,'62','6292','餐饮配送服务','餐饮配送服务',1),(10001040,5000062,'62','6299','其他未列明餐饮业','其他未列明餐饮业',1),(10001041,5000063,'63','6311','固定电信服务','固定电信服务',1),(10001042,5000063,'63','6312','移动电信服务','移动电信服务',1),(10001043,5000063,'63','6319','其他电信服务','其他电信服务',1),(10001044,5000063,'63','6321','有线广播电视传输服务','有线广播电视传输服务',1),(10001045,5000063,'63','6322','无线广播电视传输服务','无线广播电视传输服务',1),(10001046,5000063,'63','6330','卫星传输服务','卫星传输服务',1),(10001047,5000064,'64','6410','互联网接入及相关服务','互联网接入及相关服务',1),(10001048,5000064,'64','6420','互联网信息服务','互联网信息服务',1),(10001049,5000064,'64','6490','其他互联网服务','其他互联网服务',1),(10001050,5000065,'65','6510','软件开发','软件开发',1),(10001051,5000065,'65','6520','信息系统集成服务','信息系统集成服务',1),(10001052,5000065,'65','6530','信息技术咨询服务','信息技术咨询服务',1),(10001053,5000065,'65','6540','数据处理和存储服务','数据处理和存储服务',1),(10001054,5000065,'65','6550','集成电路设计','集成电路设计',1),(10001055,5000065,'65','6591','数字内容服务','数字内容服务',1),(10001056,5000065,'65','6592','呼叫中心','呼叫中心',1),(10001057,5000065,'65','6599','其他未列明信息技术服务业','其他未列明信息技术服务业',1),(10001058,5000066,'66','6610','中央银行服务','中央银行服务',1),(10001059,5000066,'66','6620','货币银行服务','货币银行服务',1),(10001060,5000066,'66','6631','金融租赁服务','金融租赁服务',1),(10001061,5000066,'66','6632','财务公司','财务公司',1),(10001062,5000066,'66','6633','典当','典当',1),(10001063,5000066,'66','6639','其他非货币银行服务','其他非货币银行服务',1),(10001064,5000066,'66','6640','银行监管服务','银行监管服务',1),(10001065,5000067,'67','6711','证券市场管理服务','证券市场管理服务',1),(10001066,5000067,'67','6712','证券经纪交易服务','证券经纪交易服务',1),(10001067,5000067,'67','6713','基金管理服务','基金管理服务',1),(10001068,5000067,'67','6721','期货市场管理服务','期货市场管理服务',1),(10001069,5000067,'67','6729','其他期货市场服务','其他期货市场服务',1),(10001070,5000067,'67','6730','证券期货监管服务','证券期货监管服务',1),(10001071,5000067,'67','6740','资本投资服务','资本投资服务',1),(10001072,5000067,'67','6790','其他资本市场服务','其他资本市场服务',1),(10001073,5000068,'68','6811','人寿保险','人寿保险',1),(10001074,5000068,'68','6812','健康和意外保险','健康和意外保险',1),(10001075,5000068,'68','6820','财产保险','财产保险',1),(10001076,5000068,'68','6830','再保险','再保险',1),(10001077,5000068,'68','6840','养老金','养老金',1),(10001078,5000068,'68','6850','保险经纪与代理服务','保险经纪与代理服务',1),(10001079,5000068,'68','6860','保险监管服务','保险监管服务',1),(10001080,5000068,'68','6891','风险和损失评估','风险和损失评估',1),(10001081,5000068,'68','6899','其他未列明保险活动','其他未列明保险活动',1),(10001082,5000069,'69','6910','金融信托与管理服务','金融信托与管理服务',1),(10001083,5000069,'69','6920','控股公司服务','控股公司服务',1),(10001084,5000069,'69','6930','非金融机构支付服务','非金融机构支付服务',1),(10001085,5000069,'69','6940','金融信息服务','金融信息服务',1),(10001086,5000069,'69','6990','其他未列明金融业','其他未列明金融业',1),(10001087,5000070,'70','7010','房地产开发经营','房地产开发经营',1),(10001088,5000070,'70','7020','物业管理','物业管理',1),(10001089,5000070,'70','7030','房地产中介服务','房地产中介服务',1),(10001090,5000070,'70','7040','自有房地产经营活动','自有房地产经营活动',1),(10001091,5000070,'70','7090','其他房地产业','其他房地产业',1),(10001092,5000071,'71','7111','汽车租赁','汽车租赁',1),(10001093,5000071,'71','7112','农业机械租赁','农业机械租赁',1),(10001094,5000071,'71','7113','建筑工程机械与设备租赁','建筑工程机械与设备租赁',1),(10001095,5000071,'71','7114','计算机及通讯设备租赁','计算机及通讯设备租赁',1),(10001096,5000071,'71','7119','其他机械与设备租赁','其他机械与设备租赁',1);

/*Table structure for table `skq_pmsz` */

DROP TABLE IF EXISTS `skq_pmsz`;

CREATE TABLE `skq_pmsz` (
  `id` int(10) unsigned NOT NULL AUTO_INCREMENT,
  `SZBM` varchar(10) DEFAULT NULL COMMENT '税种编码',
  `SMBM` varchar(10) DEFAULT NULL COMMENT '税目编码',
  `SMMC` varchar(100) DEFAULT NULL COMMENT '税目名称',
  `SMJC` varchar(20) DEFAULT NULL COMMENT '税目简称',
  `SL` decimal(16,2) DEFAULT NULL COMMENT '税率',
  `SMSY` int(11) DEFAULT NULL COMMENT '税目索引',
  `FPBM` varchar(100) DEFAULT NULL COMMENT '票种编码',
  `HDKPBL` int(11) DEFAULT NULL COMMENT '核定户开票限额比例',
  `CZKPXE` decimal(16,2) DEFAULT NULL COMMENT '查账征收户开票限额',
  `CEZS` int(11) DEFAULT NULL COMMENT '是否差额征收',
  `STATUS` int(11) DEFAULT NULL COMMENT '状态',
  PRIMARY KEY (`id`),
  KEY `idx_pbbm` (`SMBM`,`SZBM`)
) ENGINE=MyISAM AUTO_INCREMENT=55000058 DEFAULT CHARSET=utf8 CHECKSUM=1 DELAY_KEY_WRITE=1 ROW_FORMAT=DYNAMIC;

/*Data for the table `skq_pmsz` */

insert  into `skq_pmsz`(`id`,`SZBM`,`SMBM`,`SMMC`,`SMJC`,`SL`,`SMSY`,`FPBM`,`HDKPBL`,`CZKPXE`,`CEZS`,`STATUS`) values (1,'03','03011100','代驾服务','代驾服务','3.00',1,'TJ0008',100,'2000000.00',0,1),(2,'03','03011200','道路运输','道路运输','3.00',2,'TJ0008',0,'2000000.00',0,1),(3,'03','03011210','其中：公路货物运输','公路货物运输','3.00',3,' ',0,'0.00',0,0),(4,'03','03011300','管道运输','管道运输','3.00',4,' ',0,'0.00',0,0),(5,'03','03011400','水路运输','水路运输','3.00',5,' ',0,'0.00',0,0),(6,'03','03011410','其中：内河货物运输','内河货物运输','3.00',6,' ',0,'0.00',0,0),(7,'03','03011500','航空运输','航空运输','3.00',7,' ',0,'0.00',0,0),(8,'03','03011600','装卸搬运','装卸搬运','3.00',8,'TJ0008',100,'2000000.00',0,1),(9,'03','03012000','仓储','仓储','5.00',9,'TJ0008',100,'2000000.00',0,1),(10,'03','03013000','邮政','邮政','3.00',10,' ',0,'0.00',0,0),(11,'03','03020000','建筑业','建筑','3.00',11,'TJ0063',100,'8000000.00',0,1),(12,'03','03020100','建筑安装','建筑安装','3.00',12,'TJ0063',100,'8000000.00',0,1),(13,'03','03020200','房屋和土木工程建筑业','房屋和土木工程建筑业','3.00',13,'TJ0063',100,'8000000.00',0,1),(14,'03','03020300','建筑装饰业','建筑装饰业','3.00',14,'TJ0063',100,'8000000.00',0,1),(15,'03','03020400','其他建筑业','其他建筑业','3.00',15,'TJ0063',100,'8000000.00',0,1),(16,'03','03030100','银行','银行','5.00',16,' ',0,'0.00',0,0),(17,'03','03030200','保险','保险','5.00',17,' ',0,'0.00',0,0),(18,'03','03030210','交强险','交强险','5.00',18,' ',0,'0.00',0,0),(19,'03','03030300','证券','证券','3.00',19,' ',0,'0.00',0,0),(20,'03','03030400','其他金融','其他金融','3.00',20,'TJ0008',100,'2000000.00',0,1),(21,'03','03030410','其中:金融租赁','其中:金融租赁','5.00',21,' ',0,'0.00',0,0),(22,'03','03030420','其中:邮政储蓄','其中:邮政储蓄','5.00',22,' ',0,'0.00',0,0),(23,'03','03040000','文化体育业','文化体育','3.00',23,'TJ0008',100,'2000000.00',0,1),(24,'03','03050000','代理费','代理费','5.00',24,'TJ0008',100,'2000000.00',0,1),(25,'03','03060000','餐饮','餐饮','5.00',25,'TJ0047',100,'2000000.00',0,1),(26,'03','03070100','住宿','住宿','5.00',26,'TJ0047',100,'2000000.00',0,1),(27,'03','03070200','租赁','租赁','5.00',27,'TJ0008',200,'2000000.00',0,1),(28,'03','03070300','旅游','旅游','5.00',28,'TJ0008',100,'2000000.00',0,1),(29,'03','03070400','歌舞厅（门票20元/人以下）','门票20元以下歌舞厅','5.00',29,'TJ0047',100,'2000000.00',0,1),(30,'03','03070500','广告','广告','5.00',30,'TJ0008',100,'2000000.00',0,1),(31,'03','03070600','公共交通','公共交通','3.00',31,' ',0,'0.00',0,0),(32,'03','03070700','转让无形资产','转让无形资产','5.00',32,' ',0,'0.00',0,0),(33,'03','03070800','其他服务','其他服务','5.00',33,'TJ0008',100,'2000000.00',0,1),(34,'03','03070900','其他商务服务','商务服务','5.00',34,'TJ0008',100,'2000000.00',0,1),(35,'03','03071400','歌舞厅（门票20元/人以上）','门票20元以上歌舞厅','5.00',35,'TJ0047',100,'2000000.00',0,1),(36,'03','03072400','音乐茶座','音乐茶座','5.00',36,'TJ0047',100,'2000000.00',0,1),(37,'03','03073400','台球','台  球','5.00',37,' ',0,'0.00',0,0),(38,'03','03074400','高尔夫球','高尔夫球','10.00',38,' ',0,'0.00',0,0),(39,'03','03075400','保龄球','保龄球','5.00',39,' ',0,'0.00',0,0),(40,'03','03076400','游艺','游  艺','5.00',40,' ',0,'0.00',0,0),(41,'03','03077400','其它娱乐','其它娱乐','10.00',41,'TJ0047',100,'2000000.00',0,1),(42,'03','03078400','电子游戏','电子游戏','5.00',42,' ',0,'0.00',0,0),(43,'03','03080100','销售不动产','销售不动产','5.00',43,'TJ0065',100,'30000000.00',0,1),(44,'03','03080200','转让土地使用权','转让土地使用权','5.00',44,' ',0,'0.00',0,0),(45,'03','03080300','房屋租赁','房屋租赁','5.00',45,'TJ0008',100,'2000000.00',0,1),(46,'03','03090000','其他行业','其他服务','5.00',46,' ',0,'0.00',0,0),(47,'03','03100101','电信','电  信','3.00',47,' ',0,'0.00',0,0),(48,'03','03100102','互联网信息服务','互联网信息服务','3.00',48,' ',0,'0.00',0,0),(49,'03','03100103','广播电视传输服务','广播电视传输服务','3.00',49,' ',0,'0.00',0,0),(50,'03','03100200','计算机服务','计算机服务','3.00',50,'TJ0008',100,'2000000.00',0,1),(51,'03','03100300','软件业','软件业','3.00',51,'TJ0008',100,'2000000.00',0,1),(52,'03','03110000','教育','教育','3.00',52,'TJ0008',100,'2000000.00',0,1),(53,'03','03120000','卫生','卫生','5.00',53,' ',0,'0.00',0,0),(54,'03','03999700','没收非法所得','没收非法所得','100.00',54,' ',0,'0.00',0,0),(55,'03','03999800','违章罚款','违章罚款','100.00',55,' ',0,'0.00',0,0),(56,'03','03999900','加收滞纳金','加收滞纳金','0.05',56,' ',0,'0.00',0,0),(5000002,'03','03014000','其它','其它','5.00',57,'TJ0047',100,'2000000.00',0,1),(55000057,'03','03000709','足浴服务','足浴服务','5.00',58,NULL,0,'0.00',0,1);

/*Table structure for table `skq_zclx` */

DROP TABLE IF EXISTS `skq_zclx`;

CREATE TABLE `skq_zclx` (
  `id` int(10) unsigned NOT NULL AUTO_INCREMENT,
  `ZCLXBM` varchar(20) DEFAULT NULL COMMENT '注册类型编码',
  `ZCLXMC` varchar(100) DEFAULT NULL COMMENT '注册类型名称',
  `ZCLXJC` varchar(50) DEFAULT NULL COMMENT '注册类型简称',
  `STATUS` int(11) DEFAULT NULL COMMENT '状态',
  PRIMARY KEY (`id`),
  KEY `idx_zclxbm` (`ZCLXBM`)
) ENGINE=MyISAM AUTO_INCREMENT=5000070 DEFAULT CHARSET=utf8 CHECKSUM=1 DELAY_KEY_WRITE=1 ROW_FORMAT=DYNAMIC;

/*Data for the table `skq_zclx` */

insert  into `skq_zclx`(`id`,`ZCLXBM`,`ZCLXMC`,`ZCLXJC`,`STATUS`) values (5000002,'100','内资企业','内资企业',1),(5000003,'110','国有企业','国有企业',1),(5000004,'120','集体企业','集体企业',1),(5000005,'130','股份合作企业','股份合作企业',1),(5000006,'140','联营企业','联营企业',1),(5000007,'141','国有联营企业','国有联营企业',1),(5000008,'142','集体联营企业','集体联营企业',1),(5000009,'143','国有与集体联营企业','国有与集体联营企业',1),(5000010,'149','其他联营企业','其他联营企业',1),(5000011,'150','有限责任公司','有限责任公司',1),(5000012,'151','国有独资公司','国有独资公司',1),(5000013,'159','其他有限责任公司','其他有限责任公司',1),(5000014,'160','股份有限公司','股份有限公司',1),(5000015,'170','私营企业','私营企业',1),(5000016,'171','私营独资企业','私营独资企业',1),(5000017,'172','私营合伙企业','私营合伙企业',1),(5000018,'173','私营有限责任公司','私营有限责任公司',1),(5000019,'174','私营股份有限公司','私营股份有限公司',1),(5000020,'175','个人合伙企业','个人合伙企业',1),(5000021,'190','其他内资企业','其他内资企业',1),(5000022,'200','港、澳、台商投资企业','港、澳、台商投资企业',1),(5000023,'210','合资经营企业（港或澳、台资）','合资经营企业（港或澳、台资）',1),(5000024,'220','合作经营企业（港或澳、台资）','合作经营企业（港或澳、台资）',1),(5000025,'230','港、澳、台商独资经营企业','港、澳、台商独资经营企业',1),(5000026,'240','港、澳、台商投资股份有限公司','港、澳、台商投资股份有限公司',1),(5000027,'250','港、澳、台商企业常驻代表机构及其他','港、澳、台商企业常驻代表机构及其他',1),(5000028,'251','港、澳、台商企业常驻代表机构','港、澳、台商企业常驻代表机构',1),(5000029,'252','港、澳、台商提供劳务、承包工程作业企业','港、澳、台商提供劳务、承包工程作业企业',1),(5000030,'253','缴纳预提所得税的企业','缴纳预提所得税的企业',1),(5000031,'254','港、澳、台商国际运输企业','港、澳、台商国际运输企业',1),(5000032,'259','港、澳、台商其他企业','港、澳、台商其他企业',1),(5000033,'300','外商投资企业和外国企业','外商投资企业和外国企业',1),(5000034,'310','中外合资经营企业','中外合资经营企业',1),(5000035,'320','中外合作经营企业','中外合作经营企业',1),(5000036,'330','外资企业','外资企业',1),(5000037,'340','外商投资股份有限公司','外商投资股份有限公司',1),(5000038,'350','外国企业','外国企业',1),(5000039,'351','外国企业常驻代表机构','外国企业常驻代表机构',1),(5000040,'352','提供劳务、承包工程作业企业','提供劳务、承包工程作业企业',1),(5000041,'353','缴纳预提所得税的企业','缴纳预提所得税的企业',1),(5000042,'354','国际运输企业','国际运输企业',1),(5000043,'359','其他外国企业','其他外国企业',1),(5000044,'400','个体经营','个体经营',1),(5000045,'410','个体工商户','个体工商户',1),(5000046,'420','个人合伙','个人合伙',1),(5000047,'430','个人','个人',1),(5000048,'431','中国内地居民','中国内地居民',1),(5000049,'432','香港、澳门、台湾人士','香港、澳门、台湾人士',1),(5000050,'433','外籍人员','外籍人员',1),(5000051,'500','非企业单位','非企业单位',1),(5000052,'510','事业单位','事业单位',1),(5000053,'520','民办非企业单位','民办非企业单位',1),(5000054,'521','民办非企业单位（法人）','民办非企业单位（法人）',1),(5000055,'522','民办非企业单位（合伙）','民办非企业单位（合伙）',1),(5000056,'523','民办非企业单位（个人）','民办非企业单位（个人）',1),(5000057,'530','国家机关','国家机关',1),(5000058,'540','政党机关','政党机关',1),(5000059,'550','社会团体','社会团体',1),(5000060,'560','基层群众自治组织','基层群众自治组织',1),(5000061,'176','个人独资企业','个人独资企业',1),(5000062,'421','内资合伙','内资合伙',1),(5000063,'177','个人合伙企业','个人合伙企业',1),(5000064,'411','内资个体','内资个体',1),(5000065,'423','外资合伙','外资合伙',1),(5000066,'413','外资个体','外资个体',1),(5000067,'412','港澳台个体','港澳台个体',1),(5000068,'422','港澳台合伙','港澳台合伙',1),(5000069,'900','其他','其他',1);

/*!40101 SET SQL_MODE=@OLD_SQL_MODE */;
/*!40014 SET FOREIGN_KEY_CHECKS=@OLD_FOREIGN_KEY_CHECKS */;
/*!40014 SET UNIQUE_CHECKS=@OLD_UNIQUE_CHECKS */;
/*!40111 SET SQL_NOTES=@OLD_SQL_NOTES */;
