/*
SQLyog 企业版 - MySQL GUI v8.14 
MySQL - 5.5.20 : Database - zjjtour
*********************************************************************
*/

/*!40101 SET NAMES utf8 */;

/*!40101 SET SQL_MODE=''*/;

/*!40014 SET @OLD_UNIQUE_CHECKS=@@UNIQUE_CHECKS, UNIQUE_CHECKS=0 */;
/*!40014 SET @OLD_FOREIGN_KEY_CHECKS=@@FOREIGN_KEY_CHECKS, FOREIGN_KEY_CHECKS=0 */;
/*!40101 SET @OLD_SQL_MODE=@@SQL_MODE, SQL_MODE='NO_AUTO_VALUE_ON_ZERO' */;
/*!40111 SET @OLD_SQL_NOTES=@@SQL_NOTES, SQL_NOTES=0 */;
CREATE DATABASE /*!32312 IF NOT EXISTS*/`zjjtour` /*!40100 DEFAULT CHARACTER SET utf8 */;

USE `zjjtour`;

/*Table structure for table `bq_news` */

DROP TABLE IF EXISTS `bq_news`;

CREATE TABLE `bq_news` (
  `id` int(10) unsigned NOT NULL AUTO_INCREMENT,
  `bq_id` int(11) DEFAULT NULL,
  `news_id` int(11) DEFAULT NULL,
  PRIMARY KEY (`id`)
) ENGINE=InnoDB AUTO_INCREMENT=52 DEFAULT CHARSET=utf8;

/*Data for the table `bq_news` */

insert  into `bq_news`(`id`,`bq_id`,`news_id`) values (31,1063,61),(32,1063,58),(33,1063,48),(34,1066,36),(35,1066,34),(36,1066,62),(37,1068,68),(38,1068,67),(39,1068,66),(40,1073,72),(41,1073,70),(42,1073,69),(43,1077,75),(44,1077,74),(45,1077,73),(46,1078,78),(47,1078,77),(48,1078,76),(49,1079,81),(50,1079,80),(51,1079,79);

/*Table structure for table `member` */

DROP TABLE IF EXISTS `member`;

CREATE TABLE `member` (
  `id` int(11) unsigned NOT NULL AUTO_INCREMENT,
  `nickname` varchar(50) DEFAULT NULL COMMENT '会员名称',
  `email` varchar(50) DEFAULT NULL COMMENT '邮箱',
  `mobile` varchar(50) DEFAULT NULL COMMENT '手机',
  `realname` varchar(50) DEFAULT NULL COMMENT '真实姓名',
  `sex` varchar(10) DEFAULT NULL COMMENT '性别',
  `status` int(11) DEFAULT NULL COMMENT '启用标志',
  `ctime` datetime DEFAULT NULL COMMENT '创建时间',
  `memberpwd` varchar(100) DEFAULT NULL,
  PRIMARY KEY (`id`)
) ENGINE=InnoDB AUTO_INCREMENT=6 DEFAULT CHARSET=utf8;

/*Data for the table `member` */

insert  into `member`(`id`,`nickname`,`email`,`mobile`,`realname`,`sex`,`status`,`ctime`,`memberpwd`) values (2,'gepp2010','1@qq.com','123','葛萍萍','1',1,'2016-01-15 11:16:59','c4ca4238a0b923820dcc509a6f75849b'),(4,'gepp2011','1@qq.com','1','1','1',1,'2016-01-15 11:24:07','c4ca4238a0b923820dcc509a6f75849b'),(5,'gepp2012','1@qq.com','12','123','1',1,'2016-01-15 11:24:17','c4ca4238a0b923820dcc509a6f75849b');

/*Table structure for table `member_activity` */

DROP TABLE IF EXISTS `member_activity`;

CREATE TABLE `member_activity` (
  `id` int(10) unsigned NOT NULL AUTO_INCREMENT,
  `title` varchar(100) DEFAULT NULL COMMENT '活动标题',
  `litter_title` varchar(100) DEFAULT NULL,
  `content` text COMMENT '通告内容',
  `userid` int(11) DEFAULT NULL COMMENT '用户id',
  `activity_status` int(11) DEFAULT NULL COMMENT '活动状态全部、未开始、进行中、已结束',
  `status` int(11) DEFAULT NULL COMMENT '是否启用',
  `ctime` datetime DEFAULT NULL COMMENT '创建时间',
  `smallimg` varchar(200) DEFAULT NULL COMMENT '缩略图',
  `indeximg` varchar(200) DEFAULT NULL COMMENT '首页图',
  `url` varchar(200) DEFAULT NULL COMMENT 'url',
  `orderlist` int(11) DEFAULT NULL COMMENT '排序',
  `abstract_content` varchar(200) DEFAULT NULL COMMENT '摘要',
  `join_type` varchar(10) DEFAULT NULL COMMENT '0会员 1全部',
  `index_status` varchar(10) DEFAULT NULL COMMENT '是否首页',
  `top_status` varchar(10) DEFAULT NULL COMMENT '是否置顶',
  `jump_type` varchar(10) DEFAULT NULL COMMENT '0页面 1页外',
  `menu_id` int(11) DEFAULT NULL,
  `review_status` varchar(5) DEFAULT NULL COMMENT '0未处理 1通过 2 失败',
  `review_userid` int(11) DEFAULT NULL,
  `review_time` datetime DEFAULT NULL,
  `review_reason` varchar(200) DEFAULT NULL,
  `support_status` varchar(10) DEFAULT NULL COMMENT '是否支持报名',
  `start_time` datetime DEFAULT NULL COMMENT '开始时间',
  `end_time` datetime DEFAULT NULL COMMENT '截止时间',
  `usercount` int(11) DEFAULT NULL,
  PRIMARY KEY (`id`)
) ENGINE=InnoDB AUTO_INCREMENT=7 DEFAULT CHARSET=utf8;

/*Data for the table `member_activity` */

insert  into `member_activity`(`id`,`title`,`litter_title`,`content`,`userid`,`activity_status`,`status`,`ctime`,`smallimg`,`indeximg`,`url`,`orderlist`,`abstract_content`,`join_type`,`index_status`,`top_status`,`jump_type`,`menu_id`,`review_status`,`review_userid`,`review_time`,`review_reason`,`support_status`,`start_time`,`end_time`,`usercount`) values (1,'第四届世界翼装飞行锦标赛','第四届世界翼装飞行锦标赛','<p class=\"eventsdaytxt\" style=\"font-size:medium;font-family:\'Microsoft YaHei\';color:#333333;text-indent:2em;\">\r\n	活动时间：<span class=\"eventsday\" style=\"font-size:16px;color:#039FEB;\">2015年10月16日-18日</span> \r\n</p>\r\n<p style=\"font-size:medium;font-family:\'Microsoft YaHei\';color:#666666;text-indent:2em;\">\r\n	<br />\r\n</p>\r\n<p style=\"font-size:medium;font-family:\'Microsoft YaHei\';color:#666666;text-indent:2em;\">\r\n	<a href=\"http://www.travelzjj.com/active/\" target=\"_blank\" class=\"keywords\">活动</a>介绍：：10月16日-18日代表全球翼装飞行运动最高水平的2015第四届翼装飞行世锦赛将于在<a href=\"http://www.travelzjj.com/\" target=\"_blank\" class=\"keywords\">张家界</a><a href=\"http://www.travelzjj.com/panorama/detail/1071.html\" target=\"_blank\" class=\"keywords\">天门山</a>举办。届时，由预选赛产生的来自全球12个国家16位顶级“翼装侠”将聚在一起挑战空中无动力翼装飞行的竞速极限，角逐最快翼装侠。\r\n</p>\r\n<p style=\"font-size:medium;font-family:\'Microsoft YaHei\';color:#666666;text-indent:2em;\">\r\n	<br />\r\n</p>\r\n<p style=\"font-size:medium;font-family:\'Microsoft YaHei\';color:#666666;text-indent:2em;\">\r\n	<strong>两两PK 生死竞速</strong> \r\n</p>\r\n<p style=\"font-size:medium;font-family:\'Microsoft YaHei\';color:#666666;text-indent:2em;\">\r\n	<br />\r\n</p>\r\n<p style=\"font-size:medium;font-family:\'Microsoft YaHei\';color:#666666;text-indent:2em;\">\r\n	翼装飞行世锦赛已经是第四次在张家界天门山举行。这里保存着完整的原始次森林，古树参天、藤蔓缠绕，被誉为人间仙境，也成为冒险家和挑战者的天堂。\r\n</p>\r\n<p style=\"font-size:medium;font-family:\'Microsoft YaHei\';color:#666666;text-indent:2em;\">\r\n	<br />\r\n</p>\r\n<p style=\"font-size:medium;font-family:\'Microsoft YaHei\';color:#666666;text-indent:2em;\">\r\n	据世界翼装联盟介绍，2015第四届翼装飞行世界锦标赛仍将采用两人同时出发PK的赛制，比赛的赛道仍为直道。从海拔约1400米的张家界天门山高点跃下，竞速赛道飞行距离长达2公里，垂直落差1100米，参赛选手将在约40秒至50秒左右的时间里完成比赛，最高时速可达200公里/小时(第三届翼装飞行世锦赛选手最快成绩为23秒284)。比赛在比拼速度的同时，也考验选手处理复杂自然环境能力，需要全面的飞行技术以及胆量。\r\n</p>\r\n<p style=\"font-size:medium;font-family:\'Microsoft YaHei\';color:#666666;text-indent:2em;\">\r\n	<br />\r\n</p>\r\n<p style=\"font-size:medium;font-family:\'Microsoft YaHei\';color:#666666;text-indent:2em;\">\r\n	<strong>玩命挑战 高手迭出</strong> \r\n</p>\r\n<p style=\"font-size:medium;font-family:\'Microsoft YaHei\';color:#666666;text-indent:2em;\">\r\n	<br />\r\n</p>\r\n<p style=\"font-size:medium;font-family:\'Microsoft YaHei\';color:#666666;text-indent:2em;\">\r\n	翼装飞行是人类无动力飞行的极限。由于飞行高度低，运动的危险性和难度极大，全球只有大约500人尝试，而真正称得上是翼装运动员的不到一百人。尤其是高山挑战，对翼装侠分析和掌控云层、风力等飞行条件的能力有着苛刻的要求，任何细节上的失误，都有可能让挑战者殒命山崖。因此，翼装飞行世锦赛对参赛选手设置的门槛极高。\r\n</p>\r\n<p style=\"font-size:medium;font-family:\'Microsoft YaHei\';color:#666666;text-indent:2em;\">\r\n	<br />\r\n</p>\r\n<p style=\"font-size:medium;font-family:\'Microsoft YaHei\';color:#666666;text-indent:2em;\">\r\n	世界翼装联盟主席伊罗曾表示：“不是买了翼装等装备就能飞了，参赛之前选手首先需要高空跳伞几百次，完成后才能进行低空飞行，再进行数百次的循环练习，到最终成为翼装飞行员，是一个漫长的积累过程。”以连续三年参加翼装飞行世锦赛的南非翼装侠朱力安·布勒为例，他有13年低空跳伞经验，经历了约15000次跳伞，1700次低空跳伞和超过2000次从飞机或固定建筑上起跳的翼装飞行经历。他参加过三次翼装飞行世锦赛，并在2012年和2014年摘得两届冠军。\r\n</p>\r\n<p style=\"font-size:medium;font-family:\'Microsoft YaHei\';color:#666666;text-indent:2em;\">\r\n	<br />\r\n</p>\r\n<p style=\"font-size:medium;font-family:\'Microsoft YaHei\';color:#666666;text-indent:2em;\">\r\n	随着世界翼装飞行运动的发展，越来越多的年轻好手涌现，来自斯洛文尼亚的黑马卢卡·弗南杰里克、曾参加去年第三届翼装世锦赛的美国选手卡尔森·克莱恩、来自荷兰的\"新人”亚诺·科迪亚在翼装飞行世锦赛预选赛中均展露出了惊人的实力。其中，卢卡·弗南杰里克更在海拔1300米落差中飞出了26秒337的成绩，夺得预选赛冠军。\r\n</p>\r\n<p style=\"font-size:medium;font-family:\'Microsoft YaHei\';color:#666666;text-indent:2em;\">\r\n	<br />\r\n</p>\r\n<p style=\"font-size:medium;font-family:\'Microsoft YaHei\';color:#666666;text-indent:2em;\">\r\n	来自克罗地亚的罗伯特·佩兹尼克是年龄最大的选手，也是优秀的翼装飞行服首席设计师。他15岁开始练习跳伞并尝试修补跳伞飞行服，在定点跳伞17年中，完成定点跳伞1540次，翼装飞行950次。今年参加世锦赛，他有个朴素的愿望，那就是希望所有运动员都能健康平安地回家。\r\n</p>\r\n<p style=\"font-size:medium;font-family:\'Microsoft YaHei\';color:#666666;text-indent:2em;\">\r\n	<br />\r\n</p>\r\n<p style=\"font-size:medium;font-family:\'Microsoft YaHei\';color:#666666;text-indent:2em;\">\r\n	<strong>中国“翼装侠”现身</strong> \r\n</p>\r\n<p style=\"font-size:medium;font-family:\'Microsoft YaHei\';color:#666666;text-indent:2em;\">\r\n	<br />\r\n</p>\r\n<p style=\"font-size:medium;font-family:\'Microsoft YaHei\';color:#666666;text-indent:2em;\">\r\n	翼装飞行世锦赛创办于2012年，尽管到今年连续四年举办以来还没有中国的翼装飞行运动员参与到正式比赛中，但已经在中国爱挑战的勇士们心中埋下种子。\r\n</p>\r\n<p style=\"font-size:medium;font-family:\'Microsoft YaHei\';color:#666666;text-indent:2em;\">\r\n	<br />\r\n</p>\r\n<p style=\"font-size:medium;font-family:\'Microsoft YaHei\';color:#666666;text-indent:2em;\">\r\n	继今年4月成功挑战8100米无氧翼装飞行世界纪录后，被称为“亚洲翼装第一人”的中国翼装运动员张树鹏将在10月14-15日择机进行翼装飞行表演，在天门山挑战全新线路，同时为2015第四届红牛翼装飞行世锦赛揭幕。\r\n</p>',1,2,0,'2016-01-15 14:45:11','/zjjtour-admin/attached/image/20160220/20160220144937_677.jpg','/zjjtour-admin/attached/image/20160220/20160220144942_67.jpg','444',2,'10月16日-18日代表全球翼装飞行运动最高水平的2015第四届翼装飞行世锦赛将于在张家界天门山举办。届时，由预选赛产生的来自全球12个国家16位顶级“翼装侠”将聚在一起挑战空中无动力翼装飞行的竞速极限，角逐最快翼装侠。','0','1','0','0',NULL,'1',1,'2016-01-15 15:27:28','adfsd','1','2016-01-04 00:00:00','2016-02-05 00:00:00',1),(2,'张家界“欢乐潇湘”系列活动','张家界“欢乐潇湘”系列活动','<p class=\"eventsdaytxt\" style=\"font-size:medium;font-family:\'Microsoft YaHei\';color:#333333;text-indent:2em;\">\r\n	活动时间：<span class=\"eventsday\" style=\"font-size:16px;color:#039FEB;\">2015年4月1日-10月31日</span> \r\n</p>\r\n<p style=\"font-size:medium;font-family:\'Microsoft YaHei\';color:#666666;text-indent:2em;\">\r\n	<br />\r\n</p>\r\n<p style=\"font-size:medium;font-family:\'Microsoft YaHei\';color:#666666;text-indent:2em;\">\r\n	<a href=\"http://www.travelzjj.com/active/\" target=\"_blank\" class=\"keywords\">活动</a>介绍：<span style=\"line-height:1.5;\"></span><span style=\"line-height:1.5;\">6月9日，从<a href=\"http://www.travelzjj.com/\" target=\"_blank\" class=\"keywords\">张家界</a>召开的2015年“欢乐潇湘”系列活动推进会上获悉，各项突出地域特色与亮点的活动正如火如荼开展。</span> \r\n</p>\r\n<p style=\"font-size:medium;font-family:\'Microsoft YaHei\';color:#666666;text-indent:2em;\">\r\n	<span style=\"line-height:1.5;\"><br />\r\n</span> \r\n</p>\r\n<p style=\"font-size:medium;font-family:\'Microsoft YaHei\';color:#666666;text-indent:2em;\">\r\n	<span style=\"line-height:1.5;\">为展示群众文艺成果、丰富群众文化生活，张家界“欢乐潇湘”系列活动从4月开始至10月底结束，以“文化广场”为中心，以“我们的中国梦·世界的张家界”为主题，组织开展群众美术、书法、摄影创作展览评比活动，展现张家界民俗文化、大山大水文化、红色文化和农耕文化等，将独特的文化视角与旅游发展有效结合，助力“提质张家界·打造升级版”。</span> \r\n</p>\r\n<p style=\"font-size:medium;font-family:\'Microsoft YaHei\';color:#666666;text-indent:2em;\">\r\n	<span style=\"line-height:1.5;\"><br />\r\n</span> \r\n</p>\r\n<p style=\"font-size:medium;font-family:\'Microsoft YaHei\';color:#666666;text-indent:2em;\">\r\n	<span style=\"line-height:1.5;\">目前，张家界已完成“欢乐潇湘”群众美术、书法、摄影活动部分作品的收集工作，“三湘群星奖”、“三湘群文之星”的选拔与申报，创作出了《土家农耕歌》、永定<a href=\"http://www.travelzjj.com/panorama/detail/1121.html\" target=\"_blank\" class=\"keywords\">摆手舞</a>《舍巴耶》、<a href=\"http://www.travelzjj.com/panorama/detail/1120.html\" target=\"_blank\" class=\"keywords\">桑植民歌</a>《九岭十八岗》、慈利《打硪舞》等多首“张家界本土原创广场舞”优秀曲目。</span> \r\n</p>\r\n<p style=\"font-size:medium;font-family:\'Microsoft YaHei\';color:#666666;text-indent:2em;\">\r\n	<span style=\"line-height:1.5;\"><br />\r\n</span> \r\n</p>\r\n<p style=\"font-size:medium;font-family:\'Microsoft YaHei\';color:#666666;text-indent:2em;\">\r\n	举办单位：省委宣传部、省文化厅、省文联等联合举办\r\n</p>',1,1,1,'2016-01-15 15:00:59','/zjjtour-admin/attached/image/20160220/20160220142312_428.jpg','/zjjtour-admin/attached/image/20160220/20160220144812_480.jpg',NULL,NULL,'6月9日，从张家界召开的2015年“欢乐潇湘”系列活动推进会上获悉，各项突出地域特色与亮点的活动正如火如荼开展。','0','1','1','1',NULL,'1',1,'2016-01-28 22:06:08','123','1','2016-01-04 00:00:00','2016-01-29 00:00:00',3),(4,'“心动瞬间 微爱相伴”7月邂逅张家界','“心动瞬间 微爱相伴”7月邂逅张家界','<p class=\"eventsdaytxt\" style=\"font-size:medium;font-family:\'Microsoft YaHei\';color:#333333;text-indent:2em;\">\r\n	活动时间：<span class=\"eventsday\" style=\"font-size:16px;color:#039FEB;\">2015年6月26日-7月31日</span> \r\n</p>\r\n<p style=\"font-size:medium;font-family:\'Microsoft YaHei\';color:#666666;text-indent:2em;\">\r\n	<br />\r\n</p>\r\n<p style=\"font-size:medium;font-family:\'Microsoft YaHei\';color:#666666;text-indent:2em;\">\r\n	<span style=\"line-height:1.5;\"><a href=\"http://www.travelzjj.com/active/\" target=\"_blank\" class=\"keywords\">活动</a>介绍：旅行是爱情的试金石，即将在湘西这块神秘而秀美的土地展开的特别寻爱之旅，不仅仅是简单相亲而已。男女嘉宾必须经过多次趣向随机选择配对成约会搭档，每次配对要双方或集体共同完成一些指定任务方可配对成功。大家在选择搭档、挑战任务的过程中增进了解，但，在挑战的过程中会擦出什么样的火花，就只有在节目现场才能得知了。</span><span style=\"line-height:1.5;\">《心动瞬间》现面向全国优质单身男女发出粉色邀请，食宿费用全免，更有机会免费周游全国不同的景点，体验真实版的“在风景中恋爱”。</span> \r\n</p>\r\n<p style=\"font-size:medium;font-family:\'Microsoft YaHei\';color:#666666;text-indent:2em;\">\r\n	<span style=\"line-height:1.5;\"><br />\r\n</span> \r\n</p>\r\n<p style=\"font-size:medium;font-family:\'Microsoft YaHei\';color:#666666;text-indent:2em;\">\r\n	<span style=\"line-height:1.5;\">举办单位：湖南日报报业集团、华声在线主办</span> \r\n</p>',1,0,1,'2016-02-20 15:02:09','/zjjtour-admin/attached/image/20160220/20160220150146_390.jpg','/zjjtour-admin/attached/image/20160220/20160220150228_654.jpg',NULL,3,'旅行是爱情的试金石，即将在湘西这块神秘而秀美的土地展开的特别寻爱之旅，不仅仅是简单相亲而已。','1','0','0','0',NULL,'1',1,'2016-02-20 15:02:14','','0','2016-02-20 00:00:00','2016-03-31 00:00:00',0),(5,' “2015’写意中国”在张家界拉开序幕',' “2015’写意中国”在张家界拉开序幕','<p class=\"eventsdaytxt\" style=\"font-size:medium;font-family:\'Microsoft YaHei\';color:#333333;text-indent:2em;\">\r\n	活动时间：<span class=\"eventsday\" style=\"font-size:16px;color:#039FEB;\">2015年4月11日-4月21日</span>\r\n</p>\r\n<p style=\"font-size:medium;font-family:\'Microsoft YaHei\';color:#666666;text-indent:2em;\">\r\n	<br />\r\n</p>\r\n<p style=\"font-size:medium;font-family:\'Microsoft YaHei\';color:#666666;text-indent:2em;\">\r\n	<a href=\"http://www.travelzjj.com/active/\" target=\"_blank\" class=\"keywords\">活动</a>介绍：油画艺术作为西风东渐的文化精神产物，从泊来、生根，而至成为现当代中国与传统并行的绘画艺术，已走过百余年历史。目前它已深深扎根中国文化和精神土壤之中，一部中国100余年油画史走过了油画的故乡-欧洲，自文艺复兴起约500年的历史沧桑，从“以欧为师”到文化自觉，中国的油画在民族性、现当代性和个性的探索和创造活动中，部分有志的油画家们在“写意油画”的探索中，日渐成为一个自觉而有为的艺术分流，在此背景下“写意油画”的概念顺势而出。\r\n</p>\r\n<p style=\"font-size:medium;font-family:\'Microsoft YaHei\';color:#666666;text-indent:2em;\">\r\n	<br />\r\n</p>\r\n<p style=\"font-size:medium;font-family:\'Microsoft YaHei\';color:#666666;text-indent:2em;\">\r\n	此次活动的目的在于，依托著名的<a href=\"http://www.travelzjj.com/\" target=\"_blank\" class=\"keywords\">张家界</a>山水环境和理想的文化场，以相对长的时间安排，为中国写意油画学派主力阵容研究和推进写生创作提供一个对各自思考和实践可能“破局”和超越的契机；依托具有千年文脉的岳麓书院、并与诸多著名文人学者和美术史论家的清谈对语，对深刻认识和清醒把握中国写意油画的文化根性和当代课题，提供一个确认与思辨的契机；依托力美术馆的实力与展览场所，对深入研究中国油画写生与写意关系的艺术实践，提供一个再认识再实践的交流和展示平台；依托媒体宣传和后继文献性画册的编辑发行，推介此次不同于常规的“写生创作研究和文化清谈”活动，在中国油画界和广大青年油画家中倡导冷静稳健的艺术实践和文化植入。\r\n</p>\r\n<p style=\"font-size:medium;font-family:\'Microsoft YaHei\';color:#666666;text-indent:2em;\">\r\n	<br />\r\n</p>\r\n<p style=\"font-size:medium;font-family:\'Microsoft YaHei\';color:#666666;text-indent:2em;\">\r\n	举办单位：这次写意油画学派创作研究暨《千年文脉·雅集岳麓》系列活动由著名策展人范迪安总策划，联合湖南大学岳麓书院、中国政协文史馆油画研究院以及力美术馆共同主办\r\n</p>',1,2,1,'2016-02-20 15:05:28','/zjjtour-admin/attached/image/20160220/20160220150505_563.jpg','/zjjtour-admin/attached/image/20160220/20160220150509_28.jpg',NULL,4,'油画艺术作为西风东渐的文化精神产物，从泊来、生根，而至成为现当代中国与传统并行的绘画艺术，已走过百余年历史。','1','0','0','0',NULL,'1',1,'2016-02-20 15:07:28','','0','2016-02-20 00:00:00','2016-03-11 00:00:00',0),(6,'张家界送福利，百万门票免费抢','张家界送福利，百万门票免费抢','<p class=\"eventsdaytxt\" style=\"font-size:medium;font-family:\'Microsoft YaHei\';color:#333333;text-indent:2em;\">\r\n	活动时间：<span class=\"eventsday\" style=\"font-size:16px;color:#039FEB;\">2015年5月15日16:30-17:30</span>\r\n</p>\r\n<p style=\"font-size:medium;font-family:\'Microsoft YaHei\';color:#666666;text-indent:2em;\">\r\n	<br />\r\n</p>\r\n<p style=\"font-size:medium;font-family:\'Microsoft YaHei\';color:#666666;text-indent:2em;\">\r\n	<a href=\"http://www.travelzjj.com/active/\" target=\"_blank\" class=\"keywords\">活动</a>介绍：套票抢到手，免费去旅游!1000套<a href=\"http://www.travelzjj.com/\" target=\"_blank\" class=\"keywords\">张家界</a>必玩景区门票，每套门票含：<a href=\"http://www.travelzjj.com/panorama/detail/1051.html\" target=\"_blank\" class=\"keywords\">张家界国家森林公园</a>门票、<a href=\"http://www.travelzjj.com/panorama/detail/1060.html\" target=\"_blank\" class=\"keywords\">杨家界</a>索道(单程)、<a href=\"http://www.travelzjj.com/panorama/detail/1066.html\" target=\"_blank\" class=\"keywords\">十里画廊</a>观光电车(双程)、<a href=\"http://www.travelzjj.com/panorama/detail/1072.html\" target=\"_blank\" class=\"keywords\">宝峰湖</a>、<a href=\"http://www.travelzjj.com/panorama/detail/1107.html\" target=\"_blank\" class=\"keywords\">魅力湘西</a>演艺门票各1张，限时免费开抢!只要需微信搜索“<a href=\"http://www.travelzjj.com/tc/\" target=\"_blank\" class=\"keywords\">张家界游客中心</a>”，关注“张家界游客中心”微信公众号。活动时进入&nbsp;“免费抢门票”栏，点击“幸运大转盘”，不限次数，抢到为止!现在拿出手机，动下手指，门票就是你的!\r\n</p>\r\n<p style=\"font-size:medium;font-family:\'Microsoft YaHei\';color:#666666;text-indent:2em;\">\r\n	<br />\r\n</p>\r\n<p style=\"font-size:medium;font-family:\'Microsoft YaHei\';color:#666666;text-indent:2em;\">\r\n	<br />\r\n</p>\r\n<p style=\"font-size:medium;font-family:\'Microsoft YaHei\';color:#666666;text-indent:2em;\">\r\n	“世界那么大，张家界这么近”泛长株潭2015张家界产品说明会在株洲成功举办，正式启动了“张家界百万门票免费抢”的优惠活动。\r\n</p>\r\n<p style=\"font-size:medium;font-family:\'Microsoft YaHei\';color:#666666;text-indent:2em;\">\r\n	<br />\r\n</p>\r\n<p style=\"font-size:medium;font-family:\'Microsoft YaHei\';color:#666666;text-indent:2em;\">\r\n	说明会上，主办方在推介张家界武陵源核心景区、宝峰湖、杨家界、魅力湘西等优质旅游资源的同时，更注重与参与者的互动。现场介绍了“三羊送吉，‘码’上有奖”、“mini cooper找主人，快乐自游张家界”等景区营销活动，并敲锣启动了“张家界送福利·百万门票免费抢”活动，游客通过关注“张家界游客中心”官方微信号，就可参加以上优惠活动。\r\n</p>\r\n<p style=\"font-size:medium;font-family:\'Microsoft YaHei\';color:#666666;text-indent:2em;\">\r\n	<br />\r\n</p>\r\n<p style=\"font-size:medium;font-family:\'Microsoft YaHei\';color:#666666;text-indent:2em;\">\r\n	据悉，近年来张家界围绕 “提质张家界、打造升级版”的发展战略，全市上下朝着“把张家界建设成为国内外知名的旅游胜地”目标迈进，着力对景区提质升级。<a href=\"http://www.zjj.gov.cn/\" target=\"_blank\" class=\"keywords\">张家界市人民政府</a>副市长胡志文介绍说，张家界拥有“中国首批世界自然遗产”、“全球首批世界地质公园”、“世界‘张家界地貌’命名地”、“中国第一个国家森林公园”、“国家首批5A级旅游景区”、“全国文明风景区”这六张“烫金的名片”，标志着张家界是湖南旅游的龙头、开放的窗口、迎宾的客厅和湖南的名片。\r\n</p>\r\n<p style=\"font-size:medium;font-family:\'Microsoft YaHei\';color:#666666;text-indent:2em;\">\r\n	<br />\r\n</p>\r\n<p style=\"font-size:medium;font-family:\'Microsoft YaHei\';color:#666666;text-indent:2em;\">\r\n	希望通过本次泛长株潭产品说明会，进一步增进与兄弟省、市，与各界朋友建立良好的互通、交流与合作，为全省及周边旅游的发展创造更多机会，最大限度实现合作共赢目标。\r\n</p>\r\n<p style=\"font-size:medium;font-family:\'Microsoft YaHei\';color:#666666;text-indent:2em;\">\r\n	<br />\r\n</p>\r\n<p style=\"font-size:medium;font-family:\'Microsoft YaHei\';color:#666666;text-indent:2em;\">\r\n	换票地址：张家界市高速三出口门店，即：（<span style=\"line-height:1.5;\">&nbsp;高速东出口官网特别营销活动指定服务门店、高速西出口官网特别营销活动指定服务门店、高速阳和出口官网特别营销活动指定服务门店</span>）。\r\n</p>\r\n<p style=\"font-size:medium;font-family:\'Microsoft YaHei\';color:#666666;text-indent:2em;\">\r\n	<br />\r\n</p>\r\n<p style=\"font-size:medium;font-family:\'Microsoft YaHei\';color:#666666;text-indent:2em;\">\r\n	咨询电话：4008831111\r\n</p>\r\n<p style=\"font-size:medium;font-family:\'Microsoft YaHei\';color:#666666;text-indent:2em;\">\r\n	<br />\r\n</p>\r\n<p style=\"font-size:medium;font-family:\'Microsoft YaHei\';color:#666666;text-indent:2em;\">\r\n	举办单位：张家界市人民政府主办，张家界市旅游局、携程旅行网、<a href=\"http://www.zjjgf.com/\" target=\"_blank\" class=\"keywords\">张家界旅游集团股份有限公司</a>承办\r\n</p>',1,0,1,'2016-02-20 15:07:24','/zjjtour-admin/attached/image/20160220/20160220150703_926.jpg','/zjjtour-admin/attached/image/20160220/20160220150709_750.jpg',NULL,5,'套票抢到手，免费去旅游!1000套张家界必玩景区门票。','1','0','0','0',NULL,'1',1,'2016-02-20 15:07:28','','0','2016-02-20 00:00:00','2016-03-12 00:00:00',0);

/*Table structure for table `member_activity_detail` */

DROP TABLE IF EXISTS `member_activity_detail`;

CREATE TABLE `member_activity_detail` (
  `id` int(10) unsigned NOT NULL AUTO_INCREMENT,
  `activity_id` int(11) DEFAULT NULL,
  `userid` int(11) DEFAULT NULL,
  `ctime` datetime DEFAULT NULL,
  PRIMARY KEY (`id`)
) ENGINE=InnoDB AUTO_INCREMENT=10 DEFAULT CHARSET=utf8;

/*Data for the table `member_activity_detail` */

insert  into `member_activity_detail`(`id`,`activity_id`,`userid`,`ctime`) values (6,2,252,'2016-02-05 23:43:59'),(7,3,252,'2016-02-05 23:46:50'),(8,1,252,'2016-02-05 23:47:56'),(9,2,273,'2016-02-20 15:58:59');

/*Table structure for table `member_complain` */

DROP TABLE IF EXISTS `member_complain`;

CREATE TABLE `member_complain` (
  `id` int(10) unsigned NOT NULL AUTO_INCREMENT,
  `member_id` int(11) DEFAULT NULL COMMENT '会员ID',
  `member_mobile` varchar(50) DEFAULT NULL COMMENT '会员手机',
  `member_name` varchar(50) DEFAULT NULL COMMENT '会员姓名',
  `complain_title` varchar(200) DEFAULT NULL,
  `complain_message` text COMMENT '投诉内容',
  `complain_time` datetime DEFAULT NULL COMMENT '投诉时间',
  `replay_status` int(11) DEFAULT NULL COMMENT '回复状态',
  `replay_userid` int(11) DEFAULT NULL COMMENT '回复人id',
  `replay_time` datetime DEFAULT NULL COMMENT '回复时间',
  `replay_message` varchar(200) DEFAULT NULL COMMENT '回复内容',
  `review_status` int(11) DEFAULT NULL COMMENT '审核状态',
  `review_userid` int(11) DEFAULT NULL COMMENT '审核人id',
  `review_time` datetime DEFAULT NULL COMMENT '审核时间',
  `review_message` varchar(200) DEFAULT NULL COMMENT '审核意见',
  PRIMARY KEY (`id`)
) ENGINE=InnoDB AUTO_INCREMENT=6 DEFAULT CHARSET=utf8;

/*Data for the table `member_complain` */

insert  into `member_complain`(`id`,`member_id`,`member_mobile`,`member_name`,`complain_title`,`complain_message`,`complain_time`,`replay_status`,`replay_userid`,`replay_time`,`replay_message`,`review_status`,`review_userid`,`review_time`,`review_message`) values (1,252,'18952028230','我是号','您好，请问华为mate7标准版移动4g的手机都有什么颜色啊？','前置摄像头拍照清晰吗','2016-02-20 23:34:30',1,1,'2016-02-20 23:35:33','您好！客服187， 华为Mate 7移动版有曜石黑和月光银两种颜色。感谢您对京东的支持！祝您购物愉快！',1,1,'2016-02-20 23:36:12','谢您对京东的支持！祝您购物愉快！'),(3,273,'15951984655','杨海龙','旅游投诉','2016年2月14日，我在网络购票到黄龙洞售票点换票，网络票窗口的女工作人员，只顾玩手机，一句三不答，只摇晃手指，连头都没抬起来。我问她这是什么工作态度，她说我们就这样，然后站起骂了粗口！我认为她这种行为是在抹黑张家界，希望主管部门引起重视！','2016-02-21 10:16:30',1,1,'2016-02-21 10:17:30','我局已责成该单位进行整改，给您带来的不便，请您谅解！',1,1,'2016-02-21 10:17:34',''),(4,273,'15951984655','杨海龙','酒店投诉','原本携程网定的70多元，手机接收到短信就去看房了，老板娘就说房子今天开放价200元，我们好说的就加了20就我，就勉强住下，可还没算完～我们出去玩了 晚上回来还要我们加90元，老板还拍桌子凶我们骂我们。真心不知道张家界的酒店业是怎么管理的，严重有损张家界酒店业的形象。','2016-02-21 10:22:24',0,NULL,NULL,NULL,1,1,'2016-02-21 10:26:12',''),(5,273,'15951984655','杨海龙','酒店投诉','原本携程网定的70多元，手机接收到短信就去看房了，老板娘就说房子今天开放价200元，我们好说的就加了20就我，就勉强住下，可还没算完～我们出去玩了 晚上回来还要我们加90元，老板还拍桌子凶我们骂我们。真心不知道张家界的酒店业是怎么管理的，严重有损张家界酒店业的形象。','2016-02-21 10:27:15',1,1,'2016-02-21 10:27:32','我局已责成该单位进行整改，给您带来的不便，请您谅解！',1,1,'2016-02-21 10:27:36','');

/*Table structure for table `news_maodian` */

DROP TABLE IF EXISTS `news_maodian`;

CREATE TABLE `news_maodian` (
  `id` int(10) unsigned NOT NULL AUTO_INCREMENT,
  `news_id` int(11) DEFAULT NULL,
  `orderlist` int(11) DEFAULT NULL,
  `maodian_name` varchar(200) DEFAULT NULL,
  `maodian_content` text,
  PRIMARY KEY (`id`)
) ENGINE=InnoDB AUTO_INCREMENT=233 DEFAULT CHARSET=utf8;

/*Data for the table `news_maodian` */

insert  into `news_maodian`(`id`,`news_id`,`orderlist`,`maodian_name`,`maodian_content`) values (95,61,1,'地质公园','																		<p style=\"font-size:14px;font-family:arial;color:#666666;\">\r\n	“中国首批世界自然遗产、世界首批地质公园、国家首批5A级旅游景区”【武陵源核心景区】为是来<a href=\"http://www.travelzjj.com/\" target=\"_blank\" class=\"keywords\">张家界</a>游人的必玩景区，因独特的“张家界石英砂岩峰林地貌”而闻名于世，由<a href=\"http://www.travelzjj.com/panorama/detail/1051.html\" target=\"_blank\" class=\"keywords\">张家界国家森林公园</a>、<a href=\"http://www.travelzjj.com/panorama/detail/1068.html\" target=\"_blank\" class=\"keywords\">天子山</a>风景区、索溪峪风景区（部分）共同组成，门票为通票制，下辖7个分景区，分别为【<a href=\"http://www.travelzjj.com/panorama/detail/1060.html\" target=\"_blank\" class=\"keywords\">杨家界</a>】、【天子山】、【<a href=\"http://www.travelzjj.com/panorama/detail/1065.html\" target=\"_blank\" class=\"keywords\">袁家界</a>】、【<a href=\"http://www.travelzjj.com/panorama/detail/1066.html\" target=\"_blank\" class=\"keywords\">十里画廊</a>】、【<a href=\"http://www.travelzjj.com/panorama/detail/1069.html\" target=\"_blank\" class=\"keywords\">金鞭溪</a>】、【<a href=\"http://www.travelzjj.com/panorama/detail/1067.html\" target=\"_blank\" class=\"keywords\">黄石寨</a>】、【<a href=\"http://www.travelzjj.com/panorama/detail/1070.html\" target=\"_blank\" class=\"keywords\">鹞子寨</a>】，自然风光各不相同。\r\n</p>\r\n<p style=\"font-size:14px;font-family:arial;color:#666666;\">\r\n	 \r\n</p>\r\n<p style=\"font-size:14px;font-family:arial;color:#666666;\">\r\n	 奇山异水张家界，举世闻名，是湖南核心旅游景点，还有世界溶洞之冠的<a href=\"http://www.travelzjj.com/panorama/detail/1079.html\" target=\"_blank\" class=\"keywords\">黄龙洞</a>，神秘幽深。有峰林之称的天子山，不到黄石寨，枉到张家界，还有世界上最美丽的峡谷金鞭溪。\r\n</p>\r\n									\r\n									'),(96,61,2,'美景风光','																		<p style=\"font-size:14px;font-family:arial;color:#666666;\">\r\n	<span style=\"line-height:1.5;\">上亿年前的地壳运动，大自然的鬼斧神工，造就了<a href=\"http://www.travelzjj.com/\" target=\"_blank\" class=\"keywords\">张家界</a>不可复制的神奇和美丽。于是，无数游过张家界的人赞叹：人生不到张家界，访尽千山也枉然，人生不到张家界 百岁何能称老翁？张家界是“扩大的盆景.缩小的仙境”，随着四季的气象不同变幻莫测，是大自然鬼斧神功美的让人心动。张家界集桂林之秀、黄山之奇、华山之险、泰山之雄于一体，藏赂、桥、洞、湖、瀑于一身，有“扩大的盆景、缩小的仙山”之美称。</span>\r\n</p>\r\n<p style=\"font-size:14px;font-family:arial;color:#666666;\">\r\n	<br />\r\n</p>\r\n<p style=\"font-size:14px;font-family:arial;color:#666666;\">\r\n	<img alt=\"张家界杨家界峰墙\" src=\"http://manage.zjji.com/uploads/201506/261039042596.jpg\" width=\"730\" height=\"450\" title=\"张家界杨家界峰墙\" align=\"\" />\r\n</p>\r\n<p style=\"font-size:14px;font-family:arial;color:#666666;\">\r\n	                                                                                <a href=\"http://www.travelzjj.com/panorama/detail/1060.html\" target=\"_blank\" class=\"keywords\">杨家界</a>峰墙\r\n</p>\r\n<p style=\"font-size:14px;font-family:arial;color:#666666;\">\r\n	 \r\n</p>\r\n<p style=\"font-size:14px;font-family:arial;color:#666666;\">\r\n	<a href=\"http://www.travelzjj.com/panorama/detail/1051.html\" target=\"_blank\" class=\"keywords\">张家界国家森林公园</a>位于湖南省西北部张家界市境内，是1982年由国务院委托国家计委批准成立的中国第一个国家森林公园，1992年12月因奇特的石英砂岩大峰林被联合国列入《世界自然遗产名录》，2004年2月被列入世界地质公园。公园自然风光以峰称奇、以谷显幽、以林见秀。\r\n</p>\r\n<p style=\"font-size:14px;font-family:arial;color:#666666;\">\r\n	<br />\r\n</p>\r\n<p style=\"font-size:14px;font-family:arial;color:#666666;\">\r\n	<img alt=\"张家界天子山卧龙岭\" src=\"http://manage.zjji.com/uploads/201506/261040580484.jpg\" width=\"730\" height=\"450\" title=\"张家界天子山卧龙岭\" align=\"\" />\r\n</p>\r\n<p style=\"font-size:14px;font-family:arial;color:#666666;\">\r\n	                                                                             <a href=\"http://www.travelzjj.com/panorama/detail/1068.html\" target=\"_blank\" class=\"keywords\">天子山</a>卧龙岭                                                  摄影者：刘君\r\n</p>\r\n<p style=\"font-size:14px;font-family:arial;color:#666666;\">\r\n	 \r\n</p>\r\n<p style=\"font-size:14px;font-family:arial;color:#666666;\">\r\n	公园属于中亚热带气候区，高山峡谷，茂密的森林，使公园形成了独特的森林小气候——冬暖夏凉，年平均气温12.8℃，夏天平均最高气温16.8℃，冬天平均最低气温9.6℃，公园空气清新，含负氧离子高，身临其中，人体感觉特别舒适，是休闲避暑的理想之地。\r\n</p>\r\n<p style=\"font-size:14px;font-family:arial;color:#666666;\">\r\n	 \r\n</p>\r\n<p style=\"font-size:14px;font-family:arial;color:#666666;\">\r\n	<img alt=\"张家界袁家界\" src=\"http://manage.zjji.com/uploads/201506/261043149132.jpg\" width=\"730\" height=\"450\" title=\"张家界袁家界\" align=\"\" />\r\n</p>\r\n<p style=\"font-size:14px;font-family:arial;color:#666666;\">\r\n	                                                                                    <a href=\"http://www.travelzjj.com/panorama/detail/1065.html\" target=\"_blank\" class=\"keywords\">袁家界</a>\r\n</p>\r\n<p style=\"font-size:14px;font-family:arial;color:#666666;\">\r\n	 \r\n</p>\r\n<p style=\"font-size:14px;font-family:arial;color:#666666;\">\r\n	绝美自然景观。张家界地处于云贵高原隆起区与洞庭湖沉降区之间，既受隆起的影响，又受沉降的牵制 ,加上地表水切割强烈和岩溶地貌极其发育，形成了当今这种高低悬殊、奇峰林立、万石峥嵘、溪谷纵横的自然奇观。是户外爱好者的旅行天堂。\r\n</p>\r\n<p style=\"font-size:14px;font-family:arial;color:#666666;\">\r\n	<br />\r\n</p>\r\n<p style=\"font-size:14px;font-family:arial;color:#666666;\">\r\n	<img alt=\"张家界十里画廊小火车\" src=\"http://manage.zjji.com/uploads/201506/271601423959.jpg\" width=\"730\" height=\"450\" title=\"张家界十里画廊小火车\" align=\"\" />\r\n</p>\r\n<p style=\"font-size:14px;font-family:arial;color:#666666;\">\r\n	                                                                                 <a href=\"http://www.travelzjj.com/panorama/detail/1066.html\" target=\"_blank\" class=\"keywords\">十里画廊</a>\r\n</p>\r\n<p style=\"font-size:14px;font-family:arial;color:#666666;\">\r\n	 \r\n</p>\r\n<p style=\"font-size:14px;font-family:arial;color:#666666;\">\r\n	独特的人文景观。土家族、白族、苗族、侗族和瑶族等少数民族占整个张家界市的96%。具有浓烈的民族风情，是人文摄影爱好者的必去之地。\r\n</p>\r\n<p style=\"font-size:14px;font-family:arial;color:#666666;\">\r\n	<br />\r\n</p>\r\n<p style=\"font-size:14px;font-family:arial;color:#666666;\">\r\n	<img alt=\"张家界金鞭溪\" src=\"http://manage.zjji.com/uploads/201506/261044519598.jpg\" width=\"730\" height=\"450\" title=\"张家界金鞭溪\" align=\"\" />\r\n</p>\r\n<p style=\"font-size:14px;font-family:arial;color:#666666;\">\r\n	                                                                                <a href=\"http://www.travelzjj.com/panorama/detail/1069.html\" target=\"_blank\" class=\"keywords\">金鞭溪</a>                                                        摄影者： 汤东涛\r\n</p>\r\n<p style=\"font-size:14px;font-family:arial;color:#666666;\">\r\n	 \r\n</p>\r\n<p style=\"font-size:14px;font-family:arial;color:#666666;\">\r\n	及其优良的气候条件。四季分明，冬 长夏短。每年3月起，气温日渐升高，春意盎然，兽鸟活跃，山峦田野，充满着生机与活力，同时此时降雨较多，可看到云海。到了6月下旬，武陵源开始进入夏季，直至9月上旬。武陵源夏季的平均气温在22至26摄氏度之间，最高时也不过32摄氏度左右。此时，许多地区酷热难熬，而这里却一派清凉，是避暑消夏的理想去处之一。冬季景区山顶与市区截然不同，张家界虽然地处南方，但还是有雪景的出现！是冬季摄影的好去处！\r\n</p>\r\n<p style=\"font-size:14px;font-family:arial;color:#666666;\">\r\n	<br />\r\n</p>\r\n<p style=\"font-size:14px;font-family:arial;color:#666666;\">\r\n	<img alt=\"张家界黄石寨\" src=\"http://manage.zjji.com/uploads/201506/261046028952.jpg\" width=\"730\" height=\"450\" title=\"张家界黄石寨\" align=\"\" />\r\n</p>\r\n<p style=\"font-size:14px;font-family:arial;color:#666666;\">\r\n	                                                                             <a href=\"http://www.travelzjj.com/panorama/detail/1067.html\" target=\"_blank\" class=\"keywords\">黄石寨</a>日出\r\n</p>\r\n<p style=\"font-size:14px;font-family:arial;color:#666666;\">\r\n	 \r\n</p>\r\n<p style=\"font-size:14px;font-family:arial;color:#666666;\">\r\n	 张家界以岩称奇。这里三千座奇峰拔地而起，形态各异，有的似玉柱神鞭，立地顶天；有的像铜墙铁壁，巍然屹立；有的如晃板垒卵，摇摇欲坠；有的若盆景古董，玲珑剔透......神奇而又真实，迷离而又实在，不是艺术创造胜以艺术创造，令人叹为观止，张家界奇独特的风景，丰富的旅游资源，唯美的自然风光，无一不向世人展示着它雄伟壮丽。\r\n</p>\r\n<p style=\"font-size:14px;font-family:arial;color:#666666;\">\r\n	<br />\r\n</p>\r\n<p style=\"font-size:14px;font-family:arial;color:#666666;\">\r\n	<img alt=\"张家界鹞子寨\" src=\"http://manage.zjji.com/uploads/201506/261046371955.jpg\" width=\"730\" height=\"450\" title=\"张家界鹞子寨\" align=\"\" />\r\n</p>\r\n<p style=\"font-size:14px;font-family:arial;color:#666666;\">\r\n	                                                                             <a href=\"http://www.travelzjj.com/panorama/detail/1070.html\" target=\"_blank\" class=\"keywords\">鹞子寨</a>                                                          摄影者：郑亚平\r\n</p>\r\n									\r\n									'),(97,61,3,'推荐理由','																		<p style=\"font-size:14px;font-family:arial;color:#666666;\">\r\n	<span>其间有奇峰3000多座，这些石峰如人如兽、如器如物，形象逼真，气势壮观。峰间峡谷，溪流潺潺，浓荫蔽日。有“三千奇峰，八百秀水”之美称。公园不仅自然风光壮美绝伦，而且森林植物和野生动物资源极为丰富，森林覆盖率达98％，是一座巨大的生物宝库和天然氧吧，被称为“自然博物馆和天然植物园”。草木禽兽与奇山异水，同生共荣，形成完美的自然生态系统。</span>\r\n</p>\r\n<p style=\"font-size:14px;font-family:arial;color:#666666;\">\r\n	<span></span> \r\n</p>\r\n<p style=\"font-size:14px;font-family:arial;color:#666666;\">\r\n	<span>境内峰奇岩险，谷深涧幽，水秀林碧，云缭雾绕。集雄、奇、幽、野、秀于一体，汇峰、谷、壑、林、水为一色。<a href=\"http://www.travelzjj.com/panorama/detail/1051.html\" target=\"_blank\" class=\"keywords\">张家界国家森林公园</a>主要景点有：<a href=\"http://www.travelzjj.com/panorama/detail/1069.html\" target=\"_blank\" class=\"keywords\">金鞭溪</a>，<a href=\"http://www.travelzjj.com/panorama/detail/1060.html\" target=\"_blank\" class=\"keywords\">杨家界</a>景区，乌龙寨，<a href=\"http://www.travelzjj.com/panorama/detail/1070.html\" target=\"_blank\" class=\"keywords\">鹞子寨</a>景区，<a href=\"http://www.travelzjj.com/panorama/detail/1068.html\" target=\"_blank\" class=\"keywords\">天子山</a>景区</span>\r\n</p>\r\n									\r\n									'),(98,61,4,'交通路线','																		<p style=\"font-size:14px;font-family:arial;color:#666666;\">\r\n	<span style=\"line-height:1.5;\">在<a href=\"http://www.travelzjj.com/\" target=\"_blank\" class=\"keywords\">张家界</a>市中心汽车站（火车站旁50米）就可搭乘去往森林公园、武陵源的线路巴士，每十分钟发班。</span>\r\n</p>\r\n<p style=\"font-size:14px;font-family:arial;color:#666666;\">\r\n	公园交通十分方便，距市城区、飞机场、火车站仅28公里。景区内已建成58公里的国际标准游道、安全舒适的索道和开通了环保车。\r\n</p>\r\n									\r\n									'),(99,61,5,'游览须知','																		<p style=\"font-size:14px;font-family:arial;color:#666666;\">\r\n	<span style=\"line-height:1.5;\">游览景区一般为2到3天。</span>\r\n</p>\r\n<p style=\"font-size:14px;font-family:arial;color:#666666;\">\r\n	景区有5个门票站，其中森林公园门票站、吴家峪门票站（武陵源标志门）是游人最常的选择。\r\n</p>\r\n<p style=\"font-size:14px;font-family:arial;color:#666666;\">\r\n	景区游览路线可简要形容为山下游览路线、山上游览路线；\r\n</p>\r\n<p style=\"font-size:14px;font-family:arial;color:#666666;\">\r\n	山下游览路线为：森林公园门票站-大氧吧广场-<a href=\"http://www.travelzjj.com/panorama/detail/1067.html\" target=\"_blank\" class=\"keywords\">黄石寨</a>-<a href=\"http://www.travelzjj.com/panorama/detail/1069.html\" target=\"_blank\" class=\"keywords\">金鞭溪</a>-水绕四门-<a href=\"http://www.travelzjj.com/panorama/detail/1066.html\" target=\"_blank\" class=\"keywords\">十里画廊</a>-吴家峪门票站。山上游览路线为：<a href=\"http://www.travelzjj.com/panorama/detail/1065.html\" target=\"_blank\" class=\"keywords\">袁家界</a>-<a href=\"http://www.travelzjj.com/panorama/detail/1060.html\" target=\"_blank\" class=\"keywords\">杨家界</a>-<a href=\"http://www.travelzjj.com/panorama/detail/1068.html\" target=\"_blank\" class=\"keywords\">天子山</a>。另有<a href=\"http://www.travelzjj.com/panorama/detail/1070.html\" target=\"_blank\" class=\"keywords\">鹞子寨</a>，可选择单独游览。\r\n</p>\r\n									\r\n									'),(100,58,1,'峰林奇观','																		<p>\r\n	<p style=\"font-size:14px;font-family:arial;color:#666666;\">\r\n		<span>位于武陵源核心景区中心位置，平均海拔1074米，为一方山台地，背依岩峰山峦，面临幽谷群峰，自东向西延伸，是武陵源核心景区的风景集中地。袁家界名称相传来源于后唐时期，黄巢起义失败后，有一名姓“袁”的义军将士，为躲避朝廷追捕，便来到了这远离人世的深山野岭隐居生活，并以自己的姓氏为这里命名，起名“袁家界”。</span>\r\n	</p>\r\n	<p style=\"font-size:14px;font-family:arial;color:#666666;\">\r\n		<span><br />\r\n</span>\r\n	</p>\r\n	<p style=\"font-size:14px;font-family:arial;color:#666666;\">\r\n		<img alt=\"张家界袁家界峰林\" src=\"http://www.travelzjj.com/uploads/201506/271413305495.jpg\" width=\"730\" height=\"450\" title=\"张家界袁家界峰林\" align=\"\" />\r\n	</p>\r\n	<p style=\"font-size:14px;font-family:arial;color:#666666;\">\r\n		                                                                         峰林                                                                   摄影者：张建国\r\n	</p>\r\n	<p style=\"font-size:14px;font-family:arial;color:#666666;\">\r\n		<br />\r\n	</p>\r\n	<p style=\"font-size:14px;font-family:arial;color:#666666;\">\r\n		袁家界面积约1200公顷，平均海拔1074米，它东邻<a href=\"http://www.travelzjj.com/panorama/detail/1069.html\" target=\"_blank\" class=\"keywords\">金鞭溪</a>、远眺<a href=\"http://www.travelzjj.com/panorama/detail/1070.html\" target=\"_blank\" class=\"keywords\">鹞子寨</a>；南望<a href=\"http://www.travelzjj.com/panorama/detail/1067.html\" target=\"_blank\" class=\"keywords\">黄石寨</a>，连接天波府；西通<a href=\"http://www.travelzjj.com/panorama/detail/1068.html\" target=\"_blank\" class=\"keywords\">天子山</a>；北距索溪峪。它位于<a href=\"http://www.travelzjj.com/panorama/detail/1051.html\" target=\"_blank\" class=\"keywords\">张家界国家森林公园</a>北部，是镶嵌在武陵源核心景区的一颗明珠。袁家界位于杉刀沟北麓，是以石英岩为主构成的一座巨大而较平缓的山岳。袁家界是<a href=\"http://www.travelzjj.com/\" target=\"_blank\" class=\"keywords\">张家界</a>公园又一处风景集中地。自金鞭溪紫草潭左入杉刀沟可上袁家界；顺袁家界台地边沿，绕荒径小道亦可下至金鞭溪千里相会处；亦可从袁家界去天子山、杨家寨。\r\n	</p>\r\n	<p style=\"font-size:14px;font-family:arial;color:#666666;\">\r\n		<br />\r\n	</p>\r\n	<p style=\"font-size:14px;font-family:arial;color:#666666;\">\r\n		<span style=\"line-height:1.5;\"><img alt=\"张家界袁家界阿凡达\" src=\"http://www.travelzjj.com/uploads/201506/271400220155.jpg\" width=\"730\" height=\"450\" title=\"张家界袁家界阿凡达\" align=\"\" /><br />\r\n</span>\r\n	</p>\r\n	<p style=\"font-size:14px;font-family:arial;color:#666666;\">\r\n		<br />\r\n	</p>\r\n	<p style=\"font-size:14px;font-family:arial;color:#666666;\">\r\n		<span style=\"line-height:1.5;\">袁家界景区虽然在地域上隶属于中国第一个国家森林公园——张家界国家森林公园，但从地理位置上来说，却被众星捧月般地位居张家界武陵源风景名胜区的核心，与世界上最美丽的峡谷金鞭溪一衣带水，东接索溪峪，南眺鹞子寨，西望黄石寨，北靠天子山，总面积约1200公顷，平均海拔1074米。</span>\r\n	</p>\r\n	<p style=\"font-size:14px;font-family:arial;color:#666666;\">\r\n		<span style=\"line-height:1.5;\"><br />\r\n站在袁家界景区的观景台上，三千奇峰尽收眼底，雄险秀野，神态各异。峡谷深处，千百根石峰石柱奇伟突立。峻峭之石，如英武将帅；嵯峨之峰，似勇猛壮士。有声有色，若静若动，形象逼真，呼之欲出。</span>\r\n	</p>\r\n</p>\r\n									\r\n									'),(101,58,2,'风光美景','																		<p>\r\n	<p style=\"font-size:14px;font-family:arial;color:#666666;\">\r\n		<span style=\"line-height:1.5;\"><img alt=\"哈利路亚山\" src=\"http://www.travelzjj.com/uploads/201506/271400533245.jpg\" width=\"730\" height=\"450\" title=\"哈利路亚山\" align=\"\" /></span>\r\n	</p>\r\n	<p style=\"font-size:14px;font-family:arial;color:#666666;\">\r\n		<span style=\"line-height:1.5;\">                                                                                                                                                      摄影者：宋志光</span>\r\n	</p>\r\n	<p style=\"font-size:14px;font-family:arial;color:#666666;\">\r\n		<span style=\"line-height:1.5;\"><br />\r\n</span>\r\n	</p>\r\n	<p style=\"font-size:14px;font-family:arial;color:#666666;\">\r\n		<span style=\"line-height:1.5;\"><a href=\"http://www.travelzjj.com/panorama/detail/1065.html\" target=\"_blank\" class=\"keywords\">袁家界</a>景色之美有“<a href=\"http://www.travelzjj.com/\" target=\"_blank\" class=\"keywords\">张家界</a>后花园”之称，后来因美国科幻大片《阿凡达》在此取景而名声大噪。来到袁家界，一步一景美妙绝伦，原来，电影中的潘多拉星球真的存在。悬浮山的原型“南天一柱”现被更名为 “哈利路亚山”，“潘多拉太远，张家界很近”的广告词更是脍炙人口，传播甚广。</span>\r\n	</p>\r\n	<p style=\"font-size:14px;font-family:arial;color:#666666;\">\r\n		<span style=\"line-height:1.5;\"></span> \r\n	</p>\r\n	<p style=\"font-size:14px;font-family:arial;color:#666666;\">\r\n		<img alt=\"空中田园\" src=\"http://www.travelzjj.com/uploads/201506/271406422244.jpg\" width=\"730\" height=\"450\" title=\"空中田园\" align=\"\" />\r\n	</p>\r\n	<p style=\"font-size:14px;font-family:arial;color:#666666;\">\r\n		                                                                                                                                                  摄影者：陈明明\r\n	</p>\r\n	<p style=\"font-size:14px;font-family:arial;color:#666666;\">\r\n		<br />\r\n	</p>\r\n	<p style=\"font-size:14px;font-family:arial;color:#666666;\">\r\n		<span style=\"line-height:1.5;\">景区内的代表性景点有：百龙天梯，世界上最高、载重量最大、运行速度最快的户外观光电梯；天下第一桥，桥面宽两米，厚四米，跨度为二十多米，高度为三百多米，是世界是迄今为止所发现落差最高的天然石桥。</span>\r\n	</p>\r\n</p>\r\n									\r\n									'),(102,58,3,'推荐理由','																		<p>\r\n	<span style=\"color:#666666;font-family:arial;font-size:14px;line-height:30px;\">最具特色的百龙天梯，垂直高差335米，运行高度326米，由154米山体内坚井和172米贴山钢结构井架等组成，采用三台双层全暴露观光电梯并列分体运行，每台次载客50人次，运行速度3米/秒，三台同时运行每小时往返量达4000人次。百龙天梯的修建实现“山上游，山下住”的目标，提供了交通保障，将</span><a href=\"http://www.travelzjj.com/panorama/detail/1065.html\" target=\"_blank\" class=\"keywords\">袁家界</a><span style=\"color:#666666;font-family:arial;font-size:14px;line-height:30px;\">天下第一桥、迷魂台、天悬白练以及乌龙寨、</span><a href=\"http://www.travelzjj.com/panorama/detail/1060.html\" target=\"_blank\" class=\"keywords\">杨家界</a><span style=\"color:#666666;font-family:arial;font-size:14px;line-height:30px;\">等绝世美景从幕后推向了前台，并将</span><a href=\"http://www.travelzjj.com/panorama/detail/1068.html\" target=\"_blank\" class=\"keywords\">天子山</a><span style=\"color:#666666;font-family:arial;font-size:14px;line-height:30px;\">、袁家界、</span><a href=\"http://www.travelzjj.com/panorama/detail/1069.html\" target=\"_blank\" class=\"keywords\">金鞭溪</a><span style=\"color:#666666;font-family:arial;font-size:14px;line-height:30px;\">等精品旅游线路连为一体，解决了多年困扰景区的交通瓶颈问题。</span>\r\n</p>\r\n									\r\n									'),(103,58,4,'交通路线','																		<p>\r\n	<p style=\"font-size:14px;font-family:arial;color:#666666;\">\r\n		在<a href=\"http://www.travelzjj.com/\" target=\"_blank\" class=\"keywords\">张家界</a>市中心汽车站（火车站旁50米）就可搭乘去往森林公园、武陵源的线路巴士。\r\n	</p>\r\n	<p style=\"font-size:14px;font-family:arial;color:#666666;\">\r\n		武陵源吴家峪门票站进入：乘景区环保车至百龙天梯下站，乘电梯上山。\r\n	</p>\r\n	<p style=\"font-size:14px;font-family:arial;color:#666666;\">\r\n		森林公园门票站进入：步行至<a href=\"http://www.travelzjj.com/panorama/detail/1069.html\" target=\"_blank\" class=\"keywords\">金鞭溪</a>千里相会景点处，从乱窜坡游道步行上山。\r\n	</p>\r\n	<p style=\"font-size:14px;font-family:arial;color:#666666;\">\r\n		或者从<a href=\"http://www.travelzjj.com/panorama/detail/1060.html\" target=\"_blank\" class=\"keywords\">杨家界</a>索道、<a href=\"http://www.travelzjj.com/panorama/detail/1068.html\" target=\"_blank\" class=\"keywords\">天子山</a>索道上山后，乘景区环保车前往。\r\n	</p>\r\n</p>\r\n<p>\r\n	<br />\r\n</p>\r\n									\r\n									'),(104,58,5,'游览须知','																		<p style=\"font-size:14px;font-family:arial;color:#666666;\">\r\n	武陵源核心景区游览路线可简要形容为山下游览路线、山上游览路线；\r\n</p>\r\n<p style=\"font-size:14px;font-family:arial;color:#666666;\">\r\n	<a href=\"http://www.travelzjj.com/panorama/detail/1065.html\" target=\"_blank\" class=\"keywords\">袁家界</a>属于山上游览线，可作为游览的起点，1日游推荐线路为：武陵源区-吴家峪门票站-景区环保车-百龙天梯上山-袁家界-景区环保车-<a href=\"http://www.travelzjj.com/panorama/detail/1060.html\" target=\"_blank\" class=\"keywords\">杨家界</a>-景区环保车-<a href=\"http://www.travelzjj.com/panorama/detail/1068.html\" target=\"_blank\" class=\"keywords\">天子山</a>-天子山索道下山-景区环保车-吴家峪门票站-武陵源区，整线游览时间至少需7小时。\r\n</p>\r\n<p style=\"font-size:14px;font-family:arial;color:#666666;\">\r\n	袁家界为半环形游览线，迷魂台停车场进入景区-沿游道步行-天下第一桥停车场处景区，游览时间约1.5小时。\r\n</p>\r\n									\r\n									'),(110,48,1,'山水画卷','																		<p style=\"font-size:14px;font-family:arial;color:#666666;\">\r\n	<span style=\"line-height:1.5;\">山水画卷位于武陵源核心景区中部，来回全长10里。峡谷两旁千峰耸立，林木葱笼，野花飘香；奇峰异石，千姿百态，像一幅巨大的山水画卷，并排悬挂在千韧绝壁之上，使秀美绝伦的自然奇观溶进仙师画工的水墨丹青之中；人行其间，三步一景，如在画中遨游，故有“十里画廊”之美誉。</span>\r\n</p>\r\n<p style=\"font-size:14px;font-family:arial;color:#666666;\">\r\n	<br />\r\n</p>\r\n<p style=\"font-size:14px;font-family:arial;color:#666666;\">\r\n	<img alt=\"张家界十里画廊\" src=\"http://www.travelzjj.com/uploads/201506/271341425442.jpg\" width=\"730\" height=\"450\" title=\"张家界十里画廊\" align=\"\" />\r\n</p>\r\n<p style=\"font-size:14px;font-family:arial;color:#666666;\">\r\n	<span style=\"line-height:1.5;\"></span> \r\n</p>\r\n<p style=\"font-size:14px;font-family:arial;color:#666666;\">\r\n	十里画廊是<a href=\"http://www.travelzjj.com/panorama/detail/1051.html\" target=\"_blank\" class=\"keywords\">张家界国家森林公园</a>景区内的旅游精华，在这条长达十余里的山谷两侧，有着丰富的自然景观，人行其间如在画中。沟旁黛峰屏列，山上的岩石形成了200来尊似人似物、似鸟似兽的石景造型，其中“孔雀开屏”、“采药老人”、“寿星迎宾”、“猛虎啸天”等最为著名。\r\n</p>\r\n									\r\n									'),(111,48,2,'美景风光','																		<p style=\"font-size:14px;font-family:arial;color:#666666;\">\r\n	<img alt=\"张家界十里画廊小火车\" src=\"http://www.travelzjj.com/uploads/201506/271346472423.jpg\" width=\"730\" height=\"450\" title=\"张家界十里画廊小火车\" align=\"\" />\r\n</p>\r\n<p style=\"font-size:14px;font-family:arial;color:#666666;\">\r\n	                       \r\n</p>\r\n<p style=\"font-size:14px;font-family:arial;color:#666666;\">\r\n	 <a href=\"http://www.travelzjj.com/panorama/detail/1066.html\" target=\"_blank\" class=\"keywords\">十里画廊</a>是核心景区内，目前唯一可乘交通工具全程游览的景区，观光电车不仅是游客朋友以车代步、轻松观景的美妙体验载体，更是游览十里画廊最佳的观景方式，改变了游客欣赏风景的角度和视野，被誉为“<a href=\"http://www.travelzjj.com/\" target=\"_blank\" class=\"keywords\">张家界</a>最美的流动风景线”。 \r\n</p>\r\n<p style=\"font-size:14px;font-family:arial;color:#666666;\">\r\n	<br />\r\n</p>\r\n<p style=\"font-size:14px;font-family:arial;color:#666666;\">\r\n	<img alt=\"张家界十里画廊\" src=\"http://www.travelzjj.com/uploads/201506/271342241657.jpg\" width=\"730\" height=\"450\" title=\"张家界十里画廊\" align=\"\" />\r\n</p>\r\n<p style=\"font-size:14px;font-family:arial;color:#666666;\">\r\n	                                                                             星海采药                                                         摄影者：贾长江\r\n</p>\r\n									\r\n									'),(112,48,3,'推荐理由','																		<p style=\"font-size:14px;font-family:arial;color:#666666;\">\r\n	有人说，<a href=\"http://www.travelzjj.com/panorama/detail/1066.html\" target=\"_blank\" class=\"keywords\">十里画廊</a>是在大自然有无穷灵感的时候，恣意描绘出的一幅神奇绝美的画卷！诗人黎盛鸣游毕赋诗:“奇峰争起闹长空,百态千姿造化功。秀谷清溪十里路,游人多少画廊中。”雕塑家钱绍武称其为“一条天然雕塑杰作的群像陈列长廊”。\r\n</p>\r\n<p style=\"font-size:14px;font-family:arial;color:#666666;\">\r\n	<br />\r\n</p>\r\n<p style=\"font-size:14px;font-family:arial;color:#666666;\">\r\n	十里画廊内可谓步步有景，处处如画。在这条长达十余里的山谷两侧，有着丰富的自然景观，人行其间如在画中。沟旁黛峰屏列，山上的岩石形成了200来尊似人似物、似鸟似兽的石景造型，沿途主要景点有寿星迎宾、采药老人、猛虎啸天、夫妻抱子、转阁楼、三姐妹等。\r\n</p>\r\n									\r\n									'),(113,48,4,'交通路线','																		<p style=\"font-size:14px;font-family:arial;color:#666666;\">\r\n	在<a href=\"http://www.travelzjj.com/\" target=\"_blank\" class=\"keywords\">张家界</a>市中心汽车站（火车站旁50米）就可搭乘去往森林公园、武陵源的线路巴士。\r\n</p>\r\n<p style=\"font-size:14px;font-family:arial;color:#666666;\">\r\n	武陵源吴家峪门票站进入：乘景区环保车至<a href=\"http://www.travelzjj.com/panorama/detail/1066.html\" target=\"_blank\" class=\"keywords\">十里画廊</a>。\r\n</p>\r\n<p style=\"font-size:14px;font-family:arial;color:#666666;\">\r\n	森林公园门票站进入：步行至<a href=\"http://www.travelzjj.com/panorama/detail/1069.html\" target=\"_blank\" class=\"keywords\">金鞭溪</a>尽头水绕四门停车场，乘景区环保车至十里画廊。\r\n</p>\r\n									\r\n									'),(114,48,5,'游览须知','																		<p style=\"font-size:14px;font-family:arial;color:#666666;\">\r\n	<span style=\"line-height:1.5;\">游览<a href=\"http://www.travelzjj.com/panorama/detail/1066.html\" target=\"_blank\" class=\"keywords\">十里画廊</a>，时间约1.5小时。</span>\r\n</p>\r\n<p style=\"font-size:14px;font-family:arial;color:#666666;\">\r\n	武陵源核心景区游览路线可简要形容为山下游览路线、山上游览路线；\r\n</p>\r\n<p style=\"font-size:14px;font-family:arial;color:#666666;\">\r\n	十里画廊属于山下游览线，1日游推荐线路为：市区-森林公园门票站-徒步<a href=\"http://www.travelzjj.com/panorama/detail/1069.html\" target=\"_blank\" class=\"keywords\">金鞭溪</a>-水绕四门-景区环保车-十里画廊-景区环保车-吴家峪门票站-武陵源区，整线游览时间至少需6小时。\r\n</p>\r\n<p style=\"font-size:14px;font-family:arial;color:#666666;\">\r\n	此外，穿过十里画廊，沿尽头卧龙岭游道，可徒步登上<a href=\"http://www.travelzjj.com/panorama/detail/1068.html\" target=\"_blank\" class=\"keywords\">天子山</a>。\r\n</p>\r\n<p style=\"font-size:14px;font-family:arial;color:#666666;\">\r\n	相关信息\r\n</p>\r\n<p style=\"font-size:14px;font-family:arial;color:#666666;\">\r\n	门票：已含在武陵源核心景区门票内（票价248元/3天有效）\r\n</p>\r\n<p style=\"font-size:14px;font-family:arial;color:#666666;\">\r\n	地址：<a href=\"http://www.travelzjj.com/\" target=\"_blank\" class=\"keywords\">张家界</a>市武陵源区十里画廊风景区\r\n</p>\r\n									\r\n									'),(115,59,1,'456','																											456\r\n									\r\n									\r\n									'),(116,59,2,'789','																											789\r\n									\r\n									\r\n									'),(125,36,1,'观风情园','									<p style=\"font-size:14px;font-family:arial;color:#666666;\">\r\n	<a href=\"http://www.travelzjj.com/\" target=\"_blank\" class=\"keywords\">张家界</a><a href=\"http://www.travelzjj.com/panorama/detail/1086.html\" target=\"_blank\" class=\"keywords\">土家风情园</a>座落在湖南张家界市城区，交通便利。占地80余亩,总投资近亿元,是以湘西人的土司城堡为基础，以最完整的土家山寨旧址原貌为风格，于1997年原址修复后向游客开放，是与张家界自然山水交相辉映的一颗璀璨的文化明珠，是土家人朝拜、祭祀、祈祷和节庆的“圣地”，这里保存着土家族千年奇风异俗，园中的土司城堡、九重天世袭堂、土家山寨汇集了整个大湘西土家人历史的精粹，是集土家族的农耕文化、兵战文化、土司文化、建筑文化、民俗风情为一体的民族文化景点,开园以来接待了以国务院前总理朱镕基为代表的30多位党和国家领导人，中央电视台、省级电视台多次对风情园进行报道，2003年被列入了国家AAAA级景区，现每年接待中外游客60多万人次，构成了“山上观风景、山下看风情”行程精品线路。\r\n</p>\r\n<p style=\"font-size:14px;font-family:arial;color:#666666;\">\r\n	<br />\r\n</p>\r\n<p style=\"font-size:14px;font-family:arial;color:#666666;\">\r\n	 <img alt=\"张家界土家风情园\" src=\"http://www.travelzjj.com/uploads/201506/261103596630.jpg\" width=\"730\" height=\"450\" title=\"张家界土家风情园\" align=\"\" />\r\n</p>\r\n<p style=\"font-size:14px;font-family:arial;color:#666666;\">\r\n	 \r\n</p>\r\n<p style=\"font-size:14px;font-family:arial;color:#666666;\">\r\n	土家风情园是原土司城所在地，土司城建于清庸正八年（公元1730年）。土家风情园占地达120余亩，建筑群主要有走马转角楼和吊脚楼民居群两部分。\r\n</p>\r\n<p style=\"font-size:14px;font-family:arial;color:#666666;\">\r\n	 \r\n</p>\r\n<p style=\"font-size:14px;font-family:arial;color:#666666;\">\r\n	<img alt=\"土家风情九重天吊脚楼\" src=\"http://www.travelzjj.com/uploads/201506/261103415393.jpg\" width=\"730\" height=\"450\" title=\"土家风情九重天吊脚楼\" align=\"\" />\r\n</p>\r\n<p style=\"font-size:14px;font-family:arial;color:#666666;\">\r\n	 \r\n</p>\r\n<p style=\"font-size:14px;font-family:arial;color:#666666;\">\r\n	九重天吊脚楼为全木质结构，飞檐翘角，土家族民居里面的建筑元素在这里都可以找到，这里也是目前国内最大、最壮观的吊脚楼，有民间艺人设计建筑，高48米，九重十二层，层叠有致，从侧面看尤其壮丽。\r\n</p>\r\n									'),(126,36,2,'民俗风情','									<p style=\"font-size:14px;font-family:arial;color:#666666;\">\r\n	民风民俗展示主要有土家婚俗、头饰服饰、蜡染、织锦、银匠、石匠以及奇石根雕，珍贵文物展等，还有整台原汁原味的土家文艺节目，如表现湖南土家原始劳作与生活情形的茅古斯舞、铜铃舞、<a href=\"http://www.travelzjj.com/panorama/detail/1121.html\" target=\"_blank\" class=\"keywords\">摆手舞</a>、打溜子等表演。\r\n</p>\r\n<p style=\"font-size:14px;font-family:arial;color:#666666;\">\r\n	<br />\r\n</p>\r\n<p style=\"font-size:14px;font-family:arial;color:#666666;\">\r\n	<img alt=\"土家风情毛古斯\" src=\"http://www.travelzjj.com/uploads/201506/261103105639.jpg\" width=\"730\" height=\"450\" title=\"土家风情毛古斯\" align=\"\" />\r\n</p>\r\n<p style=\"font-size:14px;font-family:arial;color:#666666;\">\r\n	 \r\n</p>\r\n<p style=\"font-size:14px;font-family:arial;color:#666666;\">\r\n	<span style=\"line-height:1.5;\">这里是集土家族农耕文化、兵战文化、土司历史、建筑艺术、工艺美术、表演艺术、民俗风情及饮食起居为一体的大型民族文化景点，有醉人的土家拦门酒，神秘的土家祭祖<a href=\"http://www.travelzjj.com/active/\" target=\"_blank\" class=\"keywords\">活动</a>，土家历史文物展示，土家民俗表演，还有头饰服装、蜡染、织锦、银器、石器以及奇石根雕珍贵文物展等。拥有“九重天”、“千人茅古斯”两项世界吉尼斯之最纪录。 </span>\r\n</p>\r\n									'),(127,36,3,'推荐理由','									<span style=\"color:#666666;font-family:arial;font-size:14px;line-height:21px;\">园内建筑多为木石结构，雕梁画栋，金壁辉煌，飞檐翘角，玲珑雅致。代表作有土司城堡、摆手堂、湖南土家山寨、垕王宫等。特别是冲天楼，依山造阁，气势恢弘，楼高48米，九重十二层，曲径回复，独具匠心。</span>\r\n									'),(128,36,4,'交通路线','									<span style=\"color:#666666;font-family:arial;font-size:14px;line-height:21px;\">到</span><a href=\"http://www.travelzjj.com/\" target=\"_blank\" class=\"keywords\">张家界</a><a href=\"http://www.travelzjj.com/panorama/detail/1086.html\" target=\"_blank\" class=\"keywords\">土家风情园</a><span style=\"color:#666666;font-family:arial;font-size:14px;line-height:21px;\">，可以先坐火车到张家界火车站下，然后市内驱车5分钟到,即市南庄坪五子坡.车费不贵，</span><span style=\"color:#666666;font-family:arial;font-size:14px;line-height:1.5;\">公交</span><span style=\"color:#666666;font-family:arial;font-size:14px;line-height:1.5;\">5</span><span style=\"color:#666666;font-family:arial;font-size:14px;line-height:1.5;\">路、</span><span style=\"color:#666666;font-family:arial;font-size:14px;line-height:1.5;\">10</span><span style=\"color:#666666;font-family:arial;font-size:14px;line-height:1.5;\">路、</span><span style=\"color:#666666;font-family:arial;font-size:14px;line-height:1.5;\">1</span><span style=\"color:#666666;font-family:arial;font-size:14px;line-height:1.5;\">路可达。</span><span style=\"color:#666666;font-family:arial;font-size:14px;line-height:21px;\">包车去最多也不过20元。游客可以选择在离开张家界之前游玩土家风情园，既不用担心赶车或者飞机，又可以给自己在张家界的行程画上一个完美的句号！</span>\r\n									'),(129,34,1,'历史文化','									<p style=\"font-size:14px;font-family:arial;color:#666666;\">\r\n	玉皇洞位于<a href=\"http://www.travelzjj.com/\" target=\"_blank\" class=\"keywords\">张家界</a>城西约7公里的麻空山南壁，为清代本地乡绅李京开独资捐修。李京开又名叫李五瑞，别名九洞乐，号识破生。他生于乾隆七年（公元1742），道光乙酉年（1825年）去世，享年83岁。李先生家道殷实，富甲一方。少时勤奋读书，颇有才华，数十年奔波仕途，但屡试不第，官场无望，于是看破红尘，另寻安慰，请工匠，耗巨资，凭借麻空山天然溶洞，按上、中、下方位布局，巧妙构思，开凿成“天堂”、“人间”、“地府”三层共八个洞。另外，在离此约3公里的峰泉洞另凿一洞，故有“九乐洞”别名。\r\n</p>\r\n<p style=\"font-size:14px;font-family:arial;color:#666666;\">\r\n	<br />\r\n</p>\r\n<p style=\"font-size:14px;font-family:arial;color:#666666;\">\r\n	<span style=\"line-height:1.5;\"><img alt=\"张家界玉皇石窟\" src=\"http://www.travelzjj.com/uploads/201506/281156353643.jpg\" width=\"730\" height=\"450\" title=\"张家界玉皇石窟\" align=\"\" /></span>\r\n</p>\r\n<p style=\"font-size:14px;font-family:arial;color:#666666;\">\r\n	<span style=\"line-height:1.5;\"> </span>\r\n</p>\r\n<p style=\"font-size:14px;font-family:arial;color:#666666;\">\r\n	<span style=\"line-height:1.5;\">玉皇洞石窟是一雕塑造像甚多，工艺亦较精美的清代艺术石窟。石窟上层“天堂”为雷电洞；“人间”居中，自东向西依次排列为玉金、毫笔、墨池、虎龙、狮子、孔圣六洞；下怪为因果洞，即所谓“地府”。从“天堂”到“人间”，自“人间”至“地府”，上下三层距离分别为60米和70米，其间由宽不盈尺的曲径于悬崖峭壁上相沟连，气势十分险峻。</span>\r\n</p>\r\n									'),(130,34,2,'石窟奇观','									<p style=\"font-size:14px;font-family:arial;color:#666666;\">\r\n	<span style=\"line-height:1.5;\"><img alt=\"张家界玉皇石窟\" src=\"http://manage.zjji.com/uploads/201506/281156495858.jpg\" width=\"730\" height=\"450\" title=\"张家界玉皇石窟\" align=\"\" /><br />\r\n</span>\r\n</p>\r\n<p style=\"font-size:14px;font-family:arial;color:#666666;\">\r\n	 \r\n</p>\r\n<p style=\"font-size:14px;font-family:arial;color:#666666;\">\r\n	玉皇洞8个石窟，反映的内容十分丰富，且各具特色，虽杂而不乱。它将石刻、雕塑、文学、书法等艺术溶铸于一炉，是古代劳动人民智慧的结晶。1959年，湖南省政府将玉皇洞正式列为重点文物保护单位。玉皇洞石窟风景区集观光、休闲与宗教<a href=\"http://www.travelzjj.com/active/\" target=\"_blank\" class=\"keywords\">活动</a>于一体，景点内相应地开设了珍石文化区（天然石景陈列，考古石器、石雕艺术欣赏）、园林休闲区（画眉园、斗鸡场、重檐亭、水景、密林）、盆花、苗木观赏区，是永定区难得的历史人文景观，是<a href=\"http://www.travelzjj.com/\" target=\"_blank\" class=\"keywords\">张家界</a>精品旅游景点。\r\n</p>\r\n									'),(131,34,3,'交通路线','									<p class=\"MsoNormal\" style=\"font-size:14px;font-family:arial;color:#666666;\">\r\n	从市区打车往<a href=\"http://www.travelzjj.com/panorama/detail/1088.html\" target=\"_blank\" class=\"keywords\">玉皇石窟</a>20元左右。\r\n</p>\r\n<p class=\"MsoNormal\" style=\"font-size:14px;font-family:arial;color:#666666;\">\r\n	乘坐公交车11路在枫香岗乡下。票价3元。\r\n</p>\r\n									'),(132,34,4,'游览须知','									<span style=\"color:#666666;font-family:arial;font-size:14px;line-height:30px;\">该景点属于免费景点，该线路为具有一定危险的户外线路，游客切莫孤身前往建议聘请专业向导。</span>\r\n									'),(133,62,1,'寺庙奇观','<p style=\"font-size:14px;font-family:arial;color:#666666;\">\r\n	<img alt=\"张家界天门山寺\" src=\"http://www.travelzjj.com/uploads/201506/281140537775.jpg\" width=\"730\" height=\"450\" title=\"张家界天门山寺\" align=\"\" />\r\n</p>\r\n<p style=\"font-size:14px;font-family:arial;color:#666666;\">\r\n	&nbsp;\r\n</p>\r\n<p style=\"font-size:14px;font-family:arial;color:#666666;\">\r\n	<a href=\"http://www.travelzjj.com/panorama/detail/1071.html\" target=\"_blank\" class=\"keywords\">天门山</a>寺始建于明朝，历经儒、道、佛三教的融会变通，建寺以来就香火鼎盛，信士遍及辰、永、澧、常，是湘西地区的佛教中心，天门山也由此得名“湘西第一神山”。复建后的天门山寺占地两万余平方米，是目前湖南省境内海拔最高的佛教建筑群。\r\n</p>\r\n<p style=\"font-size:14px;font-family:arial;color:#666666;\">\r\n	&nbsp;\r\n</p>\r\n<p style=\"font-size:14px;font-family:arial;color:#666666;\">\r\n	<img alt=\"张家界天门山寺\" src=\"http://www.travelzjj.com/uploads/201506/281141199582.jpg\" width=\"730\" height=\"450\" title=\"张家界天门山寺\" align=\"\" />\r\n</p>\r\n<p style=\"font-size:14px;font-family:arial;color:#666666;\">\r\n	&nbsp;\r\n</p>\r\n<p style=\"font-size:14px;font-family:arial;color:#666666;\">\r\n	寺庙坐落山窝，视野开阔，极目东南，庄严端丽，尽显天界佛国雄姿。\r\n</p>'),(134,62,2,'天界佛国','<p style=\"font-size:14px;font-family:arial;color:#666666;\">\r\n	<span><img alt=\"天门山李娜小屋\" src=\"http://www.travelzjj.com/uploads/201506/281145298984.jpg\" width=\"730\" height=\"450\" title=\"天门山李娜小屋\" align=\"\" /></span>\r\n</p>\r\n<p style=\"font-size:14px;font-family:arial;color:#666666;\">\r\n	<span>&nbsp; &nbsp; &nbsp; &nbsp; &nbsp; &nbsp; &nbsp; &nbsp; &nbsp; &nbsp; &nbsp; &nbsp; &nbsp; &nbsp; &nbsp; &nbsp; &nbsp; &nbsp; &nbsp; &nbsp; &nbsp; &nbsp; &nbsp; &nbsp; &nbsp; &nbsp; &nbsp; &nbsp; &nbsp; &nbsp; &nbsp; &nbsp; &nbsp; &nbsp; &nbsp; &nbsp; &nbsp; &nbsp; &nbsp; &nbsp; &nbsp; &nbsp; &nbsp; 李娜小屋</span>\r\n</p>\r\n<p style=\"font-size:14px;font-family:arial;color:#666666;\">\r\n	<span><br />\r\n</span>\r\n</p>\r\n<p style=\"font-size:14px;font-family:arial;color:#666666;\">\r\n	<span>“承天地之灵气，接山水之精华，佛祖舍利给众生带来庇佑，也使天门奇景结无上佛缘。”<a href=\"http://www.travelzjj.com/panorama/detail/1071.html\" target=\"_blank\" class=\"keywords\">天门山</a>寺方丈怀梵法师引领着众人走进一个“天界佛国”，以最华丽的方式展现着湘西地区的佛教文化。1997年，李娜剃度受戒，法号释昌圣，从此遁迹空门。2009年有释迦摩尼故乡尼泊尔蓝毗尼迎请的释迦摩尼舍利正式安防在天门山寺，天门山寺成为湖南省内唯一一座拥有佛舍利的寺庙。</span>\r\n</p>'),(135,62,3,'交通路线','<span style=\"color:#666666;font-family:arial;font-size:14px;line-height:1.5;\">在市区可乘</span><span style=\"color:#666666;font-family:arial;font-size:14px;line-height:1.5;\">5</span><span style=\"color:#666666;font-family:arial;font-size:14px;line-height:1.5;\">、</span><span style=\"color:#666666;font-family:arial;font-size:14px;line-height:1.5;\">6</span><span style=\"color:#666666;font-family:arial;font-size:14px;line-height:1.5;\">、</span><span style=\"color:#666666;font-family:arial;font-size:14px;line-height:1.5;\">10</span><span style=\"color:#666666;font-family:arial;font-size:14px;line-height:1.5;\">路等公交至市区<a href=\"http://www.travelzjj.com/panorama/detail/1071.html\" target=\"_blank\" class=\"keywords\">天门山</a>索道下站，乘缆车至天门山国家森林公园。</span>'),(136,62,4,'游览须知','<p class=\"MsoNormal\" style=\"font-size:14px;font-family:arial;color:#666666;\">\r\n	<span style=\"line-height:1.5;\">该景点位于<a href=\"http://www.travelzjj.com/\" target=\"_blank\" class=\"keywords\">张家界</a><a href=\"http://www.travelzjj.com/panorama/detail/1071.html\" target=\"_blank\" class=\"keywords\">天门山</a>国家森林内。乘索道终点下，山顶线路分东、西线，任走一条都会途经此地。</span>\r\n</p>\r\n<p class=\"MsoNormal\" style=\"font-size:14px;font-family:arial;color:#666666;\">\r\n	相关信息：天门山门票258元（含往返索道、天门山寺门票）\r\n</p>'),(145,64,1,'凌空观景','									<p style=\"font-size:14px;font-family:arial;color:#666666;\">\r\n	俗话说“不上<a href=\"http://www.travelzjj.com/panorama/detail/1067.html\" target=\"_blank\" class=\"keywords\">黄石寨</a>，枉到<a href=\"http://www.travelzjj.com/\" target=\"_blank\" class=\"keywords\">张家界</a>”。黄石寨，位于张家界市的武陵源，是国家5条精品游览线之一。相传汉朝张良，看破红尘，辞官不做，隐居江湖。在云游这里时，被官兵围困。后来得师父黄石公的帮助脱险，因而把这里叫作黄石寨。\r\n</p>\r\n<p style=\"font-size:14px;font-family:arial;color:#666666;\">\r\n	<br />\r\n</p>\r\n<p style=\"font-size:14px;font-family:arial;color:#666666;\">\r\n	<img alt=\"张家界黄石寨索道\" src=\"http://www.travelzjj.com/uploads/201506/271323212601.jpg\" width=\"730\" height=\"450\" title=\"张家界黄石寨索道\" align=\"\" />\r\n</p>\r\n									'),(146,64,2,'美景风光','									<p style=\"font-size:14px;font-family:arial;color:#666666;\">\r\n	<a href=\"http://www.travelzjj.com/panorama/detail/1067.html\" target=\"_blank\" class=\"keywords\">黄石寨</a>海拔1200米，占地面积250亩，为<a href=\"http://www.travelzjj.com/panorama/detail/1051.html\" target=\"_blank\" class=\"keywords\">张家界森林公园</a>最大、 最集中的观景台，主要观景点有20余处，故有“不上黄石寨，枉到<a href=\"http://www.travelzjj.com/\" target=\"_blank\" class=\"keywords\">张家界</a>”之说。有南北两条步行登寨游道，还有后山车道自老磨湾通通寨后卡门，系砂石路面；从南面登寨，沿途有天书宝匣、定海神针、南天门、南天一柱、摘星台、天桥遗墩、六奇阁等绝佳景点。\r\n</p>\r\n<p style=\"font-size:14px;font-family:arial;color:#666666;\">\r\n	<br />\r\n</p>\r\n<p style=\"font-size:14px;font-family:arial;color:#666666;\">\r\n	<img alt=\"张家界黄石寨\" src=\"http://www.travelzjj.com/uploads/201506/271323578413.jpg\" width=\"730\" height=\"450\" title=\"张家界黄石寨\" align=\"\" />\r\n</p>\r\n<p style=\"font-size:14px;font-family:arial;color:#666666;\">\r\n	 \r\n</p>\r\n<p style=\"font-size:14px;font-family:arial;color:#666666;\">\r\n	<span>游人这样评价黄石寨：五步称奇，七步叫绝；十步之外，目瞪口呆。黄石寨这里的每一座岩峰都是一件古老的艺术品，它们如剑、如针、如龙首、如老龟、如现代化都市的摩天大厦……曾有诗曰：“千峰竟秀，万木葱笼，琳琅满目，美不胜数。虽非大上，不似人间，借以喻此，不为过也。”</span>\r\n</p>\r\n<p style=\"font-size:14px;font-family:arial;color:#666666;\">\r\n	 \r\n</p>\r\n<p style=\"font-size:14px;font-family:arial;color:#666666;\">\r\n	<img alt=\"张家界黄石寨雪景\" src=\"http://www.travelzjj.com/uploads/201506/271324124611.jpg\" width=\"730\" height=\"450\" title=\"张家界黄石寨雪景\" align=\"\" />\r\n</p>\r\n									'),(147,64,3,'交通路线','									<p style=\"font-size:14px;font-family:arial;color:#666666;\">\r\n	在张家界市中心汽车站（火车站旁50米）就可搭乘去往森林公园的线路巴士。\r\n</p>\r\n<p style=\"font-size:14px;font-family:arial;color:#666666;\">\r\n	森林公园门票站进入：从老磨湾广场乘景区环保车至黄石寨索道下站，乘缆车上山。或从登山游道步行上山（时间约1.5小时）。\r\n</p>\r\n									'),(148,64,4,'游览须知','									<p style=\"font-size:14px;font-family:arial;color:#666666;\">\r\n	武陵源核心景区游览路线可简要形容为山下游览路线、山上游览路线；\r\n</p>\r\n<p style=\"font-size:14px;font-family:arial;color:#666666;\">\r\n	黄石寨归属于山下游览线，1日游推荐线路为：市区-森林公园门票站-老磨湾广场-黄石寨索道上山-黄石寨-黄石寨索道下山-徒步金鞭溪-水绕四门-景区环保车-十里画廊-景区环保车-吴家峪门票站-武陵源区，整线游览时间至少需7小时。\r\n</p>\r\n<p style=\"font-size:14px;font-family:arial;color:#666666;\">\r\n	如果选择步行上下山，时间增加约3小时。\r\n</p>\r\n<p style=\"font-size:14px;font-family:arial;color:#666666;\">\r\n	黄石寨山顶为环形游道，有小环线（1.5小时）、大环线（3小时）之分。\r\n</p>\r\n<p style=\"font-size:14px;font-family:arial;color:#666666;\">\r\n	<span style=\"line-height:1.5;\">相关信息</span>\r\n</p>\r\n<p style=\"font-size:14px;font-family:arial;color:#666666;\">\r\n	<span style=\"line-height:1.5;\">门票：已含在武陵源核心景区门票内（票价</span><span style=\"line-height:1.5;\">248</span><span style=\"line-height:1.5;\">元</span><span style=\"line-height:1.5;\">/3</span><span style=\"line-height:1.5;\">天有效）</span>\r\n</p>\r\n<p style=\"font-size:14px;font-family:arial;color:#666666;\">\r\n	<span style=\"line-height:1.5;\">地址：张家界市武陵源区黄石寨风景区</span>\r\n</p>\r\n									'),(149,65,1,'峰林奇观','									<p class=\"MsoNormal\" style=\"font-size:14px;font-family:arial;color:#666666;\">\r\n	<img alt=\"张家界天子山\" src=\"http://www.travelzjj.com/uploads/201506/271456235998.jpg\" width=\"730\" height=\"450\" title=\"张家界天子山\" align=\"\" />\r\n</p>\r\n<p class=\"MsoNormal\" style=\"font-size:14px;font-family:arial;color:#666666;\">\r\n	                                                                                                                                                      摄影者：文绍军\r\n</p>\r\n<p class=\"MsoNormal\" style=\"font-size:14px;font-family:arial;color:#666666;\">\r\n	<br />\r\n</p>\r\n<p class=\"MsoNormal\" style=\"font-size:14px;font-family:arial;color:#666666;\">\r\n	<span>天子山位于武陵源核心景区东北面，海拔</span><span>1200</span><span>多米，景区内石峰林立，沟壑纵横，被誉为“扩大的盆景，缩小的仙境”。相传，土家民族英雄“向王天子”，带领土家族人反对朝廷暴政。在此与前来围剿的官兵殊死搏斗，兵败后宁死不屈，跳下了神堂湾。人们为了</span><span>念这位土家族英雄，而取名“天子山”。即使后来清王朝采用各种压抑措施。强令取消“天子”二字。但土家族人民却一直称“天子山”。</span>\r\n</p>\r\n<p class=\"MsoNormal\" style=\"font-size:14px;font-family:arial;color:#666666;\">\r\n	<span></span> \r\n</p>\r\n<p class=\"MsoNormal\" style=\"font-size:14px;font-family:arial;color:#666666;\">\r\n	<img alt=\"张家界天子山雪景\" src=\"http://www.travelzjj.com/uploads/201506/271456524049.jpg\" width=\"730\" height=\"450\" title=\"张家界天子山雪景\" align=\"\" />\r\n</p>\r\n<p class=\"MsoNormal\" style=\"font-size:14px;font-family:arial;color:#666666;\">\r\n	                                                                                                                                                        摄影者：赵敏\r\n</p>\r\n<p class=\"MsoNormal\" style=\"font-size:14px;font-family:arial;color:#666666;\">\r\n	<br />\r\n</p>\r\n<p class=\"MsoNormal\" style=\"font-size:14px;font-family:arial;color:#666666;\">\r\n	<span>因景区内峰林耸立如海，故被游人赞为“峰林之王”。那些遗世而独立的石峰，屹立在岁月的长河中，以至于每一座孤峰都拥有着生命，向您无言地倾诉着他们积攒下的无数故事。不会腾云的我们，只能在路可以相连的山壁上行走。而那些雄壮的山体，也许再过</span><span>十万载，又演变成了新的峰林。</span>\r\n</p>\r\n									'),(150,65,2,'风光美景','									<p style=\"font-size:14px;font-family:arial;color:#666666;\">\r\n	<img alt=\"张家界天子山云海\" src=\"http://www.travelzjj.com/uploads/201506/271259359819.jpg\" width=\"730\" height=\"450\" title=\"张家界天子山云海\" align=\"\" />\r\n</p>\r\n<p style=\"font-size:14px;font-family:arial;color:#666666;\">\r\n	                                                                                                                                                     摄影者：孙建华\r\n</p>\r\n<p style=\"font-size:14px;font-family:arial;color:#666666;\">\r\n	<br />\r\n</p>\r\n<p style=\"font-size:14px;font-family:arial;color:#666666;\">\r\n	<span>天子山还有“云雾、月夜、霞日、冬雪”四大奇观。天子山最多见的云雾奇观，景象万千，有云雾、云海、云涛、云瀑、云彩等。久雨初晴之后或霏霏细雨之中，先是朦胧大雾，继而形成白云，环绕飘浮。群峰在无边无际的云海中时隐时现，使人仿佛置身于蓬莱仙境之中。霞日，晴天的早晨，一轮红日在朵朵红云的衬托下，从奇山异峰中冉冉升起。千万座石塔，婷婷玉立，披上一层红霞，十分迷人。</span>\r\n</p>\r\n<p style=\"font-size:14px;font-family:arial;color:#666666;\">\r\n	<span><span></span><br />\r\n </span>\r\n</p>\r\n<p style=\"font-size:14px;font-family:arial;color:#666666;\">\r\n	<img alt=\"张家界天子山雪景\" src=\"http://www.travelzjj.com/uploads/201506/271259482692.jpg\" width=\"730\" height=\"450\" title=\"张家界天子山雪景\" align=\"\" />\r\n</p>\r\n<p style=\"font-size:14px;font-family:arial;color:#666666;\">\r\n	<span style=\"line-height:1.5;\">                                                                                                                                                  摄影者：孙建华</span>\r\n</p>\r\n<p style=\"font-size:14px;font-family:arial;color:#666666;\">\r\n	<span style=\"line-height:1.5;\"><br />\r\n</span>\r\n</p>\r\n<p style=\"font-size:14px;font-family:arial;color:#666666;\">\r\n	<span style=\"line-height:1.5;\">冬雪，入冬，天子山银装素裹，青松和峰顶被大雪覆盖。此时的天子山冰柱倒立，冰花四散，只有一些山鹿、野猪，才不为银白世界所征服。</span>\r\n</p>\r\n									'),(151,65,3,'交通路线','									<p style=\"font-size:14px;font-family:arial;color:#666666;\">\r\n	在张家界市中心汽车站（火车站旁50米）就可搭乘去往武陵源的线路巴士。\r\n</p>\r\n<p style=\"font-size:14px;font-family:arial;color:#666666;\">\r\n	武陵源吴家峪门票站进入：乘景区环保车至天子山索道下站，乘缆车上山，或从卧龙岭步行上山。\r\n</p>\r\n<p style=\"font-size:14px;font-family:arial;color:#666666;\">\r\n	或者从杨家界索道、百龙天梯上山后，乘景区环保车前往。\r\n</p>\r\n									'),(152,65,4,'游览须知','									<p style=\"font-size:14px;font-family:arial;color:#666666;\">\r\n	武陵源核心景区游览路线可简要形容为山下游览路线、山上游览路线；\r\n</p>\r\n<p style=\"font-size:14px;font-family:arial;color:#666666;\">\r\n	天子山属于山上游览线，可作为游览的起点，1日游推荐线路为：武陵源区-吴家峪门票站-景区环保车-天子山索道上山-天子山-景区环保车-杨家界-景区环保车-袁家界-百龙天梯下山-景区环保车-吴家峪门票站-武陵源区，整线游览时间至少需7小时。\r\n</p>\r\n<p style=\"font-size:14px;font-family:arial;color:#666666;\">\r\n	天子山常规游览多在贺龙公园游览区（时间约2小时）。如果时间允许，体力充沛，可选择去茶盘塔游览区（时间约1.5小时）、老屋场游览区游览（时间约3小时）。\r\n</p>\r\n<p style=\"font-size:14px;font-family:arial;color:#666666;\">\r\n	老屋场云海是最直接推荐的拍摄地，云雾缭绕，仙气逼人。从丁香榕路口至老屋场，尚有4公里余山路，可乘当地面包车、三轮车前往。若是选择徒步，要考虑此道是一路下坡，路上布满石子，晴天三尺土，雨天一身泥。\r\n</p>\r\n<p style=\"font-size:14px;font-family:arial;color:#666666;\">\r\n	相关信息\r\n</p>\r\n<p style=\"font-size:14px;font-family:arial;color:#666666;\">\r\n	门票：已含在武陵源核心景区门票内（票价248元/3天有效）\r\n</p>\r\n<p style=\"font-size:14px;font-family:arial;color:#666666;\">\r\n	地址：张家界市武陵源区天子山风景区\r\n</p>\r\n									'),(171,71,1,'简介','<p style=\"font-size:14px;font-family:arial;color:#666666;\">\r\n	<img alt=\"张家界崇山\" src=\"http://www.travelzjj.com/uploads/201506/291340163364.jpg\" width=\"730\" height=\"450\" title=\"张家界崇山\" align=\"\" />\r\n</p>\r\n<p style=\"font-size:14px;font-family:arial;color:#666666;\">\r\n	&nbsp; &nbsp; &nbsp; &nbsp; &nbsp; &nbsp; &nbsp; &nbsp; &nbsp; &nbsp; &nbsp; &nbsp; &nbsp; &nbsp; &nbsp; &nbsp; &nbsp; &nbsp; &nbsp; &nbsp; &nbsp; &nbsp; &nbsp; &nbsp; &nbsp; &nbsp; &nbsp; &nbsp; &nbsp; &nbsp; &nbsp; &nbsp; &nbsp; &nbsp; &nbsp; &nbsp; &nbsp; &nbsp; &nbsp; &nbsp; &nbsp; &nbsp; &nbsp; &nbsp; &nbsp; &nbsp; &nbsp; &nbsp; &nbsp; &nbsp; &nbsp; &nbsp; &nbsp; &nbsp; &nbsp; &nbsp; &nbsp; &nbsp; &nbsp; &nbsp; &nbsp; &nbsp; &nbsp; &nbsp; &nbsp; &nbsp; &nbsp; &nbsp; &nbsp; &nbsp; &nbsp; &nbsp; &nbsp;摄影者：李东群\r\n</p>\r\n<p style=\"font-size:14px;font-family:arial;color:#666666;\">\r\n	<br />\r\n</p>\r\n<p style=\"font-size:14px;font-family:arial;color:#666666;\">\r\n	崇山——仙人溪之旅，既可以被定义为休闲赏红叶、体验农家乐的经典线路，也可以被户外资深人士定义为接受更大挑战——七星山的必经之路。\r\n</p>\r\n<p style=\"font-size:14px;font-family:arial;color:#666666;\">\r\n	<br />\r\n</p>\r\n<p style=\"font-size:14px;font-family:arial;color:#666666;\">\r\n	<img alt=\"张家界崇山\" src=\"http://www.travelzjj.com/uploads/201506/291340479608.jpg\" width=\"730\" height=\"450\" title=\"张家界崇山\" align=\"\" />\r\n</p>\r\n<p style=\"font-size:14px;font-family:arial;color:#666666;\">\r\n	&nbsp; &nbsp; &nbsp; &nbsp; &nbsp; &nbsp; &nbsp; &nbsp; &nbsp; &nbsp; &nbsp; &nbsp; &nbsp; &nbsp; &nbsp; &nbsp; &nbsp; &nbsp; &nbsp; &nbsp; &nbsp; &nbsp; &nbsp; &nbsp; &nbsp; &nbsp; &nbsp; &nbsp; &nbsp; &nbsp; &nbsp; &nbsp; &nbsp; &nbsp; &nbsp; &nbsp; &nbsp; &nbsp; &nbsp; &nbsp; &nbsp; &nbsp; &nbsp; &nbsp; &nbsp; &nbsp; &nbsp; &nbsp; &nbsp; &nbsp; &nbsp; &nbsp; &nbsp; &nbsp; &nbsp; &nbsp; &nbsp; &nbsp; &nbsp; &nbsp; &nbsp; &nbsp; &nbsp; &nbsp; &nbsp; &nbsp; &nbsp; &nbsp; &nbsp; &nbsp; &nbsp; &nbsp; 摄影者：李东群\r\n</p>'),(196,68,1,'剧情介绍','									<p style=\"font-size:14px;font-family:arial;color:#666666;\">\r\n	<img alt=\"魅力湘西追爱\" src=\"http://www.travelzjj.com/uploads/201506/261117217884.jpg\" width=\"730\" height=\"450\" title=\"魅力湘西追爱\" align=\"\" />\r\n</p>\r\n<p style=\"font-size:14px;font-family:arial;color:#666666;\">\r\n	<span style=\"line-height:1.5;\"></span> \r\n</p>\r\n<p style=\"font-size:14px;font-family:arial;color:#666666;\">\r\n	<span style=\"line-height:1.5;\">魅力湘西剧场的舞台演出持续了十余年，在国内、港澳台、日韩、东南亚均拥有极高的知名度，为武陵源核心景区享誉盛名的大剧院。</span><span style=\"line-height:1.5;\">2012年龙年春晚的杂技歌舞节目《追爱》，便是出自魅力湘西剧场的作品。《追爱》原名叫《爬楼》，是魅力湘西剧场经久不衰的经典剧目。</span>\r\n</p>\r\n<p style=\"font-size:14px;font-family:arial;color:#666666;\">\r\n	<span style=\"line-height:1.5;\"><br />\r\n</span>\r\n</p>\r\n<p style=\"font-size:14px;font-family:arial;color:#666666;\">\r\n	<span style=\"line-height:1.5;\"> </span><img alt=\"春晚节目追爱\" src=\"http://www.travelzjj.com/uploads/201506/261117590242.jpg\" width=\"729\" height=\"450\" title=\"春晚节目追爱\" align=\"\" />\r\n</p>\r\n<p style=\"font-size:14px;font-family:arial;color:#666666;\">\r\n	 \r\n</p>\r\n<p style=\"font-size:14px;font-family:arial;color:#666666;\">\r\n	而在魅力湘西剧场原址，《爬楼》的效果完全超越春晚舞台的表演。灯光亮出，少数民族的阿哥从观众席中突然跑出来，通过借力用力的配合，身手不凡的演员们，瞬间窜上数米高的阁楼，展现演员们极佳的弹跳力和柔韧性。舞台上的演员们更表现出极好的平衡，能几个人同时在一张双脚落地的梯子上作出惊险的动作，引得观众惊呼连连。\r\n</p>\r\n									'),(197,68,2,'演出特色','									<p style=\"font-size:14px;font-family:arial;color:#666666;\">\r\n	<img alt=\"魅力湘西\" src=\"http://www.travelzjj.com/uploads/201506/261119006345.jpg\" width=\"730\" height=\"450\" title=\"魅力湘西\" align=\"\" />\r\n</p>\r\n<p style=\"font-size:14px;font-family:arial;color:#666666;\">\r\n	 \r\n</p>\r\n<p style=\"font-size:14px;font-family:arial;color:#666666;\">\r\n	魅力湘西的节目取材，全都来自于湘西的民间艺术和生活：《边城》中的翠翠，划着小船出场，动如雷震的苗鼓，敲出了大山的力量。人们熟悉的桑植民歌《郎在高山打一望》、《马桑树儿搭灯台》在舞台上有了全新的演绎；哭嫁也被搬上了舞台，让人们欣赏到濒临失传的《哭嫁歌》。原始的祭祀舞茅古斯，延续着湘西人原始的信仰；神秘可怖的湘西赶尸，转成了一个令人感伤落泪的故事。湘西侗寨的《合拢宴》，在节目尾声将气氛推向高潮，强烈的节奏感，牵动着每个观众的神经。\r\n</p>\r\n<p style=\"font-size:14px;font-family:arial;color:#666666;\">\r\n	 \r\n</p>\r\n<p style=\"font-size:14px;font-family:arial;color:#666666;\">\r\n	<img alt=\"魅力湘西\" src=\"http://www.travelzjj.com/uploads/201506/261119359094.jpg\" width=\"730\" height=\"450\" title=\"魅力湘西\" align=\"\" />\r\n</p>\r\n<p style=\"font-size:14px;font-family:arial;color:#666666;\">\r\n	 \r\n</p>\r\n<p style=\"font-size:14px;font-family:arial;color:#666666;\">\r\n	室内演出之后，室外还有一场原生态的表演。苗族芦笙，侗族大歌，上刀山下火海，鬼谷神功轮番上阵，还有令人捧腹的互动游戏。\r\n</p>\r\n									'),(198,68,3,'交通路线','									<p class=\"MsoNormal\" style=\"font-size:14px;font-family:arial;color:#666666;\">\r\n	市中心汽车站乘“市区<span>-</span>武陵源”专线车直达<span></span>\r\n</p>\r\n<p class=\"MsoNormal\" style=\"font-size:14px;font-family:arial;color:#666666;\">\r\n	<b>联系方式<span></span></b>\r\n</p>\r\n<p class=\"MsoNormal\" style=\"font-size:14px;font-family:arial;color:#666666;\">\r\n	电话：<span>0744-5667777</span>\r\n</p>\r\n									'),(199,68,4,'观演须知','									<p class=\"MsoNormal\" style=\"font-size:14px;font-family:arial;color:#666666;\">\r\n	<b>票价<span></span></b>\r\n</p>\r\n<p class=\"MsoNormal\" style=\"font-size:14px;font-family:arial;color:#666666;\">\r\n	挂牌价<span>268</span>元<span></span>\r\n</p>\r\n<p class=\"MsoNormal\" style=\"font-size:14px;font-family:arial;color:#666666;\">\r\n	<b>演出详情</b>\r\n</p>\r\n<p class=\"MsoNormal\" style=\"font-size:14px;font-family:arial;color:#666666;\">\r\n	时间：<span>17</span>：<span>30,19</span>：<span>30</span>，<span>21:30</span>\r\n</p>\r\n<p class=\"MsoNormal\" style=\"font-size:14px;font-family:arial;color:#666666;\">\r\n	地点：张家界魅力湘西国际文化广场\r\n</p>\r\n									'),(200,67,1,'剧情介绍','									<p style=\"font-size:14px;font-family:arial;color:#666666;\">\r\n	<img alt=\"室外演出天门狐仙\" src=\"http://www.travelzjj.com/uploads/201506/271945442698.jpg\" width=\"730\" height=\"450\" title=\"室外演出天门狐仙\" align=\"\" />\r\n</p>\r\n<p style=\"font-size:14px;font-family:arial;color:#666666;\">\r\n	                                                                                                                                                     摄影者：李钢\r\n</p>\r\n<p style=\"font-size:14px;font-family:arial;color:#666666;\">\r\n	<br />\r\n</p>\r\n<p style=\"font-size:14px;font-family:arial;color:#666666;\">\r\n	《天门狐仙》是全世界首部以高山峡谷为背景和舞台的实景音乐剧演绎的是包括张家界内的大湘西流传的神话爱情故事。纵深5公里、海拔高差1100米的峡谷舞台，纳入了大自然的雄奇俊美。最高处是豁然悬廊的天门洞，山坡上建造了土家吊脚楼、飞瀑流泉、溜索、飞桥。这部音乐剧完全突破了人们熟知的舞台效果，融入了歌舞、武术、魔术、杂技等舞台艺术，宏大的灯光效果，营建出一个如梦如幻的世界。\r\n</p>\r\n									'),(201,67,2,'演出特色','									<p style=\"font-size:14px;font-family:arial;color:#666666;\">\r\n	<img alt=\"天门狐仙\" src=\"http://www.travelzjj.com/uploads/201506/271946402946.jpg\" width=\"730\" height=\"450\" title=\"天门狐仙\" align=\"\" />\r\n</p>\r\n<p style=\"font-size:14px;font-family:arial;color:#666666;\">\r\n	 \r\n</p>\r\n<p style=\"font-size:14px;font-family:arial;color:#666666;\">\r\n	《天门狐仙》又名《新刘海砍樵》。《刘海砍樵》是湖南著名的花鼓戏，主要流传在湘西一带。这出花鼓戏源起于神话传说，发源地在常德，讲述了樵夫刘海和千年狐狸精胡秀英的爱情故事。\r\n</p>\r\n<p style=\"font-size:14px;font-family:arial;color:#666666;\">\r\n	 \r\n</p>\r\n<p style=\"font-size:14px;font-family:arial;color:#666666;\">\r\n	<img alt=\"天门狐仙刘海哥\" src=\"http://www.travelzjj.com/uploads/201506/271947011280.jpg\" width=\"730\" height=\"450\" title=\"天门狐仙刘海哥\" align=\"\" />\r\n</p>\r\n<p style=\"font-size:14px;font-family:arial;color:#666666;\">\r\n	                                                                              刘海哥                                                          摄影者：李东群\r\n</p>\r\n<p style=\"font-size:14px;font-family:arial;color:#666666;\">\r\n	<br />\r\n</p>\r\n<p style=\"font-size:14px;font-family:arial;color:#666666;\">\r\n	本剧通过对这个经典故事的重新构思、巧妙编排，并在音乐旋律的引领下，层层展开一幅幅绚丽优美、哀婉生动的舞台场景，重新讲述了以砍柴为生的青年樵夫刘海和在天门山中修炼千年的白狐仙之间曲折而浪漫的爱情经历。融入了桑植等地的民歌和土家的民风、民俗，在大型的真实场景中，表演的歌舞剧。以灯光和背景的大型营造以及歌曲独特风格为胜。\r\n</p>\r\n<p style=\"font-size:14px;font-family:arial;color:#666666;\">\r\n	 \r\n</p>\r\n<p style=\"font-size:14px;font-family:arial;color:#666666;\">\r\n	<img alt=\"狐仙\" src=\"http://www.travelzjj.com/uploads/201506/271948171555.jpg\" width=\"730\" height=\"449\" title=\"狐仙\" align=\"\" />\r\n</p>\r\n<p style=\"font-size:14px;font-family:arial;color:#666666;\">\r\n	                                                                             狐仙                                                              摄影者：李东群\r\n</p>\r\n									'),(202,67,3,'交通路线','									<p class=\"MsoNormal\" style=\"font-size:14px;font-family:arial;color:#666666;\">\r\n	地点：天门山峡谷大剧场<span></span>\r\n</p>\r\n<p class=\"MsoNormal\" style=\"font-size:14px;font-family:arial;color:#666666;\">\r\n	<b>联系方式<span></span></b>\r\n</p>\r\n<p class=\"MsoNormal\" style=\"font-size:14px;font-family:arial;color:#666666;\">\r\n	电话：<span>0744-8369999</span>\r\n</p>\r\n									'),(203,67,4,'观演须知','									<p class=\"MsoNormal\" style=\"font-size:14px;font-family:arial;color:#666666;\">\r\n	<b>票价<span></span></b>\r\n</p>\r\n<p class=\"MsoNormal\" style=\"font-size:14px;font-family:arial;color:#666666;\">\r\n	根据不同的座次，有<span>238</span>元、<span>580</span>元、<span>880</span>元。（演出基本不会受天气影响，每年冬季停演，时间大致在<span>12</span>月中下旬<span>-</span>次年中上旬）<span></span>\r\n</p>\r\n<p class=\"MsoNormal\" style=\"font-size:14px;font-family:arial;color:#666666;\">\r\n	<b>演出详情</b>\r\n</p>\r\n<p class=\"MsoNormal\" style=\"font-size:14px;font-family:arial;color:#666666;\">\r\n	时间：每天<span>20:15</span>\r\n</p>\r\n									'),(204,66,1,'剧情介绍','									<p style=\"font-size:14px;font-family:arial;color:#666666;\">\r\n	<img alt=\"烟雨张家界\" src=\"http://www.travelzjj.com/uploads/201506/271938084039.jpg\" width=\"730\" height=\"450\" title=\"烟雨张家界\" align=\"\" />\r\n</p>\r\n<p style=\"font-size:14px;font-family:arial;color:#666666;\">\r\n	<span style=\"line-height:1.5;\"></span> \r\n</p>\r\n<p style=\"font-size:14px;font-family:arial;color:#666666;\">\r\n	<span style=\"line-height:1.5;\">《烟雨张家界》讲述了远古时代在烟雨缥缈的张家界大山深处，土家族英俊青年洛巴冲和苗族美丽姑娘阿依朵之间缠绵悱恻、美丽动人、荡气回肠的爱情故事。</span>\r\n</p>\r\n									'),(205,66,2,'演出特色','									<p style=\"font-size:14px;font-family:arial;color:#666666;\">\r\n	<img alt=\"烟雨张家界\" src=\"http://www.travelzjj.com/uploads/201506/271938314437.jpg\" width=\"730\" height=\"450\" title=\"烟雨张家界\" align=\"\" />\r\n</p>\r\n<p style=\"font-size:14px;font-family:arial;color:#666666;\">\r\n	 \r\n</p>\r\n<p style=\"font-size:14px;font-family:arial;color:#666666;\">\r\n	《烟雨张家界》时长80分钟，10个选段围绕洛巴冲和阿依朵的爱情主线，展示了张家界地区历史悠久的农耕文化、巫傩文化、建筑文化、服饰文化、饮食文化、婚俗文化，其中桑植民歌、茅古斯舞蹈、土家织锦、打溜子、哭嫁等更是列入了国家非物质文化遗产名录。\r\n</p>\r\n<p style=\"font-size:14px;font-family:arial;color:#666666;\">\r\n	 \r\n</p>\r\n<p style=\"font-size:14px;font-family:arial;color:#666666;\">\r\n	<img alt=\"烟雨张家界\" src=\"http://www.travelzjj.com/uploads/201506/271938489921.jpg\" width=\"730\" height=\"450\" title=\"烟雨张家界\" align=\"\" />\r\n</p>\r\n<p style=\"font-size:14px;font-family:arial;color:#666666;\">\r\n	 \r\n</p>\r\n<p style=\"font-size:14px;font-family:arial;color:#666666;\">\r\n	这台节目是中国首台3D视觉大型民俗文化演出，也是中国首个模拟实景剧场演出，利用现代声、光、电等科技设施，配合美妙而震撼的配乐以及逼真的超大视频特效，真人与视频的完美结合，演员在屏幕间来回穿梭，让人产生亦真亦幻、如烟似雨的感觉，向世人演绎魅力、神秘的张家界民族风情。整台大戏时长只有80分钟，穿越的却是张家界几千年的辉煌灿烂文化。\r\n</p>\r\n<p style=\"font-size:14px;font-family:arial;color:#666666;\">\r\n	 \r\n</p>\r\n<p style=\"font-size:14px;font-family:arial;color:#666666;\">\r\n	<img alt=\"烟雨张家界\" src=\"http://www.travelzjj.com/uploads/201506/271939090230.jpg\" width=\"730\" height=\"450\" title=\"烟雨张家界\" align=\"\" />\r\n</p>\r\n									'),(206,66,3,'交通路线','									<p class=\"MsoNormal\" style=\"font-size:14px;font-family:arial;color:#666666;\">\r\n	<b>交通<span></span></b>\r\n</p>\r\n<p class=\"MsoNormal\" style=\"font-size:14px;font-family:arial;color:#666666;\">\r\n	自驾线路<span>:</span>长沙至张家界高速公路在阳和收费站下高速，到黄龙洞只有<span>17</span>公里。<span><br />\r\n</span>公交线路<span>:</span>张家界火车站距黄龙洞<span>48</span>公里有直达武陵源的大巴，或者从火车站打的至张家界汽车站再转车到武陵源。<span></span>\r\n</p>\r\n<p class=\"MsoNormal\" style=\"font-size:14px;font-family:arial;color:#666666;\">\r\n	<b>联系方式<span></span></b>\r\n</p>\r\n<p class=\"MsoNormal\" style=\"font-size:14px;font-family:arial;color:#666666;\">\r\n	电话：<span>400-883-1111</span>\r\n</p>\r\n<p class=\"MsoNormal\" style=\"font-size:14px;font-family:arial;color:#666666;\">\r\n	         0744-5628756\r\n</p>\r\n									'),(207,66,4,'观演须知','									<p class=\"MsoNormal\" style=\"font-size:14px;font-family:arial;color:#666666;\">\r\n	<b>票价</b>\r\n</p>\r\n<p class=\"MsoNormal\" style=\"font-size:14px;font-family:arial;color:#666666;\">\r\n	挂牌价<span>198</span>元<span></span>\r\n</p>\r\n<p class=\"MsoNormal\" style=\"font-size:14px;font-family:arial;color:#666666;\">\r\n	<b>演出详情<span></span></b>\r\n</p>\r\n<p class=\"MsoNormal\" style=\"font-size:14px;font-family:arial;color:#666666;\">\r\n	时间：<span>11:00</span>、<span>17:00</span>，每场<span>35</span>分钟<span></span>\r\n</p>\r\n<p class=\"MsoNormal\" style=\"font-size:14px;font-family:arial;color:#666666;\">\r\n	地点：哈利路亚音乐厅\r\n</p>\r\n									'),(208,72,1,'简介','									<p style=\"font-size:14px;font-family:arial;color:#666666;\">\r\n	<img alt=\"张家界崇山\" src=\"http://www.travelzjj.com/uploads/201506/291340163364.jpg\" width=\"730\" height=\"450\" title=\"张家界崇山\" align=\"\" />\r\n</p>\r\n<p style=\"font-size:14px;font-family:arial;color:#666666;\">\r\n	                                                                                                                                                 摄影者：李东群\r\n</p>\r\n<p style=\"font-size:14px;font-family:arial;color:#666666;\">\r\n	<br />\r\n</p>\r\n<p style=\"font-size:14px;font-family:arial;color:#666666;\">\r\n	崇山——仙人溪之旅，既可以被定义为休闲赏红叶、体验农家乐的经典线路，也可以被户外资深人士定义为接受更大挑战——七星山的必经之路。\r\n</p>\r\n<p style=\"font-size:14px;font-family:arial;color:#666666;\">\r\n	<br />\r\n</p>\r\n<p style=\"font-size:14px;font-family:arial;color:#666666;\">\r\n	<img alt=\"张家界崇山\" src=\"http://www.travelzjj.com/uploads/201506/291340479608.jpg\" width=\"730\" height=\"450\" title=\"张家界崇山\" align=\"\" />\r\n</p>\r\n<p style=\"font-size:14px;font-family:arial;color:#666666;\">\r\n	                                                                                                                                                摄影者：李东群\r\n</p>\r\n									'),(209,69,1,'简介','									<p style=\"font-size:14px;font-family:arial;color:#666666;\">\r\n	<img alt=\"八大公山\" src=\"http://www.travelzjj.com/uploads/201506/272047340897.jpg\" width=\"730\" height=\"450\" title=\"八大公山\" align=\"\" />\r\n</p>\r\n<p style=\"font-size:14px;font-family:arial;color:#666666;\">\r\n	 \r\n</p>\r\n<p style=\"font-size:14px;font-family:arial;color:#666666;\">\r\n	八大公山自然保护区总面积2万公顷，分为天平山、杉木界、斗篷山三大林区，主峰斗篷山海拔1898.4米，为武陵山脉南麓之巅。气候属北亚热带山地湿润季风气候，夏秋季短，春冬季长，最冷月平均气温0.1℃，最热月平均气温22.8℃，相对湿度90%以上。区内群山起伏，山脉纵横交错，599座山峰星罗棋布，奇峰突起，溪流、瀑布众多。独特的地理环境，孕育和保存了亚热带最完整、面积最大原生型常绿阔叶林。\r\n</p>\r\n<p style=\"font-size:14px;font-family:arial;color:#666666;\">\r\n	 \r\n</p>\r\n<p style=\"font-size:14px;font-family:arial;color:#666666;\">\r\n	<img alt=\"张家界八大公山\" src=\"http://www.travelzjj.com/uploads/201506/272047553808.jpg\" width=\"730\" height=\"450\" title=\"张家界八大公山\" align=\"\" />\r\n</p>\r\n<p style=\"font-size:14px;font-family:arial;color:#666666;\">\r\n	 \r\n</p>\r\n									'),(210,69,2,'户外攻略','									<p class=\"MsoNormal\" style=\"font-size:14px;font-family:arial;color:#666666;\">\r\n	【资源种类】原生性森林、瀑布、山峦\r\n</p>\r\n<p class=\"MsoNormal\" style=\"font-size:14px;font-family:arial;color:#666666;\">\r\n	【户外项目】徒步山地穿越、溯溪、岩降、瀑降、水上抱石、定向越野、野营等\r\n</p>\r\n<p class=\"MsoNormal\" style=\"font-size:14px;font-family:arial;color:#666666;\">\r\n	【海拔范围】346m至2003m\r\n</p>\r\n<p class=\"MsoNormal\" style=\"font-size:14px;font-family:arial;color:#666666;\">\r\n	<span style=\"line-height:1.5;\">【线路难度】5星</span><span style=\"line-height:1.5;\">               </span>\r\n</p>\r\n<p class=\"MsoNormal\" style=\"font-size:14px;font-family:arial;color:#666666;\">\r\n	<span style=\"line-height:1.5;\">【线路强度】4星</span><span style=\"line-height:1.5;\">                               </span>\r\n</p>\r\n<p class=\"MsoNormal\" style=\"font-size:14px;font-family:arial;color:#666666;\">\r\n	<span style=\"line-height:1.5;\">【线路风景】4星</span>\r\n</p>\r\n<p class=\"MsoNormal\" style=\"font-size:14px;font-family:arial;color:#666666;\">\r\n	<span style=\"line-height:1.5;\">【装备要求】速干衣裤、冲锋衣、防寒衣、登山包、登山鞋、登山杖、水袋、手套、头巾、野炊用具、露营装备、头盔、药品等</span>\r\n</p>\r\n<p class=\"MsoNormal\" style=\"font-size:14px;font-family:arial;color:#666666;\">\r\n	<span style=\"line-height:1.5;\">【周边资源】贺龙故居、廖汉生故居、桑鹤土司结盟遗址、澧水源头七眼泉等。</span>\r\n</p>\r\n<p class=\"MsoNormal\" style=\"font-size:14px;font-family:arial;color:#666666;\">\r\n	 <strong>【交通指引】</strong>\r\n</p>\r\n<p class=\"MsoNormal\" style=\"margin-left:0cm;font-size:14px;font-family:arial;color:#666666;text-indent:0cm;\">\r\n	1.进入：桑植汽车西站至芭茅溪乡（20元），然后租车进入辽竹湾村（穿越的起点）。\r\n</p>\r\n<p class=\"MsoNormal\" style=\"margin-left:0cm;font-size:14px;font-family:arial;color:#666666;text-indent:0cm;\">\r\n	2.回程：下山后再沙园联系芭茅溪车主接至芭茅溪，原路返回桑植县。\r\n</p>\r\n<p class=\"MsoNormal\" style=\"font-size:14px;font-family:arial;color:#666666;\">\r\n	 \r\n</p>\r\n<p class=\"MsoNormal\" style=\"font-size:14px;font-family:arial;color:#666666;\">\r\n	<strong>行程</strong>\r\n</p>\r\n<p class=\"MsoNormal\" style=\"font-size:14px;font-family:arial;color:#666666;\">\r\n	DAY1\r\n</p>\r\n<p class=\"MsoNormal\" style=\"font-size:14px;font-family:arial;color:#666666;\">\r\n	桑植县-芭茅溪-四门岩林场\r\n</p>\r\n<p class=\"MsoNormal\" style=\"font-size:14px;font-family:arial;color:#666666;\">\r\n	[备注]桑植县至芭茅溪乡后中餐，推荐参观：圆梦饭庄（价格20-30元/人，联系电话：13974426576）。\r\n</p>\r\n<p class=\"MsoNormal\" style=\"font-size:14px;font-family:arial;color:#666666;\">\r\n	中餐后租车往辽竹湾，在辽竹湾村部下车后沿小路步行10km左右至四门岩林场，宿营四门岩林场场部。\r\n</p>\r\n<p class=\"MsoNormal\" style=\"font-size:14px;font-family:arial;color:#666666;\">\r\n	DAY2\r\n</p>\r\n<p class=\"MsoNormal\" style=\"font-size:14px;font-family:arial;color:#666666;\">\r\n	四门岩林场-长坪-大顶坪\r\n</p>\r\n<p class=\"MsoNormal\" style=\"font-size:14px;font-family:arial;color:#666666;\">\r\n	 \r\n</p>\r\n<p class=\"MsoNormal\" style=\"font-size:14px;font-family:arial;color:#666666;\">\r\n	[备注]\r\n</p>\r\n<p class=\"MsoNormal\" style=\"font-size:14px;font-family:arial;color:#666666;\">\r\n	从四门岩林场出发，翻山至长坪峡谷入口，沿长坪沟溯溪而上，长坪午休，午休后顺干谷河床一路向上提升面，直达大顶坪宿营。\r\n</p>\r\n<p class=\"MsoNormal\" style=\"font-size:14px;font-family:arial;color:#666666;\">\r\n	DAY3\r\n</p>\r\n<p class=\"MsoNormal\" style=\"font-size:14px;font-family:arial;color:#666666;\">\r\n	大顶坪-瞭望塔-小庄坪（天平山接待站）\r\n</p>\r\n<p class=\"MsoNormal\" style=\"font-size:14px;font-family:arial;color:#666666;\">\r\n	DAY4\r\n</p>\r\n<p class=\"MsoNormal\" style=\"font-size:14px;font-family:arial;color:#666666;\">\r\n	小庄坪-连三台-毛垭半坡\r\n</p>\r\n<p class=\"MsoNormal\" style=\"font-size:14px;font-family:arial;color:#666666;\">\r\n	[备注]沿山腰猎户小道环山至青龙湾，青龙湾对面有一小溪沟，顺沟而下可见三棵枯树，再往下见干枯河床，顺河床而下至漆水塔休息。\r\n</p>\r\n<p class=\"MsoNormal\" style=\"font-size:14px;font-family:arial;color:#666666;\">\r\n	顺峡谷而下行至毛垭半坡农户家宿营。全程无手机信号，需9小时。晚上可住宿当地农家，体验土家族的日常生活。\r\n</p>\r\n<p class=\"MsoNormal\" style=\"font-size:14px;font-family:arial;color:#666666;\">\r\n	DAY5\r\n</p>\r\n<p class=\"MsoNormal\" style=\"font-size:14px;font-family:arial;color:#666666;\">\r\n	毛垭半坡-黄连台（李家河）\r\n</p>\r\n<p class=\"MsoNormal\" style=\"font-size:14px;font-family:arial;color:#666666;\">\r\n	[备注]\r\n</p>\r\n<p class=\"MsoNormal\" style=\"font-size:14px;font-family:arial;color:#666666;\">\r\n	早餐后从毛垭半坡至毛垭村，有小卖部补结，从毛垭村小路下山至黄连台村长宿营，全天行程需7小时。\r\n</p>\r\n<p class=\"MsoNormal\" style=\"font-size:14px;font-family:arial;color:#666666;\">\r\n	黄连台村村长杨志山15074408816\r\n</p>\r\n<p class=\"MsoNormal\" style=\"font-size:14px;font-family:arial;color:#666666;\">\r\n	            书记刘伟华13407443072\r\n</p>\r\n<p class=\"MsoNormal\" style=\"font-size:14px;font-family:arial;color:#666666;\">\r\n	DAY6\r\n</p>\r\n<p class=\"MsoNormal\" style=\"font-size:14px;font-family:arial;color:#666666;\">\r\n	黄连台-小溪口-天梯人家-七湾-芭茅溪\r\n</p>\r\n<p class=\"MsoNormal\" style=\"font-size:14px;font-family:arial;color:#666666;\">\r\n	[备注]\r\n</p>\r\n<p class=\"MsoNormal\" style=\"font-size:14px;font-family:arial;color:#666666;\">\r\n	至黄连台村部，沿溪边土公路往下到达小溪口，公路可达芭茅溪镇，公路旁小溪进山约40分钟山路到达天梯人家，此处可观60m瀑布。天梯人家徒步七湾下山到达天平山公路，可联系包车来接至芭茅溪，车费30元/车（司机张师傅13707446937）。<span style=\"line-height:1.5;\"></span>\r\n</p>\r\n<p class=\"MsoNormal\" style=\"font-size:14px;font-family:arial;color:#666666;\">\r\n	<span style=\"line-height:1.5;\"><img alt=\"张家界八大公山地图\" src=\"http://www.travelzjj.com/uploads/201506/272049474905.jpg\" width=\"730\" height=\"450\" title=\"张家界八大公山地图\" align=\"\" /><br />\r\n</span>\r\n</p>\r\n<div>\r\n	<br />\r\n</div>\r\n									'),(211,69,3,'安全提示','									<p class=\"MsoNormal\" style=\"font-size:14px;font-family:arial;color:#666666;\">\r\n	【安全提示】该线路需要扁带、对讲机、急救药品等公共装备方可成行，切勿孤身或私下结伴前往，需联系当地户外俱乐部提供专业向导和保护。\r\n</p>\r\n<p class=\"MsoNormal\" style=\"font-size:14px;font-family:arial;color:#666666;\">\r\n	此行程路途较长，而且进入谷底，手机信号不好，也有可能没有；又出于隐雷区，雨天建议慎重出行。谷中暂时没有小商品出售，进入景区要带足食物和饮水保持体力，可以带些高能量的食物，如巧克力、饼干、肉类等；景区中有许多飞禽走兽，请远离并保护它们，切勿伤害它们；山中雨雾笼罩，有时豁然开朗，横穿石壁，自然温服比较低，风力也会大些，请务必注意保暖，适当带些衣服，防止温度突变，引起身体不适。\r\n</p>\r\n<p class=\"MsoNormal\" style=\"font-size:14px;font-family:arial;color:#666666;\">\r\n	特别提醒：八大公山毒蛇（五步蛇）出没，要防止被毒蛇咬伤。\r\n</p>\r\n<p class=\"MsoNormal\" style=\"font-size:14px;font-family:arial;color:#666666;\">\r\n	遇险求助电话：<span style=\"line-height:1.5;\">八大公山乡政府0744-6730001</span>\r\n</p>\r\n									'),(212,70,1,'简介','									<p class=\"MsoNormal\" style=\"font-size:14px;font-family:arial;color:#666666;\">\r\n	<img alt=\"张家界户外清风峡\" src=\"http://www.travelzjj.com/uploads/201506/291347053576.jpg\" width=\"730\" height=\"450\" title=\"张家界户外清风峡\" align=\"\" />\r\n</p>\r\n<p class=\"MsoNormal\" style=\"font-size:14px;font-family:arial;color:#666666;\">\r\n	                                                                                                                                                 摄影者：李东群\r\n</p>\r\n<p class=\"MsoNormal\" style=\"font-size:14px;font-family:arial;color:#666666;\">\r\n	<br />\r\n</p>\r\n<p class=\"MsoNormal\" style=\"font-size:14px;font-family:arial;color:#666666;\">\r\n	<a href=\"http://www.travelzjj.com/panorama/detail/1129.html\" target=\"_blank\" class=\"keywords\">清风峡</a>在<span>2009</span>年前后被大批户外爱好者发现，在这里除了当地乡民就地取材、逐年垒砌而成的简易游道和一处似土家院落般的游客服务点和露营营地，几乎没有人工雕凿的痕迹。可以说是一处世外桃源。\r\n</p>\r\n<p class=\"MsoNormal\" style=\"font-size:14px;font-family:arial;color:#666666;\">\r\n	<br />\r\n</p>\r\n<p class=\"MsoNormal\" style=\"font-size:14px;font-family:arial;color:#666666;\">\r\n	<img alt=\"张家界户外清风峡\" src=\"http://www.travelzjj.com/uploads/201506/291347502277.jpg\" width=\"730\" height=\"450\" title=\"张家界户外清风峡\" align=\"\" />\r\n</p>\r\n<p class=\"MsoNormal\" style=\"font-size:14px;font-family:arial;color:#666666;\">\r\n	                                                                                                                                                 摄影者：李东群\r\n</p>\r\n<p class=\"MsoNormal\" style=\"font-size:14px;font-family:arial;color:#666666;\">\r\n	<br />\r\n</p>\r\n<p class=\"MsoNormal\" style=\"font-size:14px;font-family:arial;color:#666666;\">\r\n	<span>清风峡谷沿途可见森林茂密、石峰林立，骏马奋蹄、屈子行吟、 指点江山、五指迎宾、金鞭直立等景点形态各异、活灵活现、栩栩如生，还有高山流水、鸳鸯洞穴、龙泉瀑布、千年古藤满绝壁、五色花树等绝景，这些风景在不同的角度观赏给人不同的感觉。真有：“横看成岭侧成峰，远近高低各不同”之感。</span>\r\n</p>\r\n									'),(213,70,2,'户外攻略','									<p class=\"MsoNormal\" style=\"font-size:14px;font-family:arial;color:#666666;\">\r\n	资源种类】张家界地貌\r\n</p>\r\n<p class=\"MsoNormal\" style=\"font-size:14px;font-family:arial;color:#666666;\">\r\n	【户外项目】徒步、摄影、度假、攀岩、溯溪、露营、涉潭、探瀑等\r\n</p>\r\n<p class=\"MsoNormal\" style=\"font-size:14px;font-family:arial;color:#666666;\">\r\n	【海拔范围】470m至800m\r\n</p>\r\n<p class=\"MsoNormal\" style=\"font-size:14px;font-family:arial;color:#666666;\">\r\n	【线路难度】2星\r\n</p>\r\n<p class=\"MsoNormal\" style=\"font-size:14px;font-family:arial;color:#666666;\">\r\n	【线路强度】2星\r\n</p>\r\n<p class=\"MsoNormal\" style=\"font-size:14px;font-family:arial;color:#666666;\">\r\n	【线路风景】5星\r\n</p>\r\n<p class=\"MsoNormal\" style=\"font-size:14px;font-family:arial;color:#666666;\">\r\n	<span style=\"line-height:1.5;\">【装备要求】登山包、登山溯溪鞋、登山杖、防寒衣、路餐、对话机、露营装备（停车场和峡谷中段服务站可露营）等</span>\r\n</p>\r\n<p class=\"MsoNormal\" style=\"font-size:14px;font-family:arial;color:#666666;\">\r\n	<span style=\"line-height:1.5;\"></span>\r\n</p>\r\n<p class=\"MsoNormal\" style=\"font-size:14px;font-family:arial;color:#666666;\">\r\n	【交通指引】市区--武陵源中湖乡--杨家界景区门票站（大门左侧入峡谷）。中湖乡距市区约39km。自驾：约50分钟，为市区公路+省道S228+县道X020；骑行：市区公路+省道S228+县道X020，路况尚可；班车：从张家界中心汽车站乘坐中湖专线车直达中湖乡。抵达中湖乡后，步行10分钟或乘坐观光车3分钟，自驾约2分钟即可到杨家界景区门票站，再从其大门外左侧步行入清风峡。\r\n</p>\r\n<p class=\"MsoNormal\" style=\"font-size:14px;font-family:arial;color:#666666;\">\r\n	<br />\r\n</p>\r\n<p class=\"MsoNormal\" style=\"font-size:14px;font-family:arial;color:#666666;\">\r\n	<strong>行程</strong>\r\n</p>\r\n<p class=\"MsoNormal\" style=\"font-size:14px;font-family:arial;color:#666666;\">\r\n	 A.M\r\n</p>\r\n<p class=\"MsoNormal\" style=\"font-size:14px;font-family:arial;color:#666666;\">\r\n	杨家界景区门票站（大门左侧）--1号营地（可停车、露营）--洗尘池--高山流水--2号营地（可露营、用餐）\r\n</p>\r\n<p class=\"MsoNormal\" style=\"font-size:14px;font-family:arial;color:#666666;\">\r\n	[备注]峡谷长3km，在铁索桥景点，可以溯溪而行。在高山流水景点，可稍作歇息并留影拍照。再往前步行30分钟就到了2号营地，即画里江山营地与中餐厅。\r\n</p>\r\n<p class=\"MsoNormal\" style=\"font-size:14px;font-family:arial;color:#666666;\">\r\n	 P.M\r\n</p>\r\n<p class=\"MsoNormal\" style=\"font-size:14px;font-family:arial;color:#666666;\">\r\n	2号营地--五色花（春季）--千年滕王--龙泉瀑布--将军座--2号营地--杨家界景区门票站\r\n</p>\r\n<p class=\"MsoNormal\" style=\"font-size:14px;font-family:arial;color:#666666;\">\r\n	[备注]清风峡整个行程往返约需4-5个小时，途中野人谷可以看到野猴，并有溯溪、登山、涉潭、探瀑等多种户外体验，在1、2号营地可以开展露营等营地休闲活动。\r\n</p>\r\n<p class=\"MsoNormal\" style=\"font-size:14px;font-family:arial;color:#666666;\">\r\n	<span style=\"line-height:1.5;\">【联系方式】张家界清风峡户外运动基地暨画里江山营地</span>\r\n</p>\r\n<p class=\"MsoNormal\" style=\"font-size:14px;font-family:arial;color:#666666;\">\r\n	                  15387449799（九九香）\r\n</p>\r\n<p class=\"MsoNormal\" style=\"font-size:14px;font-family:arial;color:#666666;\">\r\n	                  13297440222（兽兽）\r\n</p>\r\n<p class=\"MsoNormal\" style=\"font-size:14px;font-family:arial;color:#666666;\">\r\n	<span style=\"line-height:1.5;\"><img alt=\"张家界清风峡地图\" src=\"http://www.travelzjj.com/uploads/201506/272112127396.jpg\" width=\"730\" height=\"450\" title=\"张家界清风峡地图\" align=\"\" /></span>\r\n</p>\r\n<div>\r\n	<br />\r\n</div>\r\n									'),(214,70,3,'安全提示','									<p class=\"MsoNormal\" style=\"font-size:14px;font-family:arial;color:#666666;\">\r\n	<span style=\"line-height:1.5;\">【安全提示】该线路难度不大，满峡幽潭飞瀑峰林山泉，景色怡人。攀岩、溯降、瀑降等需有专业资质的户外俱乐部方可进行，游客及户外爱好者最好结伴而行，切莫孤身前往，定要注意安全。</span>\r\n</p>\r\n<p class=\"MsoNormal\" style=\"font-size:14px;font-family:arial;color:#666666;\">\r\n	遇险求助电话：\r\n</p>\r\n<p class=\"MsoNormal\" style=\"font-size:14px;font-family:arial;color:#666666;\">\r\n	中湖乡政府0744-5517003\r\n</p>\r\n<p class=\"MsoNormal\" style=\"font-size:14px;font-family:arial;color:#666666;\">\r\n	【其他】\r\n</p>\r\n<p class=\"MsoNormal\" style=\"font-size:14px;font-family:arial;color:#666666;\">\r\n	峡谷属于户外人的天堂，起环境卫生靠大家自觉维护。\r\n</p>\r\n<p class=\"MsoNormal\" style=\"font-size:14px;font-family:arial;color:#666666;\">\r\n	因景区生态原野，沿路枯枝败叶较多，凡进景区者未到指定地点严禁抽烟生火，千万要注意防止火灾。\r\n</p>\r\n									'),(215,75,1,'凉面','									<p style=\"font-size:14px;font-family:arial;color:#666666;\">\r\n	<img alt=\"张家界小吃凉面\" src=\"http://www.travelzjj.com/uploads/201506/281345216088.jpg\" width=\"730\" height=\"450\" title=\"张家界小吃凉面\" align=\"\" />\r\n</p>\r\n<p style=\"font-size:14px;font-family:arial;color:#666666;\">\r\n	 \r\n</p>\r\n<p style=\"font-size:14px;font-family:arial;color:#666666;\">\r\n	张家界凉面算的上是一道独特的风景，走在大街小巷，随处都可见卖凉面小吃摊。卖的人简单，一个小小的两轮车就解决了店面的问题。吃的人形态各异，或坐、货站、或蹲、或边走边吃，吃凉面的人也不分男女老少，季节不分春夏秋冬。\r\n</p>\r\n									'),(216,75,2,'酸萝卜','									<p style=\"font-size:14px;font-family:arial;color:#666666;\">\r\n	<img alt=\"张家界小吃酸萝卜\" src=\"http://www.travelzjj.com/uploads/201506/281345342755.jpg\" width=\"730\" height=\"450\" title=\"张家界小吃酸萝卜\" align=\"\" />\r\n</p>\r\n<p style=\"font-size:14px;font-family:arial;color:#666666;\">\r\n	 \r\n</p>\r\n<p style=\"font-size:14px;font-family:arial;color:#666666;\">\r\n	土家腌酸萝卜别具特色，味道特别鲜脆。在张家界，只要有人群来往的地方，就会有卖腌酸萝卜的摊子。甜萝卜汁水很多，香脆可口、甜中带麻；甜萝卜皮，嚼起来“嘎嘣嘎嘣”响！萝卜本身的清甜和那香浓的辣味在嘴里融为一体，十分美味，是开胃的绝佳美食。\r\n</p>\r\n									'),(217,75,3,'草帽面','									<p style=\"font-size:14px;font-family:arial;color:#666666;\">\r\n	<img alt=\"张家界特色小吃草帽面\" src=\"http://www.travelzjj.com/uploads/201506/281353337630.jpg\" width=\"730\" height=\"450\" title=\"张家界特色小吃草帽面\" align=\"\" />\r\n</p>\r\n<p style=\"font-size:14px;font-family:arial;color:#666666;\">\r\n	 \r\n</p>\r\n<p style=\"font-size:14px;font-family:arial;color:#666666;\">\r\n	这个名字的由来是因为老板常年戴着草帽卖面，店铺内现仍挂着戴了30多年的草帽。草帽面的面全手工自擀，猪面皮，熟猪油，臊子非常香，其特点吃要一个快，热面热胃肠。\r\n</p>\r\n									'),(218,75,4,'社饭','									<p style=\"font-size:14px;font-family:arial;color:#666666;\">\r\n	<img alt=\"张家界特色小吃社饭\" src=\"http://www.travelzjj.com/uploads/201506/281345496253.jpg\" width=\"730\" height=\"450\" title=\"张家界特色小吃社饭\" align=\"\" />\r\n</p>\r\n<p style=\"font-size:14px;font-family:arial;color:#666666;\">\r\n	 \r\n</p>\r\n<p style=\"font-size:14px;font-family:arial;color:#666666;\">\r\n	社饭自古有之，是中国汉、土家、苗、侗族等民族祭祀社稷的一种食品。土家人做社饭不光是自家人吃，还把它作为馈赠亲友的佳品，故有民谚说：“送完了自家的，吃不完别家的。”充分显示出土家人淳朴、亲和的民风。由于社蒿（香蒿）具有很好的药理作用，其性苦寒，能治疗和预防伤、肿痛、痨、疟、痢、痔等多种疾病，所以社饭是土家人传统药膳中的一个常用品种。社饭既有糯米的甜香，又有腊肉的熏味，还有社菜的清香，饭一开锅，香味四溢，直令人馋涎欲滴，食欲大振。<span style=\"line-height:1.5;\"> </span>\r\n</p>\r\n									'),(219,75,5,'糖油粑粑','									<p style=\"font-size:14px;font-family:arial;color:#666666;\">\r\n	<img alt=\"张家界特色小吃糖油粑粑\" src=\"http://www.travelzjj.com/uploads/201506/281346073341.jpg\" width=\"730\" height=\"450\" title=\"张家界特色小吃糖油粑粑\" align=\"\" />\r\n</p>\r\n<p style=\"font-size:14px;font-family:arial;color:#666666;\">\r\n	 \r\n</p>\r\n<p style=\"font-size:14px;font-family:arial;color:#666666;\">\r\n	糖油粑粑算的上是湖南传统名吃，主要原料是糯米粉和糖，其制造工艺精细讲究，有特殊的制造过程。它虽不能登大雅之堂，更不能与山珍海味、鱼翅熊掌相媲美，但正是因其廉价的身份，它能出入平常百姓家，受到民众的厚爱，成为民间吃不厌的小吃。\r\n</p>\r\n									'),(220,74,1,'土家扣肉','									<p style=\"font-size:14px;font-family:arial;color:#666666;\">\r\n	<img alt=\"张家界特色菜梅菜扣肉\" src=\"http://www.travelzjj.com/uploads/201506/281623458582.jpg\" width=\"730\" height=\"450\" title=\"张家界特色菜梅菜扣肉\" align=\"\" />\r\n</p>\r\n<p style=\"font-size:14px;font-family:arial;color:#666666;\">\r\n	 \r\n</p>\r\n<p style=\"font-size:14px;font-family:arial;color:#666666;\">\r\n	张家界土家扣肉是土家人待客的一道主菜，一般只有在当地的人办酒席或大型活动的时候才会上用作主菜。土家扣肉的做法均采用五花猪肉，经过煮、炸、炸、蒸等多道工艺制成，上席时肉的下面一般都会用干咸菜铺底。虽说是肥肉制成，但吃起来一点也不腻口，味道极其鲜嫩。目前张家界一般餐馆及酒店都备有这道菜，以供旅游者享用。\r\n</p>\r\n									'),(221,74,2,'娃娃鱼','									<p style=\"font-size:14px;font-family:arial;color:#666666;\">\r\n	<img alt=\"张家界娃娃鱼\" src=\"http://www.travelzjj.com/uploads/201506/281613045884.jpg\" width=\"730\" height=\"450\" title=\"张家界娃娃鱼\" align=\"\" />\r\n</p>\r\n<p style=\"font-size:14px;font-family:arial;color:#666666;\">\r\n	 \r\n</p>\r\n<p style=\"font-size:14px;font-family:arial;color:#666666;\">\r\n	<span style=\"line-height:1.5;\">“娃娃鱼是国家二级保护动物，怎么可以吃呢？”别称“娃娃鱼”的大鲵真的可以吃，因为它们是在仿野生环境的饲养条件下，人工培育的。但是，只有拿到了大鲵特许经营利用证的酒店才能经营娃娃鱼系列餐饮。</span>\r\n</p>\r\n<p style=\"font-size:14px;font-family:arial;color:#666666;\">\r\n	 \r\n</p>\r\n<p style=\"font-size:14px;font-family:arial;color:#666666;\">\r\n	娃娃鱼肉嫩味鲜，营养丰富，有抗衰老、驻颜的功效。用娃娃鱼鱼头跟爪子炖汤，可健胃理气、祛风除湿，是老年人最好的滋补品。\r\n</p>\r\n									'),(222,74,3,'土家十大碗','									<p style=\"font-size:14px;font-family:arial;color:#666666;\">\r\n	<img alt=\"张家界名菜十大碗\" src=\"http://www.travelzjj.com/uploads/201506/281429421045.jpg\" width=\"730\" height=\"450\" title=\"张家界名菜十大碗\" align=\"\" />\r\n</p>\r\n<p style=\"font-size:14px;font-family:arial;color:#666666;\">\r\n	 \r\n</p>\r\n<p style=\"font-size:14px;font-family:arial;color:#666666;\">\r\n	土家十大碗来源于当地民间节庆及办酒席时惯用的方式，其最大的特点是半荤半素、一菜两味，餐桌上看不到盘子，吃饭及装菜全部是蓝边大口碗。久而久之，土家族人就给宴席取名为“土家十大碗”。除十大碗菜外，桌上还要配腌菜碟两个，为客人备用，另配上土家字自酿的苞谷烧酒。上菜的程序与方式也很有讲究，在土家民间每上一道菜，打盘子的人高喊拖腔的号子直到菜上完，优势还要鸣炮，吹响欢快的菜调子。\r\n</p>\r\n									'),(223,74,4,'三下锅','									<p style=\"font-size:14px;font-family:arial;color:#666666;\">\r\n	<img alt=\"张家界三下锅\" src=\"http://www.travelzjj.com/uploads/201506/281429282509.jpg\" width=\"730\" height=\"450\" title=\"张家界三下锅\" align=\"\" />\r\n</p>\r\n<p style=\"font-size:14px;font-family:arial;color:#666666;\">\r\n	 \r\n</p>\r\n<p style=\"font-size:14px;font-family:arial;color:#666666;\">\r\n	说到张家界的食物，绝大多数的人会立马想到三下锅。相传明代嘉靖年间，朝廷征调湘鄂西土司兵上前线抗倭，恰好赶上年关。为了不耽误保家卫国的大事，土司王下令提前一天过年，也是腊肉、豆腐、萝卜一锅煮，叫吃“合菜”，以后演变成“三下锅”。\r\n</p>\r\n<p style=\"font-size:14px;font-family:arial;color:#666666;\">\r\n	<br />\r\n</p>\r\n<p style=\"font-size:14px;font-family:arial;color:#666666;\">\r\n	土家三下锅的主材有腊肉、核桃肉（猪头）、肥肠、猪肚、牛肚、猪脚等，食客可从其中任意选择三样。辅以萝卜干、西红柿、土豆、豆腐、千张皮（豆皮）等配菜，以及花椒、桂皮等香料，味道又香又辣。\r\n</p>\r\n									'),(224,73,1,'岩耳炖土鸡','									<p style=\"font-size:14px;font-family:arial;color:#666666;\">\r\n	<img src=\"http://www.travelzjj.com/uploads/201506/281412228957.jpg\" alt=\"张家界特色菜岩耳炖鸡\" width=\"730\" height=\"450\" title=\"张家界特色菜岩耳炖鸡\" align=\"\" />\r\n</p>\r\n<p style=\"font-size:14px;font-family:arial;color:#666666;\">\r\n	<br />\r\n</p>\r\n<p style=\"font-size:14px;font-family:arial;color:#666666;\">\r\n	岩耳生峭壁，形状和木耳相似，但比木耳大，表面呈黑色，有细刺，一般要六七年才能长成。土鸡养农家。岩耳炖土鸡，具有极高的营养价值，曾是土司进贡给皇上的御菜。\r\n</p>\r\n									'),(225,73,2,'擂辣椒','									<p style=\"font-size:14px;font-family:arial;color:#666666;\">\r\n	<img src=\"http://www.travelzjj.com/uploads/201506/281622331223.jpg\" alt=\"张家界特色菜了擂辣椒\" width=\"730\" height=\"450\" title=\"张家界特色菜了擂辣椒\" align=\"\" />\r\n</p>\r\n<p style=\"font-size:14px;font-family:arial;color:#666666;\">\r\n	<br />\r\n</p>\r\n<p style=\"font-size:14px;font-family:arial;color:#666666;\">\r\n	擂辣椒是有名的张家界常菜，传统做法是用油锅煸炒大尖椒至表皮糊焦，再泡入冷开水中剥皮去籽，放入擂钵中捣碎，拌入调料。这道擂辣椒综合了川菜的干煸厨艺和虎皮尖椒的做法，最后成品貌似钵中捣碎。适合家庭操作，口味也相当不错！很多擂辣椒的菜谱用大青椒做这道菜，不过大尖椒辣味不足。小尖椒辣味劲道，塞在馒头里也很好吃！\r\n</p>\r\n									'),(226,73,3,'合渣','									<p style=\"font-size:14px;font-family:arial;color:#666666;\">\r\n	<img src=\"http://www.travelzjj.com/uploads/201506/281413554256.jpg\" alt=\"张家界必点菜合渣\" width=\"730\" height=\"450\" title=\"张家界必点菜合渣\" align=\"\" />\r\n</p>\r\n<p style=\"font-size:14px;font-family:arial;color:#666666;\">\r\n	<br />\r\n</p>\r\n<p style=\"font-size:14px;font-family:arial;color:#666666;\">\r\n	土家极喜欢的菜肴。在土家族的民间歌谣中，有这么几句：辣椒当盐，合渣过年，一条裤子穿它几十年····这几句话夸张地描述了土家人在解放前的辛酸生活。合渣的制作比较简单，只是在开头“推”的阶段辛苦些，因此，土家人称制作合渣为“推合渣”—将黄豆用水泡胀后，在石磨上一转一转地磨成豆浆，再将豆浆兑水放进锅，架火煮开，然后放进切好的菜丝，又煮开，就制成了一锅乳白带绿的合渣。由此可见，“推合渣”比起打豆腐来，要容易的多，难怪土家人又称合渣为“懒豆腐”。合渣最好的吃法是把合渣和米饭拌在一起吃，比酸菜都要下饭。\r\n</p>\r\n									'),(227,73,4,'土家腊味','									<p style=\"font-size:14px;font-family:arial;color:#666666;\">\r\n	<img src=\"http://www.travelzjj.com/uploads/201506/281414093232.jpg\" alt=\"张家界必点菜腊肉\" width=\"730\" height=\"450\" title=\"张家界必点菜腊肉\" align=\"\" />\r\n</p>\r\n<p style=\"font-size:14px;font-family:arial;color:#666666;\">\r\n	<br />\r\n</p>\r\n<p style=\"font-size:14px;font-family:arial;color:#666666;\">\r\n	湖南盛产腊味，以土家腊味为最，只有土家腊味是真正的通过柴火熏烤而成，腊味品种很多，有腊鱼、腊肉、腊肠、腊猪肚、腊猪肝、腊野味等。这些腊味黑中透红、肥而不腻、焦而不脆，闻之腊香扑鼻，食之满口留香。\r\n</p>\r\n<p style=\"font-size:14px;font-family:arial;color:#666666;\">\r\n	每年腊月间，人们先将猪肉切成条条块块，然后将肉抹上盐，再放进坛子里或木桶中，腌制一个星期后取出风干，然后用柴火熏烤。吃腊肉时，吧腊肉放在锅里烹煮，蒸熟的腊肉，香飘十里，勾人食欲，是土家人平时招待客人摆在席上的主菜。\r\n</p>\r\n<p style=\"font-size:14px;font-family:arial;color:#666666;\">\r\n	来湘西如不食腊味，定会让你遗憾不已！\r\n</p>\r\n									'),(228,76,1,'星级酒店','																		<p class=\"MsoNormal\" style=\"font-size:14px;font-family:arial;color:#666666;\">\r\n	<span>张家界星级酒店、商务宾馆、度假村、民俗客栈、家庭旅馆一应俱全，来张家界旅游，您无论选择何种住宿设施，都会得到土家人民热情、温馨而周到的服务。</span>\r\n</p>\r\n<p class=\"MsoNormal\" style=\"font-size:14px;font-family:arial;color:#666666;\">\r\n	 \r\n</p>\r\n<p class=\"MsoNormal\" style=\"font-size:14px;font-family:arial;color:#666666;\">\r\n	<img alt=\"张家界五星级阳光酒店\" src=\"http://www.travelzjj.com/uploads/201506/281253303835.jpg\" width=\"730\" height=\"450\" title=\"张家界五星级阳光酒店\" align=\"\" />\r\n</p>\r\n<p class=\"MsoNormal\" style=\"font-size:14px;font-family:arial;color:#666666;\">\r\n	 \r\n</p>\r\n<p class=\"MsoNormal\" style=\"font-size:14px;font-family:arial;color:#666666;\">\r\n	<span style=\"line-height:1.5;\">星级酒店43家设施完善、舒适的星级酒店，房间标准、价格从100元/间—2000元/间不等，酒店通常会根据淡旺季上下浮动。大部分酒店提供个性化服务，您可根据自己的需求进行选择。<span id=\"__kindeditor_bookmark_end_7__\"></span></span>\r\n</p>\r\n									\r\n									'),(229,76,2,'商务宾馆','																		<p class=\"MsoNormal\" style=\"font-size:14px;font-family:arial;color:#666666;\">\r\n	<img alt=\"张家界商务酒店\" src=\"http://www.travelzjj.com/uploads/201506/281253107088.jpg\" width=\"730\" height=\"449\" title=\"张家界商务酒店\" align=\"\" />\r\n</p>\r\n<p class=\"MsoNormal\" style=\"font-size:14px;font-family:arial;color:#666666;\">\r\n	 \r\n</p>\r\n<p class=\"MsoNormal\" style=\"font-size:14px;font-family:arial;color:#666666;\">\r\n	商务宾馆其特点是设施简单、整洁、经济、互联网系统让您在旅行休息中能了解更多的信息。张家界商务宾馆价格一般在100元/间—200元/间，大部分商务宾馆不提供餐食服务，根据需要您可到周边的餐馆选择就餐。\r\n</p>\r\n									\r\n									'),(230,76,3,'度假村','																		<p class=\"MsoNormal\" style=\"font-size:14px;font-family:arial;color:#666666;\">\r\n	<img alt=\"张家界禾田居度假酒店\" src=\"http://www.travelzjj.com/uploads/201506/281252577085.jpg\" width=\"730\" height=\"450\" title=\"张家界禾田居度假酒店\" align=\"\" />\r\n</p>\r\n<p class=\"MsoNormal\" style=\"font-size:14px;font-family:arial;color:#666666;\">\r\n	 \r\n</p>\r\n<p class=\"MsoNormal\" style=\"font-size:14px;font-family:arial;color:#666666;\">\r\n	如果您想将自己完全置身于放松状态，不为工作、学习所累，那就选择度假村吧！张家界有温泉度假村、别墅式旅游度假村，不同的类型，不同的感受。由于服务内容的不同，所以度假村的价格也有很大差别。\r\n</p>\r\n									\r\n									'),(231,76,4,'名俗客栈','																		<p class=\"MsoNormal\" style=\"font-size:14px;font-family:arial;color:#666666;\">\r\n	<span style=\"line-height:1.5;\"><img alt=\"张家界民俗客栈\" src=\"http://www.travelzjj.com/uploads/201506/281311173621.jpg\" width=\"730\" height=\"450\" title=\"张家界民俗客栈\" align=\"\" /></span>\r\n</p>\r\n<p class=\"MsoNormal\" style=\"font-size:14px;font-family:arial;color:#666666;\">\r\n	<span style=\"line-height:1.5;\"><br />\r\n</span>\r\n</p>\r\n<p class=\"MsoNormal\" style=\"font-size:14px;font-family:arial;color:#666666;\">\r\n	<span style=\"line-height:1.5;\">民俗客栈外观如百年老宅，为土家吊脚楼结构，秉承“精致古朴、高压不俗、内敛不简”设计理念，融汇了神秘湘西土风苗韵之精髓。有土家新娘床、土家阿公房、复式阁楼，如果您想体验土家人对居住的温馨和浪漫您可以在这些民俗客栈体验一把。</span>\r\n</p>\r\n									\r\n									'),(232,76,5,'家庭旅馆','																		<p class=\"MsoNormal\" style=\"font-size:14px;font-family:arial;color:#666666;\">\r\n	<img alt=\"张家界家庭旅馆\" src=\"http://www.travelzjj.com/uploads/201506/281252349260.jpg\" width=\"730\" height=\"450\" title=\"张家界家庭旅馆\" align=\"\" />\r\n</p>\r\n<p class=\"MsoNormal\" style=\"font-size:14px;font-family:arial;color:#666666;\">\r\n	 \r\n</p>\r\n<p class=\"MsoNormal\" style=\"font-size:14px;font-family:arial;color:#666666;\">\r\n	家庭旅馆一般都在武陵源核心景区内，是一些背包客、学生、摄影爱好者的首选。因为它价格便宜、位置条件优越，但在深山里家庭旅馆住宿条件有限。住在这里夏天您可以不用开空调，早上您可以起的早早的带上您的摄影设备找好机位可以欣赏到美丽的日出。\r\n</p>\r\n									\r\n									');

/*Table structure for table `security_bq` */

DROP TABLE IF EXISTS `security_bq`;

CREATE TABLE `security_bq` (
  `id` int(32) unsigned NOT NULL AUTO_INCREMENT COMMENT 'PK',
  `name` varchar(100) DEFAULT NULL COMMENT '菜单名称',
  `code` varchar(50) DEFAULT NULL COMMENT '菜单编码',
  `description` varchar(500) DEFAULT NULL COMMENT '菜单描述',
  `orderlist` int(11) DEFAULT NULL COMMENT '排序号',
  `img` varchar(200) DEFAULT NULL COMMENT '图片地址',
  `url` varchar(150) DEFAULT NULL COMMENT '跳转url',
  `parent_id` int(111) DEFAULT NULL COMMENT '父节点',
  `type` int(50) DEFAULT NULL COMMENT '菜单类型',
  `status` int(4) DEFAULT NULL COMMENT '状态',
  `column_type` varchar(50) DEFAULT NULL,
  `page_type` varchar(50) DEFAULT NULL,
  PRIMARY KEY (`id`)
) ENGINE=InnoDB DEFAULT CHARSET=utf8;

/*Data for the table `security_bq` */

/*Table structure for table `security_menu` */

DROP TABLE IF EXISTS `security_menu`;

CREATE TABLE `security_menu` (
  `id` int(32) unsigned NOT NULL AUTO_INCREMENT COMMENT 'PK',
  `name` varchar(100) DEFAULT NULL COMMENT '菜单名称',
  `code` varchar(50) DEFAULT NULL COMMENT '菜单编码',
  `description` varchar(500) DEFAULT NULL COMMENT '菜单描述',
  `orderlist` int(11) DEFAULT NULL COMMENT '排序号',
  `img` varchar(200) DEFAULT NULL COMMENT '图片地址',
  `url` varchar(150) DEFAULT NULL COMMENT '跳转url',
  `parent_id` int(111) DEFAULT NULL COMMENT '父节点',
  `type` int(50) DEFAULT NULL COMMENT '菜单类型',
  `status` int(4) DEFAULT NULL COMMENT '状态',
  `column_type` varchar(50) DEFAULT NULL,
  `page_type` varchar(50) DEFAULT NULL,
  `can_search` varchar(4) DEFAULT NULL COMMENT '是否支持搜索',
  `banner_id` int(11) DEFAULT NULL COMMENT '栏目ID',
  PRIMARY KEY (`id`)
) ENGINE=InnoDB AUTO_INCREMENT=1081 DEFAULT CHARSET=utf8;

/*Data for the table `security_menu` */

insert  into `security_menu`(`id`,`name`,`code`,`description`,`orderlist`,`img`,`url`,`parent_id`,`type`,`status`,`column_type`,`page_type`,`can_search`,`banner_id`) values (1,'系统管理',NULL,NULL,999,'/res/images/leftico04.png',NULL,0,0,1,NULL,NULL,NULL,NULL),(2,'部门管理',NULL,NULL,999,NULL,'/securityorganization/list.htm',1,0,1,NULL,NULL,NULL,NULL),(3,'用户管理',NULL,NULL,999,NULL,'/securityuser/list.htm',1,0,1,NULL,NULL,NULL,NULL),(4,'角色权限管理',NULL,NULL,999,NULL,'/securityrole/list.htm',1,0,1,NULL,NULL,NULL,NULL),(1009,'栏目管理',NULL,NULL,998,NULL,'/securitymenu/list.htm',1047,0,1,NULL,NULL,NULL,NULL),(1010,'畅游',NULL,'难难难',2,'/zjjtour-admin/attached/image/20160215/20160215225747_820.png',NULL,0,1,1,'1','0','1',NULL),(1011,'全景',NULL,'难难难',1,'/zjjtour-admin/attached/image/20160215/20160215225838_609.png',NULL,0,1,1,'2','0',NULL,NULL),(1012,'绝美风光',NULL,'绝美风光绝美风光绝美风光绝美风光',3,'http://pad.pinhai.com.cn:8081/zjjtour-admin/attached/image/20160128/20160128231005_736.png',NULL,1011,1,1,'1','0','1',NULL),(1013,'历史景观',NULL,'历史景观',4,'http://pad.pinhai.com.cn:8081/zjjtour-admin/attached/image/20160128/20160128231028_948.jpg',NULL,1011,1,1,'1','0','1',NULL),(1014,'文化艺术',NULL,'文化艺术',5,'http://pad.pinhai.com.cn:8081/zjjtour-admin/attached/image/20160128/20160128231039_820.jpg',NULL,1011,1,1,'1','0',NULL,NULL),(1015,'户外休闲',NULL,'户外休闲',6,'http://pad.pinhai.com.cn:8081/zjjtour-admin/attached/image/20160128/20160128231051_786.jpg',NULL,1011,1,1,'1','0',NULL,NULL),(1016,'美食小吃',NULL,'美食小吃',7,'http://pad.pinhai.com.cn:8081/zjjtour-admin/attached/image/20160128/20160128231103_914.jpg',NULL,1011,1,1,'1','0',NULL,NULL),(1017,'出行攻略',NULL,'出行攻略',8,'http://pad.pinhai.com.cn:8081/zjjtour-admin/attached/image/20160128/20160128231152_227.png',NULL,1011,1,1,'1','0',NULL,NULL),(1018,'精品游记',NULL,'精品游记',9,'http://pad.pinhai.com.cn:8081/zjjtour-admin/attached/image/20160128/20160128231206_976.jpg',NULL,1011,1,1,'1','0','1',NULL),(1019,'标签管理',NULL,'难难难',NULL,'http://localhost:8080/zjjtour-admin/attached/image/20160128/20160128222629_775.jpg','/bq/listBq.htm',1,0,1,'0','0',NULL,NULL),(1021,'行程天数',NULL,NULL,1,'/res/images/leftico01.png',NULL,0,2,1,'1',NULL,NULL,NULL),(1022,'1天',NULL,NULL,1,NULL,NULL,1021,2,1,'1',NULL,NULL,NULL),(1023,'2天',NULL,NULL,2,NULL,NULL,1021,2,1,'1',NULL,NULL,NULL),(1026,'所在地区',NULL,NULL,2,'/res/images/leftico01.png',NULL,0,2,1,'1',NULL,NULL,NULL),(1027,'长沙',NULL,NULL,2,'/res/images/leftico01.png',NULL,1026,2,1,'1',NULL,NULL,NULL),(1028,'凤凰',NULL,NULL,3,NULL,NULL,1026,2,1,'1',NULL,NULL,NULL),(1029,'其他',NULL,NULL,3,NULL,NULL,1026,2,1,'1',NULL,NULL,NULL),(1030,'旅游要素',NULL,NULL,3,'/res/images/leftico01.png',NULL,0,2,1,'1',NULL,NULL,NULL),(1031,'摄影',NULL,NULL,2,NULL,NULL,1030,2,1,'1',NULL,NULL,NULL),(1032,'人文',NULL,NULL,2,NULL,NULL,1030,2,1,'1',NULL,NULL,NULL),(1034,'适合人群',NULL,NULL,4,'/res/images/leftico01.png',NULL,0,2,1,'1',NULL,NULL,NULL),(1035,'20岁以下',NULL,NULL,1,'/res/images/leftico01.png',NULL,1034,2,1,'1',NULL,NULL,NULL),(1036,'经典线路',NULL,NULL,1,'/zjjtour-admin/attached/image/20160220/20160220152614_877.jpg',NULL,1010,1,1,'1','0',NULL,NULL),(1037,'听闻',NULL,NULL,4,'/res/images/leftico01.png',NULL,0,1,1,'1','0','1',NULL),(1038,'旅游资讯',NULL,NULL,1,'http://pad.pinhai.com.cn:8081/zjjtour-admin/attached/image/20160128/20160128231318_220.jpg',NULL,1037,1,1,'1','0','1',NULL),(1039,'搜索栏目设置',NULL,NULL,NULL,NULL,'/securitymenu/listSearch.htm',1048,0,1,'0','0',NULL,NULL),(1040,'常用搜索设置',NULL,NULL,NULL,NULL,'/systemsearchword/list.htm',1048,0,1,'0','0',NULL,NULL),(1041,'待办-新闻发布',NULL,NULL,NULL,NULL,'/securitynews/listWaitShenhe.htm',1052,0,1,'0','0',NULL,NULL),(1042,'待办-投诉意见',NULL,NULL,NULL,NULL,NULL,0,NULL,NULL,NULL,NULL,NULL,NULL),(1043,'会员列表',NULL,NULL,NULL,NULL,'/member/list.htm',1046,0,1,'0','0',NULL,NULL),(1044,'投诉列表',NULL,NULL,NULL,NULL,'/membercomplain/list.htm',1049,0,1,'0','0',NULL,NULL),(1045,'活动列表',NULL,NULL,NULL,NULL,'/memberactivity/list.htm',1050,0,1,'0',NULL,NULL,NULL),(1046,'会员管理',NULL,NULL,993,'/res/images/leftico01.png',NULL,0,0,1,'0','0',NULL,NULL),(1047,'栏目管理',NULL,NULL,994,'/res/images/leftico01.png',NULL,0,0,1,'0','0',NULL,NULL),(1048,'搜索设置',NULL,NULL,995,'/res/images/leftico01.png',NULL,0,0,1,'0','0',NULL,NULL),(1049,'投诉管理',NULL,NULL,996,'/res/images/leftico01.png',NULL,0,0,1,'0','0',NULL,NULL),(1050,'活动管理',NULL,NULL,998,'/res/images/leftico01.png',NULL,0,0,1,'0','0',NULL,NULL),(1052,'待办事项',NULL,NULL,997,'/res/images/leftico01.png',NULL,0,0,1,'0',NULL,NULL,NULL),(1053,'首页设置',NULL,NULL,NULL,NULL,'/toIndexSetting.htm',1,0,1,'0','0',NULL,NULL),(1054,'视频管理',NULL,NULL,NULL,NULL,'/securitynews/toViedoList.htm',1,0,1,'0','0',NULL,NULL),(1055,'景区动态',NULL,NULL,2,'http://pad.pinhai.com.cn:8081/zjjtour-admin/attached/image/20160128/20160128231327_639.png',NULL,1037,1,1,'1','0',NULL,NULL),(1056,'重要新闻',NULL,NULL,3,'http://pad.pinhai.com.cn:8081/zjjtour-admin/attached/image/20160201/20160201001831_599.jpg',NULL,1037,1,1,'1','0',NULL,NULL),(1057,'旅游政策',NULL,NULL,4,'http://pad.pinhai.com.cn:8081/zjjtour-admin/attached/image/20160201/20160201001915_500.png',NULL,1037,1,1,'1','0',NULL,NULL),(1058,'休闲',NULL,'菜肴风味属翼菜，以咸为主，粗犷大气，兼收八大菜系的特点，擅长爆、炸、炒。回民扒鸡、狗肉全席、金毛狮子鱼、菊花鱿鱼、抓炒全鱼，都是广受好评的当地名菜。',3,'http://pad.pinhai.com.cn:8081/zjjtour-admin/attached/image/20160201/20160201001915_500.png',NULL,0,1,1,'1','0',NULL,NULL),(1059,'美食',NULL,'张家界是世界闻名的风景名胜区，不仅有绝美险峻的自然风光，当地土家族的美食小吃更是别具风味。今天，就要为大家介绍介绍张家界土家的著名美食特产，在欣赏胜景的同时也别忘了好好犒劳犒劳自己的胃哟！',1,'http://pad.pinhai.com.cn:8081/zjjtour-admin/attached/image/20160128/20160128232426_302.png',NULL,1058,1,1,'1','0',NULL,NULL),(1060,'景点',NULL,'张家界的核心景区为武陵源风景名胜区，一般说到张家界旅游主要是游武陵源。1984年，时任中共中央总书记的胡耀邦视察此地时将张家界、索溪峪、天子山三大景区命名为“武陵源”。',2,'http://pad.pinhai.com.cn:8081/zjjtour-admin/attached/image/20160128/20160128232452_120.png',NULL,1058,1,1,'1','0',NULL,NULL),(1061,'酒店',NULL,'张家界住宿设备完善，有很多酒店、旅馆和便捷酒店，可选择余地很多，但暂时没有开设国际青年旅舍。 张家界的住宿区域主要分布在两个区域：老火车站-中山路和水上公园。老火车站-中山路处于市中心，',3,'http://pad.pinhai.com.cn:8081/zjjtour-admin/attached/image/20160128/20160128232511_165.jpg',NULL,1058,1,1,'1','0',NULL,NULL),(1062,'门票',NULL,'张家界国家森林公园门票  【旺季门票  245元/人，24周岁以下学生、60岁至70岁的老人门票是 163元/人，70岁及以上老人 85元/人，淡季门票 136元/人，学生及60岁至70岁的老人门票 85元/人，现役军人和70岁及以上老人免票】',4,'http://pad.pinhai.com.cn:8081/zjjtour-admin/attached/image/20160128/20160128232519_223.jpg',NULL,1058,1,1,'1','0',NULL,NULL),(1063,'地标美景',NULL,NULL,1,'/res/images/leftico01.png',NULL,0,2,1,'1',NULL,NULL,1012),(1064,'奇山秀水',NULL,NULL,2,'/res/images/leftico01.png',NULL,0,2,1,'1',NULL,NULL,1012),(1065,'溶洞幽谷',NULL,NULL,3,'/res/images/leftico01.png',NULL,0,2,1,'1',NULL,NULL,1012),(1066,'历史建筑',NULL,NULL,1,'/res/images/leftico01.png',NULL,0,2,1,'1',NULL,NULL,1013),(1067,'名村古寨',NULL,NULL,2,'/res/images/leftico01.png',NULL,0,2,1,'1',NULL,NULL,1013),(1068,'文化演艺',NULL,NULL,1,'/res/images/leftico01.png',NULL,0,2,1,'1',NULL,NULL,1014),(1070,'红色经典',NULL,NULL,3,'/res/images/leftico01.png',NULL,0,2,1,'1',NULL,NULL,1013),(1071,'艺术精粹',NULL,NULL,2,'/res/images/leftico01.png',NULL,0,2,1,'1',NULL,NULL,1014),(1072,'民俗风情',NULL,NULL,3,'/res/images/leftico01.png',NULL,0,2,1,'1',NULL,NULL,1014),(1073,'户外行走',NULL,NULL,1,'/res/images/leftico01.png',NULL,0,2,1,'1',NULL,NULL,1015),(1074,'当地休闲',NULL,NULL,2,'/res/images/leftico01.png',NULL,0,2,1,'1',NULL,NULL,1015),(1076,'生活指南',NULL,NULL,1,'/res/images/leftico01.png',NULL,0,2,1,'1',NULL,NULL,1016),(1077,'美食小吃',NULL,NULL,2,'/res/images/leftico01.png',NULL,0,2,1,'1',NULL,NULL,1016),(1078,'旅游攻略',NULL,NULL,1,'/res/images/leftico01.png',NULL,0,2,1,'1',NULL,NULL,1017),(1079,'游记精选',NULL,NULL,1,'/res/images/leftico01.png',NULL,0,2,1,'1',NULL,NULL,1018),(1080,'诚信中心',NULL,NULL,NULL,NULL,'/securitynews/toChengxin.htm',1,0,1,NULL,NULL,NULL,NULL);

/*Table structure for table `security_news` */

DROP TABLE IF EXISTS `security_news`;

CREATE TABLE `security_news` (
  `id` int(10) unsigned NOT NULL AUTO_INCREMENT,
  `title` varchar(100) DEFAULT NULL COMMENT '通告标题',
  `litter_title` varchar(100) DEFAULT NULL,
  `content` text COMMENT '通告内容',
  `userid` int(11) DEFAULT NULL COMMENT '用户id',
  `status` int(11) DEFAULT NULL COMMENT '是否启用',
  `ctime` datetime DEFAULT NULL COMMENT '创建时间',
  `smallimg` varchar(200) DEFAULT NULL COMMENT '缩略图',
  `indeximg` varchar(200) DEFAULT NULL COMMENT '首页图',
  `url` varchar(200) DEFAULT NULL COMMENT 'url',
  `orderlist` int(11) DEFAULT NULL COMMENT '排序',
  `abstract_content` varchar(200) DEFAULT NULL COMMENT '摘要',
  `read_type` varchar(10) DEFAULT NULL COMMENT '0会员阅读 1全部阅读',
  `index_status` varchar(10) DEFAULT NULL COMMENT '是否首页',
  `top_status` varchar(10) DEFAULT NULL COMMENT '是否置顶',
  `jump_type` varchar(10) DEFAULT NULL COMMENT '0页面 1页外',
  `menu_id` int(11) DEFAULT NULL,
  `review_status` varchar(5) DEFAULT NULL COMMENT '0未处理 1通过 2 失败',
  `review_userid` int(11) DEFAULT NULL,
  `review_time` datetime DEFAULT NULL,
  `review_reason` varchar(200) DEFAULT NULL,
  `news_type` varchar(10) DEFAULT NULL COMMENT '类型 -article -viedo',
  `out_status` varchar(10) DEFAULT NULL COMMENT '是否外部调用',
  `out_js` varchar(200) DEFAULT NULL COMMENT '外部调用js',
  `video_url` varchar(200) DEFAULT NULL,
  `maodian_status` varchar(10) DEFAULT NULL,
  `quanjing_url` varchar(200) DEFAULT NULL,
  PRIMARY KEY (`id`)
) ENGINE=InnoDB AUTO_INCREMENT=84 DEFAULT CHARSET=utf8;

/*Data for the table `security_news` */

insert  into `security_news`(`id`,`title`,`litter_title`,`content`,`userid`,`status`,`ctime`,`smallimg`,`indeximg`,`url`,`orderlist`,`abstract_content`,`read_type`,`index_status`,`top_status`,`jump_type`,`menu_id`,`review_status`,`review_userid`,`review_time`,`review_reason`,`news_type`,`out_status`,`out_js`,`video_url`,`maodian_status`,`quanjing_url`) values (17,'123','213','123',1,0,'2016-01-10 20:19:41',NULL,'http://pad.pinhai.com.cn:8081/zjjtour-admin/attached/image/20160128/20160128232213_22.png',NULL,NULL,'2015年12月14日至2016年1月4日，张家界市司法局联合市、区县两级检察机关对全市各区县社区矫正工作和社区矫正对象进行了一次拉网式大排查。','1','0','0','0',1010,'0',NULL,NULL,NULL,'ARTICLE',NULL,NULL,NULL,NULL,NULL),(18,'aaaa',NULL,'aaa',1,0,'2016-01-10 20:20:52',NULL,'http://pad.pinhai.com.cn:8081/zjjtour-admin/attached/image/20160128/20160128232213_22.png',NULL,NULL,'2015年12月14日至2016年1月4日，张家界市司法局联合市、区县两级检察机关对全市各区县社区矫正工作和社区矫正对象进行了一次拉网式大排查。','1','0','0','0',1010,'0',NULL,NULL,NULL,'ARTICLE',NULL,NULL,NULL,NULL,NULL),(19,'阿德法','阿德法','阿德法',1,0,'2016-01-10 23:05:05',NULL,'http://pad.pinhai.com.cn:8081/zjjtour-admin/attached/image/20160128/20160128232213_22.png',NULL,NULL,'2015年12月14日至2016年1月4日，张家界市司法局联合市、区县两级检察机关对全市各区县社区矫正工作和社区矫正对象进行了一次拉网式大排查。','1','0','0','0',1010,'0',NULL,NULL,NULL,'ARTICLE',NULL,NULL,NULL,NULL,NULL),(20,'阿斯蒂芬撒法',NULL,'萨芬',1,0,'2016-01-10 23:05:14',NULL,'http://pad.pinhai.com.cn:8081/zjjtour-admin/attached/image/20160128/20160128232213_22.png',NULL,NULL,'2015年12月14日至2016年1月4日，张家界市司法局联合市、区县两级检察机关对全市各区县社区矫正工作和社区矫正对象进行了一次拉网式大排查。','1','0','0','0',1010,'0',NULL,NULL,NULL,'ARTICLE',NULL,NULL,NULL,NULL,NULL),(21,'自作主张',NULL,'自作主张',1,0,'2016-01-10 23:05:19',NULL,'http://pad.pinhai.com.cn:8081/zjjtour-admin/attached/image/20160128/20160128232213_22.png',NULL,NULL,'2015年12月14日至2016年1月4日，张家界市司法局联合市、区县两级检察机关对全市各区县社区矫正工作和社区矫正对象进行了一次拉网式大排查。','1','0','0','0',1010,'1',1,'2016-01-14 16:17:06','驳回','ARTICLE',NULL,NULL,NULL,NULL,NULL),(22,'addafd',NULL,'daf',1,0,'2016-01-10 23:52:16','http://121.41.62.2:8081/zjjtour-admin/attached/image/20160110/20160110235212_874.png','http://pad.pinhai.com.cn:8081/zjjtour-admin/attached/image/20160128/20160128232213_22.png',NULL,NULL,'2015年12月14日至2016年1月4日，张家界市司法局联合市、区县两级检察机关对全市各区县社区矫正工作和社区矫正对象进行了一次拉网式大排查。','1','0','0','0',1010,'1',1,'2016-01-14 16:16:52','通过了','ARTICLE',NULL,NULL,NULL,NULL,NULL),(25,'张家界市司法局完成对社区矫正对象首次集中大排查','张家界市司法局完成对社区矫正对象首次集中大排查','<p style=\"font-size:16px;font-family:\'Microsoft YaHei\';color:#666666;text-indent:2em;\">\r\n	<p style=\"font-size:14px;font-family:宋体;color:#666666;text-indent:2em;background-color:#FFFFFF;\">\r\n		张家界在线1月11日讯(通讯员 蔡勇)为掌握社区矫正基层监管安全形势，防止出现脱管漏管，进一步推动基层司法所社区矫正监管工作规范化发展，根据省厅工作部署，2015年12月14日至2016年1月4日，张家界市司法局联合市、区县两级检察机关对全市各区县社区矫正工作和社区矫正对象进行了一次拉网式大排查。此次排查采取点验核实社区服刑人员身份信息、集中训话、查阅社区矫正工作档案和台账的方式，共深入到78个基层乡镇司法所(含12个代管所)，现场查阅社区矫正工作档案596份，核实训话社区矫正对象596人。\r\n	</p>\r\n	<p style=\"font-size:14px;font-family:宋体;color:#666666;text-indent:2em;background-color:#FFFFFF;\">\r\n		<br />\r\n	</p>\r\n	<p style=\"font-size:14px;font-family:宋体;color:#666666;text-indent:2em;background-color:#FFFFFF;\">\r\n		从排查总体情况看，工作扎实规范，形势超过预期，工作档案整理和社区服刑人员监管较往年有显著提高。如桑植县有社区矫正对象239人，矫正工作任务较重，但全县社区矫正工作扎实稳进，县矫正中心已经建成投入使用，司法所收编人员配置到位，能够较好的履行监管职责，维护刑罚非监禁执行的权威。在调查评估工作中,细砂坪、龙潭坪司法所严格把关，在接受委托调查评估时，取得罪犯本人或亲属、相关人员承诺,保证接受社区矫正后才出具评估意见，从源头上树立了司法所的刑罚执行职能严肃性。汨湖司法所长积极开展工作，多措并举，利用微信群建立矫正对象动态平台，矫正对象发送定位地图，对矫正对象动态轨迹一目了然，做到监管到位。如慈利县零阳、杉木桥、龙潭河、赵家岗，武陵源区索溪镇、军地坪、协合等司法所社区矫正工作档案规范、台账齐全，严格按照《湖南省社区矫正实施细则》履行监管职责。慈利县零阳镇司法所社区矫正对象多，监管任务重，司法员采取分片区管理方式，档案台账规范齐全，矫正对象监管到位。武陵源区索溪镇、军地坪、协合三个司法所的所长都是刚参加工作不久的女大学生，责任心强，业务素质高，对服刑人员监管到位。永定区社区矫正工作领导高度重视，人员充足，力量较强，在全市率先开展政府购买社区矫正服务工作，利用购买的岗位专人负责走访评估、手机定位、心理咨询。社区矫正专项资金保障得力，司法所按照矫正对象数量落实办公办案经费，司法员整体业务能力大有提升，工作能力增强，大部分司法所对矫正对象管理有力，档案台账整体质量大有改观，日常监管工作较为规范。如谢家垭、温塘、三家馆、尹家溪、新桥、南庄坪、沙堤、阳湖坪、崇文、大桥等司法所，矫正对象数量较多，成分复杂，司法所长、司法员工作负责，档案规范，严格落实监管制度，维护了良好的社区矫正安全局面。\r\n	</p>\r\n	<p style=\"font-size:14px;font-family:宋体;color:#666666;text-indent:2em;background-color:#FFFFFF;\">\r\n		<br />\r\n	</p>\r\n	<p style=\"font-size:14px;font-family:宋体;color:#666666;text-indent:2em;background-color:#FFFFFF;\">\r\n		但是排查中也暴露出司法所社区矫正工作尚存在一些问题。一是档案、台账有待规范健全。《湖南省社区矫正实施细则》规定了社区矫正对象由司法所建立工作档案，档案目录和格式文书、表格都已统一和规范。司法所对社区矫正对象的监管，主要就体现在档案和台账，档案和台账的规范说明司法员正常履行监管职责。但有些司法所档案不全、台账空白甚至没有。二是请销假制度不规范、外出务工不符合管理规定。《湖南省社区矫正实施细则》明确规定了请假外出制度，由于张家界偏远乡镇社区矫正对象较多，有的家庭困难本地难以找到适合的工作，少数矫正对象需要外出务工，但是没有按规定办理居住地变更手续，履行请销假程序不规范。三是奖惩考核评分不及时、分级管理不明确。按规定，司法所应当及时记录社区矫正人员接受监督管理、参加教育学习和社区服务等情况,定期对其接受社区矫正的表现进行考核，根据考核结果,结合再犯罪风险评估以及矫正效果评估情况,对社区矫正人员实施分级分类管理。但部分司法所工作档案内每月的奖惩评分情况不明确或是没有奖惩评分表，对象管理分级不明确，点训过程中，矫正对象不知道自己的管理级别，造成所有对象等同级别管理。\r\n	</p>\r\n	<p style=\"font-size:14px;font-family:宋体;color:#666666;text-indent:2em;background-color:#FFFFFF;\">\r\n		<br />\r\n	</p>\r\n	<p style=\"font-size:14px;font-family:宋体;color:#666666;text-indent:2em;background-color:#FFFFFF;\">\r\n		针对存在的问题，市局除现场指出和纠正外，还制发了督查通报，要求各区县社区矫正工作要从以下几方面着手：一是提高司法所工作人员对社区矫正工作的认识。社区矫正是司法行政机关的重要职能，司法所是刑法非监禁刑罚执行的日常监管机构。社区矫正工作要作为全局、全所工作的重中之重来抓，要认真学习好、领会好、贯彻好中央、省委省政府和省司法厅关于社区矫正和安置帮教工作的一系列决策部署，创新思路，强化措施，坚决完成好上级交给的各项任务，切实履行司法行政法定职能。二是加大对司法所人员的培训力度，重点解决因系统性、针对性培训不足和司法所人员调整变动大所造成的业务不熟悉、工作不规范等问题。通过培训提高司法所人员对社区矫正职能工作和刑罚执行的认识，提高司法所人员对业务工作档案的整理水平。对工作欠规范的司法所，要经常下所指导和检查，结合绩效考评与检察机关法律监督推动工作进一步规范。三是规范司法所监管工作和档案台账。司法所严格按照区(县)局印发的档案目录、格式文书、表格和台账装订要求，完善相关资料内容。落实司法所监管措施，继续利用政府购买服务手机定位做好动态管理，利用奖惩考核做好矫正对象监管等级分级管理，针对此次督查的问题，进一步完善档案和台账内容。\r\n	</p>\r\n	<p style=\"font-size:14px;font-family:宋体;color:#666666;text-indent:2em;background-color:#FFFFFF;\">\r\n		<br />\r\n	</p>\r\n	<p style=\"font-size:14px;font-family:宋体;color:#666666;text-indent:2em;background-color:#FFFFFF;\">\r\n		此次大排查，效果显著，意义深远。一是社区矫正工作开展以来，这是我市首次联合市及区县检察机关共同执法。司法、检察系统在这次排查中，互相对比社区矫正对象底数，做到底数无偏差，确保没有出现脱管、漏管和虚管，共同掌握全市社区矫正监管安全形势。二是通过核实社区矫正对象身份信息、集中点名训话社区矫正对象，对矫正对象的罪犯身份意识给予了强化认识，起到了震慑的效果，彰显了司法行政机关的威严，为基层司法所树立了监管信心和执法威信。三是通过查阅档案台账，指出了司法所监管中存在的问题，起到了对司法所培训指导和推动工作的效果。四是全市社区矫正严肃的监管措施获得了检察机关的高度肯定，两家系统的合作为今后我市社区矫正工作良好的发展形势奠定了坚实的基础。\r\n	</p>\r\n</p>\r\n<div>\r\n	<span id=\"__kindeditor_bookmark_end_9__\"></span><br />\r\n</div>',1,0,'2016-01-12 00:42:49',NULL,'http://pad.pinhai.com.cn:8081/zjjtour-admin/attached/image/20160128/20160128232213_22.png',NULL,5,'2015年12月14日至2016年1月4日，张家界市司法局联合市、区县两级检察机关对全市各区县社区矫正工作和社区矫正对象进行了一次拉网式大排查。','1','1','1','0',1038,'1',1,'2016-01-28 22:10:53','123','ARTICLE',NULL,NULL,NULL,NULL,NULL),(28,'张家界、凤凰古城精品旅游攻略','张家界、凤凰古城精品旅游攻略','<span style=\"color:#666666;font-family:\'Microsoft YaHei\';font-size:16px;line-height:1.5;\"><a href=\"http://www.travelzjj.com/\" target=\"_blank\" class=\"keywords\">张家界</a>位于湖南西北部，属武陵山脉腹地。因旅游而建、因旅游而兴的张家界</span><span style=\"color:#666666;font-family:\'Microsoft YaHei\';font-size:16px;line-height:1.5;\">市，拥有令世人惊叹的风光。九寨沟看水，张家界</span><span style=\"color:#666666;font-family:\'Microsoft YaHei\';font-size:16px;line-height:1.5;\">看山。武陵源</span><span style=\"color:#666666;font-family:\'Microsoft YaHei\';font-size:16px;line-height:1.5;\">核心景区面积达264平方公里。景区中三千座石峰拨地而起，八百条溪流蜿蜒曲折，来<a href=\"http://www.travelzjj.com/\" target=\"_blank\" class=\"keywords\">张家界旅游</a></span><span style=\"color:#666666;font-family:\'Microsoft YaHei\';font-size:16px;line-height:1.5;\">观光的人，无不被武陵源</span><span style=\"color:#666666;font-family:\'Microsoft YaHei\';font-size:16px;line-height:1.5;\">奇特的砂岩峰林地貌和壮丽的喀斯特景观所倾倒，仿佛置身于神山仙境之中。</span>',1,0,'2016-01-15 18:30:52',NULL,'http://pad.pinhai.com.cn:8081/zjjtour-admin/attached/image/20160128/20160128232213_22.png',NULL,1,' 张家界位于湖南西北部，属武陵山脉腹地。因旅游而建、因旅游而兴的张家界市，拥有令世人惊叹的风光。九寨沟看水，张家界看山。武陵源核心景区面积达264平方公里。景区中三千座石峰拨地而起。','0','1','0','0',1036,'1',1,'2016-01-15 18:31:08','12','ARTICLE',NULL,NULL,NULL,NULL,NULL),(31,'畅游张家界','畅游张家界','畅游张家界',1,0,'2016-01-24 17:37:03','http://pad.pinhai.com.cn:8081/zjjtour-admin/attached/image/20160201/20160201001221_62.jpg','http://pad.pinhai.com.cn:8081/zjjtour-admin/attached/image/20160201/20160201001236_791.jpg','123',1,'畅游张家界','0','1','0','0',1054,'1',1,'2016-01-28 21:35:28','123','VIDEO','0','畅游张家界','http://pad.pinhai.com.cn:8081/zjjtour-admin/attached/image/20160128/20160128233226_442.flv',NULL,NULL),(32,'歌飞宝峰湖','歌飞宝峰湖','歌飞宝峰湖',1,0,'2016-01-24 17:38:10','http://pad.pinhai.com.cn:8081/zjjtour-admin/attached/image/20160201/20160201000841_850.jpg','http://pad.pinhai.com.cn:8081/zjjtour-admin/attached/image/20160201/20160201000830_729.jpg','歌飞宝峰湖',1,'345','0','1','0','0',1054,'1',1,'2016-01-24 17:48:09','aaaaaaa','VIDEO','1','歌飞宝峰湖','http://pad.pinhai.com.cn:8081/zjjtour-admin/attached/image/20160128/20160128231544_329.mp4',NULL,NULL),(34,' 玉皇石窟',' 玉皇石窟','123',1,0,'2016-01-28 21:57:28','http://7xr35w.com2.z0.glb.qiniucdn.com/281156495858.jpg','http://7xr35w.com2.z0.glb.qiniucdn.com/281156495858.jpg-quanjingindex',NULL,2,NULL,'0','1','0','0',1013,'1',1,'2016-01-28 21:57:38','','ARTICLE',NULL,NULL,NULL,'0',NULL),(36,'土家风情园','土家风情园',NULL,1,0,'2016-01-28 21:58:13','http://7xr35w.com2.z0.glb.qiniucdn.com/261103415393_quanjing_index.jpg','http://7xr35w.com2.z0.glb.qiniucdn.com/261103415393_quanjing_index.jpg-quanjingindex',NULL,1,'张家界土家风情园座落在湖南张家界市城区，交通便利。','0','1','1','0',1013,'1',1,'2016-01-28 21:58:20','324','ARTICLE',NULL,NULL,NULL,'0',NULL),(38,'张家界雪景摄影旅游线路','张家界雪景摄影旅游线路',NULL,1,0,'2016-01-28 22:02:39',NULL,'http://localhost:8080/zjjtour-admin/attached/image/20160128/20160128220233_632.png',NULL,1,'—— 雪景是张家界一大特色奇观，冬天张家界景区都是被白白积雪覆盖着，整个景区是洁白如瑕的景象展现给所有人的眼中。感觉走向另外一个世界了。张家界一连下的好几场雪，一般最大的一场雪是最好的...','0','1','0','0',1036,'1',1,'2016-01-28 22:02:51','123','ARTICLE',NULL,NULL,NULL,NULL,NULL),(40,'2016年全国旅游市场工作会议提出 不断提升美丽中国展现力','2016年全国旅游市场工作会议提出 不断提升美丽中国展现力','<p style=\"font-size:16px;font-family:\'Microsoft YaHei\';color:#666666;text-indent:2em;\">\r\n	1月31日，2016年全国旅游市场工作会议在海南省海口市召开。会议的主要任务是贯彻落实2016年全国旅游工作会议精神，总结2015年旅游市场工作，分析当前旅游市场发展形势，明确2016年旅游市场工作目标和任务。\r\n</p>\r\n<p style=\"font-size:16px;font-family:\'Microsoft YaHei\';color:#666666;text-indent:2em;\">\r\n	<br />\r\n</p>\r\n<p style=\"font-size:16px;font-family:\'Microsoft YaHei\';color:#666666;text-indent:2em;\">\r\n	国家旅游局局长李金早，副局长杜江、李世宏，全国31个各省市旅游委（局）负责人和市场处负责人，各驻外旅游办事处和部分旅游企业负责人参加会议。海南省副省长何西庆到会致辞。\r\n</p>\r\n<p style=\"font-size:16px;font-family:\'Microsoft YaHei\';color:#666666;text-indent:2em;\">\r\n	<br />\r\n</p>\r\n<p style=\"font-size:16px;font-family:\'Microsoft YaHei\';color:#666666;text-indent:2em;\">\r\n	李金早说，此次会议是2016年全国旅游工作会议之后召开的第一个全国旅游工作专题会议。近年来，世界各国纷纷制定旅游发展战略，以增加本国综合竞争力。在对外交往中，旅游已经成为重要工作抓手，成为对外交流与合作的重要载体。进入新的发展时期，传统的景点旅游模式已经不能适应新形势的发展，旅游正在从景点旅游向全域旅游转变，越来越多的国际游客希望去往景点之外的地方，深度体验普通民众的生产和生活，需求是全域的，因此我们必须用全域的理念来应对这种需求。在全域旅游的模式下，旅游工作的格局就放大了，旅游市场工作也将从仅是景点景区接待国际游客和狭窄的国际合作，转变为全域接待国际游客，全方位、多层次的国际交流合作。\r\n</p>\r\n<p style=\"font-size:16px;font-family:\'Microsoft YaHei\';color:#666666;text-indent:2em;\">\r\n	<br />\r\n</p>\r\n<p style=\"font-size:16px;font-family:\'Microsoft YaHei\';color:#666666;text-indent:2em;\">\r\n	李金早强调，要改变旅游市场工作手段较陈旧、形式较单一的局面，要把国家推介和地方推介相结合，积极鼓励地方加入市场宣传的大军；要发挥政府和市场两方面作用，在政府推广的同时，大力发挥市场功能和手段，要把旅游宣传<a href=\"http://www.travelzjj.com/active/\" target=\"_blank\" class=\"keywords\">活动</a>搞活，让市场推广主体受益；专业队伍的推介与非专业队伍的推介要相得益彰，在全域旅游概念下，人人都是旅游形象和推介者，这一点是专业推介队伍做不到的。\r\n</p>\r\n<p style=\"font-size:16px;font-family:\'Microsoft YaHei\';color:#666666;text-indent:2em;\">\r\n	<br />\r\n</p>\r\n<p style=\"font-size:16px;font-family:\'Microsoft YaHei\';color:#666666;text-indent:2em;\">\r\n	李世宏以《扩面增量、提质增效，全力做好2016年全国旅游市场工作》为题，作市场工作报告。他说，2015年，旅游市场工作面临诸多挑战和不确定因素，任务十分繁重，全国旅游部门特别是旅游市场部门，认真贯彻落实“515战略”的部署和要求，全力塑造“美丽中国”新品牌，强化宣传推广新方式新手段，大力开展旅游外交和涉港台澳台工作，切实优化旅游消费环境，旅游市场工作取得新进展。\r\n</p>\r\n<p style=\"font-size:16px;font-family:\'Microsoft YaHei\';color:#666666;text-indent:2em;\">\r\n	<br />\r\n</p>\r\n<p style=\"font-size:16px;font-family:\'Microsoft YaHei\';color:#666666;text-indent:2em;\">\r\n	在分析了旅游市场工作的有利机遇和条件、入境旅游市场面临的困难和挑战后，李世宏表示，2016年全国旅游市场工作要坚持稳中求进工作总基调，坚持“不断提升美国中国的展现力”这一方向，紧紧围绕“扩面增量、提质增效”的目标，切实抓住周边市场和传统市场、“一带一路”和新兴市场、港澳台基础市场三大重点市场，力推人文旅游、二三线城市和特色小城镇、创意旅游产品、精品旅游线路四类重点产品，努力拓展市场发展空间，保持市场规模稳中有升，着力提高市场发展质量和效益，全面推进三大市场协调发展。\r\n</p>\r\n<p style=\"font-size:16px;font-family:\'Microsoft YaHei\';color:#666666;text-indent:2em;\">\r\n	<br />\r\n</p>\r\n<p style=\"font-size:16px;font-family:\'Microsoft YaHei\';color:#666666;text-indent:2em;\">\r\n	据了解，2015年，全年整体入境旅游人数达1.338亿人次，同比增长4.0%；实现国际旅游收入1136.5亿美元，同比增长7.8%；出境旅游1.2亿人次，旅游花费1045亿美元，分别同比增长12.0%和16.7%；预计国内旅游突破40亿人次，旅游总收入超过3.42万亿元，分别同比增长10.5%和13.1%。\r\n</p>',1,0,'2016-01-28 23:27:15',NULL,'http://pad.pinhai.com.cn:8081/zjjtour-admin/attached/image/20160128/20160128232710_225.jpg',NULL,1,'国家旅游局局长李金早，副局长杜江、李世宏，全国31个各省市旅游委（局）负责人和市场处负责人，各驻外旅游办事处和部分旅游企业负责人参加会议。','0','1','0','0',1038,'1',1,'2016-01-28 23:27:19','123','ARTICLE',NULL,NULL,NULL,NULL,NULL),(41,'张家界摄影旅游线路精品攻略','张家界摄影旅游线路精品攻略','<span style=\"color:#666666;font-family:\'Microsoft YaHei\';font-size:16px;line-height:30px;background-color:#F8F8F8;\">想到张家界拍摄日出，日落的各位朋友需住景区，拍日出住大观台，丁香榕村。拍日落住乌龙寨。</span>',1,0,'2016-01-31 23:50:35',NULL,'http://pad.pinhai.com.cn:8081/zjjtour-admin/attached/image/20160128/20160128232213_22.png',NULL,13,'想到张家界拍摄日出，日落的各位朋友需住景区，拍日出住大观台，丁香榕村。拍日落住乌龙寨。','0','1','1','0',1036,'1',1,'2016-01-31 23:51:53','','ARTICLE',NULL,NULL,NULL,NULL,NULL),(42,'2015年张家界自助游最全面必读攻略','2015年张家界自助游最全面必读攻略','<span style=\"color:#666666;font-family:\'Microsoft YaHei\';font-size:16px;line-height:30px;background-color:#F8F8F8;\">自2007年常张高速开通以来，到张家界自驾游是非常的方便了，各地到长沙基本上都是有高速的，而长沙到张家界走长常高速二个小时，再走常张高速二个小时，总共四小时可达。</span>',1,0,'2016-01-31 23:51:11',NULL,'http://pad.pinhai.com.cn:8081/zjjtour-admin/attached/image/20160128/20160128232213_22.png',NULL,4,'自2007年常张高速开通以来，到张家界自驾游是非常的方便了，各地到长沙基本上都是有高速的，而长沙到张家界走长常高速二个小时，再走常张高速二个小时，总共四小时可达。','0','1','1','0',1036,'1',1,'2016-01-31 23:51:53','','ARTICLE',NULL,NULL,NULL,NULL,NULL),(43,'史上最完整的的旅游自救手册','史上最完整的的旅游自救手册','<span style=\"color:#666666;font-family:\'Microsoft YaHei\';font-size:16px;line-height:30px;background-color:#F8F8F8;\">旅途漫漫，总有未知的事情在等待我们，有偶遇的惊喜，也会有意外的惊吓，预防突发事件，学会自救互助。</span>',1,0,'2016-01-31 23:51:47',NULL,'http://pad.pinhai.com.cn:8081/zjjtour-admin/attached/image/20160128/20160128232213_22.png',NULL,5,'旅途漫漫，总有未知的事情在等待我们，有偶遇的惊喜，也会有意外的惊吓，预防突发事件，学会自救互助。','0','0','1','0',1036,'1',1,'2016-01-31 23:51:53','','ARTICLE',NULL,NULL,NULL,'0',NULL),(44,'2016年全国旅游工作会议完成各项议程','2016年全国旅游工作会议完成各项议程','<p style=\"font-size:16px;font-family:\'Microsoft YaHei\';color:#666666;text-indent:2em;\">\r\n	1月29日至30日两天时间里，与会代表围绕国家旅游局局长李金早所做旅游工作报告和如何做好2016年旅游工作，努力为“十三五”开好头、起好步等进行了交流。大家表示，2015年，全国旅游行业积极实施“515战略”，各项工作取得新进展，“行业自信、产业自信、事业自信”在全体旅游人心中生根发芽；2016年是“515战略”深度实施的攻坚克难之年，起着承上启下、继往开来的重要作用，因此，一定要凝神聚气、实干强旅，务实推动此次会议确定的各项重点工作。\r\n</p>\r\n<p style=\"font-size:16px;font-family:\'Microsoft YaHei\';color:#666666;text-indent:2em;\">\r\n	<br />\r\n</p>\r\n<p style=\"font-size:16px;font-family:\'Microsoft YaHei\';color:#666666;text-indent:2em;\">\r\n	国家旅游局副局长吴文学在会议总结中指出，做好2016年旅游工作，必须以十八届五中全会提出的五大发展理念为指引，创新发展，统筹政府功能与市场机制；协调发展，统筹产业发展与市场监管；绿色发展，长线工作立足于打持久战，短线工作立足于打歼灭战；开放发展，统筹引进来与走出去；共享发展，统筹改革试验与积累守成。他要求，各地要及时将此次会议精神向党委、政府汇报好，争取各方理解和支持；同时做好“十三五”旅游规划的编制和发布等重点工作。\r\n</p>\r\n<p style=\"font-size:16px;font-family:\'Microsoft YaHei\';color:#666666;text-indent:2em;\">\r\n	<br />\r\n</p>\r\n<p style=\"font-size:16px;font-family:\'Microsoft YaHei\';color:#666666;text-indent:2em;\">\r\n	春节假期临近，吴文学还特别强调了旅游安全和应急工作。他说，春节期间，旅游节庆<a href=\"http://www.travelzjj.com/active/\" target=\"_blank\" class=\"keywords\">活动</a>增多，市场迎来旅游接待和出境旅游高峰，各地要强化属地责任，强化部门联动，切实做好旅游安全的检查排查、信息发布和提示告诫工作，安排好假日值班值守，认真处理投诉咨询，特别要做好旅游安全应急预案等工作。\r\n</p>',1,0,'2016-01-31 23:58:58',NULL,'http://pad.pinhai.com.cn:8081/zjjtour-admin/attached/image/20160128/20160128232213_22.png',NULL,1,'经过两天的全体会议、分组讨论等环节，1月30日，在海南省海口市召开的2016年全国旅游工作会议完成各项议程。','0','1','1','0',1038,'1',1,'2016-02-01 00:00:44','','ARTICLE',NULL,NULL,NULL,NULL,NULL),(45,'播洒环保低碳理念 让张家界天更蓝水更绿山更美 ','播洒环保低碳理念 让张家界天更蓝水更绿山更美 ','<p style=\"font-size:16px;font-family:\'Microsoft YaHei\';color:#666666;text-indent:2em;\">\r\n	当你走进风景如画的张家界核心景区, 乘坐景区特色环保车在千奇百怪的山峰间流连忘返之时，除了感叹大自然的鬼斧神工、匠心独具，舒适、安全、低碳的景区交通必定令你印象深刻，而提供服务的就是张家界易程天下环保客运有限公司。\r\n</p>\r\n<p style=\"font-size:16px;font-family:\'Microsoft YaHei\';color:#666666;text-indent:2em;\">\r\n	<br />\r\n</p>\r\n<p style=\"font-size:16px;font-family:\'Microsoft YaHei\';color:#666666;text-indent:2em;text-align:center;\">\r\n	<img src=\"http://www.travelzjj.com/uploads/201601/140842446465.jpg\" alt=\"\" /> \r\n</p>\r\n<p style=\"font-size:16px;font-family:\'Microsoft YaHei\';color:#666666;text-indent:2em;text-align:center;\">\r\n	<br />\r\n</p>\r\n<p style=\"font-size:16px;font-family:\'Microsoft YaHei\';color:#666666;text-indent:2em;\">\r\n	她“低调、内敛、不张扬”，如同多年前吴冠中先生发现张家界时一样的感叹——养在深闺人未识！她从不主动宣传自己，却一直一脉相承地坚守着“为全球人民提供优质安全环保旅游服务”的企业使命，秉承创新务实的企业文化，播酒环保低碳理念，默默地为来自五湖四海的旅客提供安全、优质的旅游客运服务。\r\n</p>\r\n<p style=\"font-size:16px;font-family:\'Microsoft YaHei\';color:#666666;text-indent:2em;\">\r\n	<br />\r\n</p>\r\n<p style=\"font-size:16px;font-family:\'Microsoft YaHei\';color:#666666;text-indent:2em;text-align:center;\">\r\n	<img src=\"http://www.travelzjj.com/uploads/201601/140843016188.jpg\" alt=\"\" /> \r\n</p>\r\n<p style=\"font-size:16px;font-family:\'Microsoft YaHei\';color:#666666;text-indent:2em;text-align:center;\">\r\n	<br />\r\n</p>\r\n<p style=\"font-size:16px;font-family:\'Microsoft YaHei\';color:#666666;text-indent:2em;\">\r\n	<strong>保护核心景区环境,</strong><span style=\"line-height:1.5;\"><strong>启航低碳绿色交通</strong></span> \r\n</p>\r\n<p style=\"font-size:16px;font-family:\'Microsoft YaHei\';color:#666666;text-indent:2em;\">\r\n	<span style=\"line-height:1.5;\"><br />\r\n</span> \r\n</p>\r\n<p style=\"font-size:16px;font-family:\'Microsoft YaHei\';color:#666666;text-indent:2em;\">\r\n	1982年，张家界成为我国大陆第一个国家森林公园，自此迈上了以旅游兴市的快速发展之路。但在随后的十几年，因受交通资源长期匮乏的影响，片面追求经济效益，而忽视了交通的提质升级，导致节能减排和环境保护成了“口号”。张家界有奇峰三千，秀水八百，如果生态环境被破坏了，旅游兴市、旅游强市岂不就是空谈？一方面要保障经济的持续增长，一方面要实现绿色环保，给子孙后代留下更美的绿色家园！如何平衡两者的关系？很长一段时间内困绕着当地“父母”官。\r\n</p>\r\n<p style=\"font-size:16px;font-family:\'Microsoft YaHei\';color:#666666;text-indent:2em;\">\r\n	<br />\r\n</p>\r\n<p style=\"font-size:16px;font-family:\'Microsoft YaHei\';color:#666666;text-indent:2em;text-align:center;\">\r\n	<img src=\"http://www.travelzjj.com/uploads/201601/140843173675.jpg\" alt=\"\" /> \r\n</p>\r\n<p style=\"font-size:16px;font-family:\'Microsoft YaHei\';color:#666666;text-indent:2em;text-align:center;\">\r\n	<br />\r\n</p>\r\n<p style=\"font-size:16px;font-family:\'Microsoft YaHei\';color:#666666;text-indent:2em;\">\r\n	彼时，张家界易程天下环保客运有限公司给出了有力诠释：坚持环保低碳发展，减少景区内汽车尾气排放，规范景区内道路交通秩序，保护世界自然遗产——这是“易程天下”成立的初衷。怀揣绿色经营的理念，2001年，由张家界市经济发展投资集团有限公司、武陵源旅游产业公司和张家界国家森林公园管理处共同出资按照现代企业制度筹建，2011年由张家界旅游集团股份有限公司向该公司实施重组合并，“易程天下”成为“张旅集团”全资子公司，主营张家界核心景区内旅游客运服务和国内国际旅游服务业务，运营环保车283台。\r\n</p>\r\n<p style=\"font-size:16px;font-family:\'Microsoft YaHei\';color:#666666;text-indent:2em;\">\r\n	<br />\r\n</p>\r\n<p style=\"font-size:16px;font-family:\'Microsoft YaHei\';color:#666666;text-indent:2em;text-align:center;\">\r\n	<img src=\"http://www.travelzjj.com/uploads/201601/140843516051.jpg\" alt=\"\" /> \r\n</p>\r\n<p style=\"font-size:16px;font-family:\'Microsoft YaHei\';color:#666666;text-indent:2em;text-align:center;\">\r\n	<span>慕名参观学习绿色交通经营管理的香港中华基督教青年会一行</span> \r\n</p>\r\n<p style=\"font-size:16px;font-family:\'Microsoft YaHei\';color:#666666;text-indent:2em;text-align:center;\">\r\n	<br />\r\n</p>\r\n<p style=\"font-size:16px;font-family:\'Microsoft YaHei\';color:#666666;text-indent:2em;\">\r\n	一艘现代化的核心景区客运服务“巨轮”在张家界正式扬帆帆启航。\r\n</p>\r\n<p style=\"font-size:16px;font-family:\'Microsoft YaHei\';color:#666666;text-indent:2em;\">\r\n	<br />\r\n</p>\r\n<p style=\"font-size:16px;font-family:\'Microsoft YaHei\';color:#666666;text-indent:2em;\">\r\n	<strong>提升“道运”低碳理念,</strong><span style=\"line-height:1.5;\"><strong>走在节能减排前沿</strong></span> \r\n</p>\r\n<p style=\"font-size:16px;font-family:\'Microsoft YaHei\';color:#666666;text-indent:2em;\">\r\n	<span style=\"line-height:1.5;\"><br />\r\n</span> \r\n</p>\r\n<p style=\"font-size:16px;font-family:\'Microsoft YaHei\';color:#666666;text-indent:2em;\">\r\n	“易程天下”成立之初，就把车辆的尾气排放放在车辆选型的第一位，这是最直接也是最直观地对景区的环境保护。但张家界核心景区的路况和气候异常复杂，具有弯多、路陡、冬季气温又低等特点，车辆排量小，动力不足，单次运输的旅客就少，单位碳排放量会更大；车辆排量大，动力强，单次运输的旅客量自然多，但碳排放总量也会随之增加。\r\n</p>\r\n<p style=\"font-size:16px;font-family:\'Microsoft YaHei\';color:#666666;text-indent:2em;\">\r\n	<br />\r\n</p>\r\n<p style=\"font-size:16px;font-family:\'Microsoft YaHei\';color:#666666;text-indent:2em;text-align:center;\">\r\n	<img src=\"http://www.travelzjj.com/uploads/201601/140844053859.jpg\" alt=\"\" /> \r\n</p>\r\n<p style=\"font-size:16px;font-family:\'Microsoft YaHei\';color:#666666;text-indent:2em;text-align:center;\">\r\n	<span>整齐有序的LNG环保车</span> \r\n</p>\r\n<p style=\"font-size:16px;font-family:\'Microsoft YaHei\';color:#666666;text-indent:2em;text-align:center;\">\r\n	<br />\r\n</p>\r\n<p style=\"font-size:16px;font-family:\'Microsoft YaHei\';color:#666666;text-indent:2em;\">\r\n	如何平衡效益与节能减排？必须要在提升道路运输低碳理念上找答案。为此,“易程天下”直接放弃许多闻讯上门推销车辆的厂家业务员精心准备的数据报告，自己组织人员试验，历时半年，通过大量的试验数据，经过缜密的分析、测算后得出——在不同的路段使用不同座位数的车型，这样运力和能耗最平衡、统一。同时，排放标准在每一次招标中作硬性指标，从10年前的“”“国3”、“国4”，到现的“国5”标准，始终保持着市场的最高标准。\r\n</p>\r\n<p style=\"font-size:16px;font-family:\'Microsoft YaHei\';color:#666666;text-indent:2em;\">\r\n	<br />\r\n</p>\r\n<p style=\"font-size:16px;font-family:\'Microsoft YaHei\';color:#666666;text-indent:2em;\">\r\n	不仅如此，“易程天下”还借助有效的管理措施节能减排。综合道路、驾驶习惯、车辆参数（长度、质量、爬坡性能等）、乘员人数、发动机型号、空调使用等多种因素，制定了先进的《燃油消耗定额表》，既保证安全舒适行驶，还要控制油耗，并建立了规范的油耗统计制度、严格的油耗奖惩考核体系、车辆保养体系对油耗进行全方位的综合管控。经统计，以30—31客座柴油车为例:厂家出厂油耗参考标准为28L/100km，而通过一系列有效措施管控，该型车辆年平均实际油耗仅为23.41/100 km，降低15.35%，年节省油料28.6万L，减少碳排放224.51吨。\r\n</p>\r\n<p style=\"font-size:16px;font-family:\'Microsoft YaHei\';color:#666666;text-indent:2em;\">\r\n	<br />\r\n</p>\r\n<p style=\"font-size:16px;font-family:\'Microsoft YaHei\';color:#666666;text-indent:2em;\">\r\n	<strong>“追梦”新能源时代,</strong><span style=\"line-height:1.5;\"><strong>绿色引领环保客运</strong></span> \r\n</p>\r\n<p style=\"font-size:16px;font-family:\'Microsoft YaHei\';color:#666666;text-indent:2em;\">\r\n	<span style=\"line-height:1.5;\"><br />\r\n</span> \r\n</p>\r\n<p style=\"font-size:16px;font-family:\'Microsoft YaHei\';color:#666666;text-indent:2em;\">\r\n	最近几年，新能源汽车的蓬勃发展，引起了“易程天下”的高度重视。自2011年开始，该公司陆续组织试验了油电混合、纯电动力、CNG、LNG等新能源车型，因特殊的道路环境，最终选型LNG作为公司新能源发展主力车型。公司总经理邓昌明介绍:“ 2013年，一次更换50台LNG新能源汽车，2015年更换了20台LNG，2016计划再更换30台LNG，届时，新能源汽车的比例将达到40%左右。到2020年，除特殊路段，100%使用新能源汽车。新能源环保车辆的投入，切实降低了车辆尾气排放，使大气的PM2.5排放减少。另外，车辆采用LED灯具，在满足照明需求的同时有效降低设备的用电；散热器使用电磁风扇离合器，使发动机升温迅速以降低能耗，并减少低温时的功率消耗；整车采取一步踏步设计，通过旅客的快速上下以减少车辆怠速运转时间，减少不必要的燃料耗费；使用先进的进口发动机，在同等功率的条件下排量降低……”邓昌明还给笔者算了一笔账：70辆LNG车每年可以减少碳排放约4500吨，几乎没有硫、粉尘及其它有害物质的排放。\r\n</p>\r\n<p style=\"font-size:16px;font-family:\'Microsoft YaHei\';color:#666666;text-indent:2em;\">\r\n	<br />\r\n</p>\r\n<p style=\"font-size:16px;font-family:\'Microsoft YaHei\';color:#666666;text-indent:2em;\">\r\n	“易程天下”不遗余力地发展绿色交通保护环境的做法，得到了社会各界的高度肯定，先后获得了“全国交通运输行业节能减排贡献奖”、“全国交通运输节能减排优秀推进企业”、“全国公共交通创新服务示范单位”、“湖南省道路交通安全文明示范单位”等多项荣誉称号，树立了该公司在景区旅游交通运输行业窗口示范企业的新形象,引领了旅游客运业界绿色交通的发展,争当突围的行业翘楚。\r\n</p>\r\n<p style=\"font-size:16px;font-family:\'Microsoft YaHei\';color:#666666;text-indent:2em;\">\r\n	<br />\r\n</p>\r\n<p style=\"font-size:16px;font-family:\'Microsoft YaHei\';color:#666666;text-indent:2em;\">\r\n	&nbsp;“易程天下”在路上，环保低碳理念播洒绿色旅游，只为让张家界的天更蓝水更绿山更美！\r\n</p>',1,0,'2016-01-31 23:59:49',NULL,'http://pad.pinhai.com.cn:8081/zjjtour-admin/attached/image/20160128/20160128232213_22.png',NULL,1,'“易程天下”在路上，环保低碳理念播洒绿色旅游，只为让张家界的天更蓝水更绿山更美！','0','0','1','0',1038,'1',1,'2016-02-01 00:00:44','','ARTICLE',NULL,NULL,NULL,'0',NULL),(46,'张家界核心景区武陵源再迎降雪 接待秩序良好','张家界核心景区武陵源再迎降雪 接待秩序良好','<p style=\"font-size:16px;font-family:\'Microsoft YaHei\';color:#666666;text-indent:2em;\">\r\n	红网张家界站1月31日讯(通讯员 吴勇兵)1月31日，湖南张家界核心景区武陵源再次迎来强降雪天气，刚刚褪去冰雪盛装的万千峰林重新披上洁白的外衣，路面最大积雪深度超过10公分。\r\n</p>\r\n<p style=\"font-size:16px;font-family:\'Microsoft YaHei\';color:#666666;text-indent:2em;\">\r\n	<br />\r\n</p>\r\n<p style=\"font-size:16px;font-family:\'Microsoft YaHei\';color:#666666;text-indent:2em;\">\r\n	今日一早，武陵源区旅游工作委员会第一时间启动冰雪天气接待保障应急预案，武陵源区交通、交警、公路、旅游等部门迅速行动起来，第一时间组织力量对进入景区的公路进行了铲雪除冰，保障了到达景区门票站的旅游车辆顺畅。各景区管委会、办事处也第一时间对各游道进行了清扫，对重要路段设立了提醒和警示标识，对被大雪压断的树枝进行了清理。索道、电梯、观光电车、环保客运车等交通运输企业也及时对装设备和车辆进行了检查，并安排精干力量上岗保障。\r\n</p>\r\n<p style=\"font-size:16px;font-family:\'Microsoft YaHei\';color:#666666;text-indent:2em;\">\r\n	<br />\r\n</p>\r\n<p style=\"font-size:16px;font-family:\'Microsoft YaHei\';color:#666666;text-indent:2em;\">\r\n	顶风冒雪，武陵源区委常委、区人民政府常务副区长向罡等相关领导率景区管理局、旅游、交通、交警等相关单位负责人到客游最集中的百龙天梯、袁家界、杨家界等地段实地察看雪情，现场部署安全防范和旅游接待工作，重点清理非法营运车辆。并在袁家界景区管委会召开现场办公会，要求各重要节点、重点游览线、各交通要道全部加派值勤力量。同时，要求各涉旅单位、各旅游企业切实做好应急防范准备，备足相关物资应对可能出现的持续降雪天气。\r\n</p>\r\n<p style=\"font-size:16px;font-family:\'Microsoft YaHei\';color:#666666;text-indent:2em;\">\r\n	<br />\r\n</p>\r\n<p style=\"font-size:16px;font-family:\'Microsoft YaHei\';color:#666666;text-indent:2em;\">\r\n	据武陵源区旅游工作委员会办公室负责人介绍，由于应对准备充分，保障措施到位，目前核心景区杨家界、金鞭溪、黄石寨、水绕四门、袁家界等各线路及外围的宝峰湖、黄龙洞等二级景区游览秩序均保持良好。瑞雪迎新春，乐游武陵源。各地游客在景区冒雪畅游，赏雪景看峰林，无比惬意。一位广东游客说：“春节前在武陵源遇到这样的雪景，预示今年好年成啊!”\r\n</p>\r\n<p style=\"font-size:16px;font-family:\'Microsoft YaHei\';color:#666666;text-indent:2em;\">\r\n	<br />\r\n</p>\r\n<p style=\"font-size:16px;font-family:\'Microsoft YaHei\';color:#666666;text-indent:2em;\">\r\n	至笔者发稿时止，武陵源区旅游工作委员会办公室未接到重大旅游投诉的报告，各景区确保了接待安全。\r\n</p>',1,0,'2016-02-01 00:00:36',NULL,'http://pad.pinhai.com.cn:8081/zjjtour-admin/attached/image/20160128/20160128232213_22.png',NULL,5,'1月31日，湖南张家界核心景区武陵源再次迎来强降雪天气，刚刚褪去冰雪盛装的万千峰林重新披上洁白的外衣，路面最大积雪深度超过10公分。','0','1','1','0',1038,'1',1,'2016-02-01 00:00:44','','ARTICLE',NULL,NULL,NULL,NULL,NULL),(47,'黄龙洞','黄龙洞','黄龙洞',1,0,'2016-02-01 00:06:35','http://pad.pinhai.com.cn:8081/zjjtour-admin/attached/image/20160201/20160201000632_672.jpg','http://pad.pinhai.com.cn:8081/zjjtour-admin/attached/image/20160201/20160201000618_769.jpg',NULL,3,'黄龙洞','0','1','1','0',1054,'1',1,'2016-02-01 00:06:41','','VIDEO','0',NULL,NULL,NULL,NULL),(48,' 十里画廊',' 十里画廊','<div class=\"section\">\r\n	<div id=\"menu1\" class=\"menu\">\r\n		<div id=\"menu\">\r\n			<div class=\"line\">\r\n			</div>\r\n			<ul>\r\n				<li>\r\n					<a href=\"#item1\" class=\"cur transition\">360°全景</a> \r\n				</li>\r\n				<li>\r\n					<a href=\"#item2\" class=\"transition\">峰林奇观</a> \r\n				</li>\r\n				<li>\r\n					<a href=\"#item3\" class=\"transition\">风光美景</a> \r\n				</li>\r\n				<li>\r\n					<a href=\"#item4\" class=\"transition\">交通路线</a> \r\n				</li>\r\n				<li>\r\n					<a href=\"#item5\" class=\"transition\">游览须知</a> \r\n				</li>\r\n			</ul>\r\n		</div>\r\n	</div>\r\n	<div id=\"content\">\r\n		<div class=\"content-item\" id=\"item1\">\r\n			<h4>\r\n				<i class=\"iconfont\"></i>扩大的盆景，缩小的仙境\r\n			</h4>\r\n			<iframe src=\"\" width=\"750\" height=\"400\">\r\n				这里是全景控件\r\n			</iframe>\r\n		</div>\r\n		<div class=\"content-item\" id=\"item2\">\r\n			<h4>\r\n				<i class=\"iconfont\"></i>峰林奇观\r\n			</h4>\r\n<img src=\"../images/19.png\" /> \r\n			<p>\r\n				这里是文字描述这里是文字描述这里是文字描述这里是文字描述这里是文字描述这里是文字描述这里是文字描述这里是文字描述这里是文字描述这里是文字描述这里是文字描述这里是文字描述这里是文字描述这里是文字描述这里是文字描述这里是文字描述\r\n			</p>\r\n<img src=\"../images/19.png\" /> \r\n			<p>\r\n				这里是文字描述这里是文字描述这里是文字描述这里是文字描述这里是文字描述这里是文字描述这里是文字描述这里是文字描述这里是文字描述这里是文字描述这里是文字描述这里是文字描述这里是文字描述这里是文字描述这里是文字描述这里是文字描述\r\n			</p>\r\n		</div>\r\n		<div class=\"content-item\" id=\"item3\">\r\n			<h4>\r\n				<i class=\"iconfont\"></i>风光美景\r\n			</h4>\r\n<img src=\"../images/18.png\" /> \r\n			<p>\r\n				这里是文字描述这里是文字描述这里是文字描述这里是文字描述这里是文字描述这里是文字描述这里是文字描述这里是文字描述这里是文字描述这里是文字描述这里是文字描述这里是文字描述这里是文字描述这里是文字描述这里是文字描述这里是文字描述\r\n			</p>\r\n<img src=\"../images/16.jpg\" /> \r\n			<p>\r\n				这里是文字描述这里是文字描述这里是文字描述这里是文字描述这里是文字描述这里是文字描述这里是文字描述这里是文字描述这里是文字描述这里是文字描述这里是文字描述这里是文字描述这里是文字描述这里是文字描述这里是文字描述这里是文字描述\r\n			</p>\r\n		</div>\r\n		<div class=\"content-item\" id=\"item4\">\r\n			<h4>\r\n				<i class=\"iconfont\"></i>交通路线\r\n			</h4>\r\n<img src=\"../images/15.jpg\" /> \r\n			<p>\r\n				这里是文字描述这里是文字描述这里是文字描述这里是文字描述这里是文字描述这里是文字描述这里是文字描述这里是文字描述这里是文字描述这里是文字描述这里是文字描述这里是文字描述这里是文字描述这里是文字描述这里是文字描述这里是文字描述\r\n			</p>\r\n<img src=\"../images/17.jpg\" /> \r\n			<p>\r\n				这里是文字描述这里是文字描述这里是文字描述这里是文字描述这里是文字描述这里是文字描述这里是文字描述这里是文字描述这里是文字描述这里是文字描述这里是文字描述这里是文字描述这里是文字描述这里是文字描述这里是文字描述这里是文字描述\r\n			</p>\r\n		</div>\r\n		<div class=\"content-item\" id=\"item5\">\r\n			<h4>\r\n				<i class=\"iconfont\"></i>旅游须知\r\n			</h4>\r\n<img src=\"../images/18.png\" /> \r\n			<p>\r\n				这里是文字描述这里是文字描述这里是文字描述这里是文字描述这里是文字描述这里是文字描述这里是文字描述这里是文字描述这里是文字描述这里是文字描述这里是文字描述这里是文字描述这里是文字描述这里是文字描述这里是文字描述这里是文字描述\r\n			</p>\r\n<img src=\"../images/19.png\" /> \r\n			<p>\r\n				这里是文字描述这里是文字描述这里是文字描述这里是文字描述这里是文字描述这里是文字描述这里是文字描述这里是文字描述这里是文字描述这里是文字描述这里是文字描述这里是文字描述这里是文字描述这里是文字描述这里是文字描述这里是文字描述\r\n			</p>\r\n		</div>\r\n	</div>\r\n</div>',1,0,'2016-02-01 16:13:24','/zjjtour-admin/attached/image/20160220/20160220141822_699.jpg','/zjjtour-admin/attached/image/20160220/20160220144503_831.jpg','aaa',1,'aaaaa','0','1','0','0',1012,'1',1,'2016-02-01 16:13:29','aa','ARTICLE',NULL,NULL,NULL,'1','http://www.travelzjj.com/360/755-4.html'),(58,'袁家界','袁家界','<p>\r\n	<br />\r\n</p>',1,0,'2016-02-02 16:43:18','/zjjtour-admin/attached/image/20160220/20160220141450_781.jpg','/zjjtour-admin/attached/image/20160220/20160220144453_165.jpg',NULL,1,'123','0','1','0','0',1012,'1',1,'2016-02-02 20:31:33','444','ARTICLE',NULL,NULL,NULL,'1','http://www.travelzjj.com/360/755-3.html'),(59,'土家三下锅','土家三下锅','<ul class=\"detailtop_r_info food_info\" style=\"font-size:14px;color:#333333;font-family:Arial, \'Droid Sans\', \'Microsoft YaHei\', \'Hiragino Sans GB\', STXihei, simsun, sans-serif;\">\r\n	<li class=\"infotext\" style=\"color:#666666;\">\r\n		说起三下锅，来过张家界的人可谓是无人不知无人不晓，其实就是一种很方便的干锅，它是由三种主料做成的，多为肥肠、猪肚、牛肚、羊肚、猪蹄或猪头肉等选其中二、三样或多样经过本地的土厨师特殊加工成一锅煮。三下锅的吃法也分干锅与汤锅之分，干锅无汤，麻辣味重，不能吃辣的人最好慎重选择。\r\n	</li>\r\n</ul>',1,0,'2016-02-05 22:46:46','/zjjtour-admin/attached/image/20160220/20160220145251_727.jpg','/zjjtour-admin/attached/image/20160220/20160220145258_946.jpg','123',1,'说起三下锅，来过张家界的人可谓是无人不知无人不晓，其实就是一种很方便的干锅，它是由三种主料做成的，多为肥肠、猪肚、牛肚、羊肚、猪蹄或猪头肉等','0','1','1','0',1059,'1',1,'2016-02-05 22:46:53','123','ARTICLE',NULL,NULL,NULL,'0',NULL),(60,'中国游客成韩国免税店最大买家 改变固有品牌消费格局',NULL,'<p style=\"font-size:16px;font-family:\'Microsoft YaHei\';color:#666666;text-indent:2em;\">\r\n	本报首尔电 记者杨明报道：据韩国免税店行业日前发布的行业数据，2015年韩国免税店整体销售额达到81.43亿美元，其中中国人的消费额为44.76亿美元，占比高达52%。\r\n</p>\r\n<p style=\"font-size:16px;font-family:\'Microsoft YaHei\';color:#666666;text-indent:2em;\">\r\n	<br />\r\n</p>\r\n<p style=\"font-size:16px;font-family:\'Microsoft YaHei\';color:#666666;text-indent:2em;\">\r\n	中国游客已经成为绝对主角，而且正在改变韩国免税店的品牌产品消费格局，“K-Beauty”韩国化妆品因此成为去年的最大赢家。LG生活健康出品的“后”和爱茉莉太平洋出品的“雪花秀”两大韩国高档化妆品品牌纷纷击败来自欧美的奢侈品品牌，首次出现在韩国各大主要免税店销售榜的前两位。\r\n</p>\r\n<p style=\"font-size:16px;font-family:\'Microsoft YaHei\';color:#666666;text-indent:2em;\">\r\n	<br />\r\n</p>\r\n<p style=\"font-size:16px;font-family:\'Microsoft YaHei\';color:#666666;text-indent:2em;\">\r\n	以韩国最大的免税店——乐天免税店首尔小公洞店为例，“后”品牌化妆品去年的销售额达到1309亿韩元(约合7.35亿元人民币)，占据了该店销售排行榜的首位。而“雪花秀”以920亿韩元的销售额屈居次席。这两个品牌在2014年还排在第五位和第六位，仅去年一年时间销售额就分别增长了96%和45%，实现了销售排行的新突破。另外，爱茉莉太平洋旗下的其他化妆品品牌名次也大幅提升，其中“赫拉”以502亿韩元销售额排名第八位，“兰芝”以390亿韩元冲进前十名。相反，在该店常年占据销售榜首的路易威登去年仅实现了671亿韩元销售额，滑落至第三位，香奈儿则以649亿韩元紧随其后。以路易威登、香奈儿为代表的欧美奢侈品牌在韩国免税店的销售额去年呈现出快速下滑的趋势，同比降幅高达10%至40%。\r\n</p>\r\n<p style=\"font-size:16px;font-family:\'Microsoft YaHei\';color:#666666;text-indent:2em;\">\r\n	<br />\r\n</p>\r\n<p style=\"font-size:16px;font-family:\'Microsoft YaHei\';color:#666666;text-indent:2em;\">\r\n	新罗免税店首尔店去年的销售排行也呈现出与乐天免税店类似的情况，排行前三位的“后”“雪花秀”和“赫拉”都是韩国化妆品品牌，欧美品牌没能进入前三。流通行业相关人士分析认为，之所以出现这种销售趋势，是由于喜好奢侈品的日本访韩游客大幅减少，而韩国高档化妆品在中国游客中人气更高，近年来中国访韩游客的骤增彻底改变了韩国免税店的品牌销售排序。\r\n</p>\r\n<p style=\"font-size:16px;font-family:\'Microsoft YaHei\';color:#666666;text-indent:2em;\">\r\n	<br />\r\n</p>\r\n<p style=\"font-size:16px;font-family:\'Microsoft YaHei\';color:#666666;text-indent:2em;\">\r\n	据统计，爱茉莉太平洋去年在韩国免税店的总销售额同比增长了52%，历史上首次突破了1万亿韩元。LG生活健康去年在韩国免税店的总销售额也达到了6367亿韩元，同比涨幅高达112%。一些后发的小化妆品品牌，如“伊思”“美迪惠尔”等在免税店也取得了令人振奋的销售业绩。化妆品行业业内人士表示，尽管去年的中东呼吸综合征疫情使免税店销售受到较大影响，但随着中国游客的回归，从去年9月开始销售情况迅速改善，很多化妆品品牌还创出了历史最好成绩。据预计，中国游客访韩人次在2020年前将突破1000万。鉴于这种趋势，未来韩国多数化妆品品牌，特别是中小化妆品品牌，将重点围绕免税店渠道，打造核心销售网络。\r\n</p>',1,0,'2016-02-20 09:48:41','/zjjtour-admin/attached/image/20160220/20160220150949_7.jpg','/zjjtour-admin/attached/image/20160220/20160220150957_249.jpg',NULL,1,'据韩国免税店行业日前发布的行业数据，2015年韩国免税店整体销售额达到81.43亿美元，其中中国人的消费额为44.76亿美元，占比高达52%。','0','0','0','0',1038,'1',1,'2016-02-20 09:49:17','','ARTICLE',NULL,NULL,NULL,'0',NULL),(61,'武陵源核心景区（张家界国家森林公园）','武陵源核心景区（张家界国家森林公园）',NULL,1,0,'2016-02-20 14:08:36','/zjjtour-admin/attached/image/20160220/20160220140708_836.jpg','/zjjtour-admin/attached/image/20160220/20160220144351_399.jpg',NULL,1,NULL,'0','1','0','0',1012,'1',1,'2016-02-20 14:12:06','','ARTICLE',NULL,NULL,NULL,'1','http://www.travelzjj.com/360/755-5.html'),(62,' 天门寺',' 天门寺',NULL,1,0,'2016-02-20 20:44:05','http://7xr35w.com2.z0.glb.qiniucdn.com/281140537775.jpg','http://7xr35w.com2.z0.glb.qiniucdn.com/281140537775.jpg-quanjingindex',NULL,13,NULL,'0','1','0','0',1013,'1',1,'2016-02-20 20:46:20','','ARTICLE',NULL,NULL,NULL,'1',NULL),(64,'黄石寨','黄石寨',NULL,1,0,'2016-02-20 20:50:59','http://7xr35w.com2.z0.glb.qiniucdn.com/271323578413.jpg','http://7xr35w.com2.z0.glb.qiniucdn.com/271323578413.jpg-quanjingindex',NULL,1,NULL,'0','1','1','0',1012,'1',1,'2016-02-20 20:53:34','','ARTICLE',NULL,NULL,NULL,'1','http://www.travelzjj.com/360/756.html'),(65,'天子山','天子山',NULL,1,0,'2016-02-20 20:53:19','http://7xr35w.com2.z0.glb.qiniucdn.com/271259482692.jpg','http://7xr35w.com2.z0.glb.qiniucdn.com/271259482692.jpg-quanjingindex',NULL,1,NULL,'0','1','0','0',1012,'1',1,'2016-02-20 20:53:34','','ARTICLE',NULL,NULL,NULL,'1','http://www.travelzjj.com/360/755-1.html'),(66,'烟雨张家界','烟雨张家界',NULL,1,0,'2016-02-21 11:13:03','http://7xr35w.com2.z0.glb.qiniucdn.com/quanjing%E7%83%9F%E9%9B%A8%E5%BC%A0%E5%AE%B6%E7%95%8C.jpg','http://7xr35w.com2.z0.glb.qiniucdn.com/quanjing%E7%83%9F%E9%9B%A8%E5%BC%A0%E5%AE%B6%E7%95%8C.jpg-quanjingindex',NULL,1,NULL,'0','0','0','0',1014,'1',1,'2016-02-21 13:54:24','','ARTICLE',NULL,NULL,NULL,'1',NULL),(67,'天门狐仙','天门狐仙',NULL,1,0,'2016-02-21 11:14:17','http://7xr35w.com2.z0.glb.qiniucdn.com/quanjing%E5%A4%A9%E9%97%A8%E7%8B%90%E4%BB%99.jpg','http://7xr35w.com2.z0.glb.qiniucdn.com/quanjing%E5%A4%A9%E9%97%A8%E7%8B%90%E4%BB%99.jpg-quanjingindex',NULL,1,NULL,'0','0','0','0',1014,'1',1,'2016-02-21 13:54:24','','ARTICLE',NULL,NULL,NULL,'1',NULL),(68,'魅力湘西','魅力湘西',NULL,1,0,'2016-02-21 11:17:22','http://7xr35w.com2.z0.glb.qiniucdn.com/quanjing%E9%AD%85%E5%8A%9B%E6%B9%98%E8%A5%BF.jpg','http://7xr35w.com2.z0.glb.qiniucdn.com/quanjing%E9%AD%85%E5%8A%9B%E6%B9%98%E8%A5%BF.jpg-quanjingindex',NULL,1,NULL,'0','0','0','0',1014,'1',1,'2016-02-21 13:54:24','','ARTICLE',NULL,NULL,NULL,'1',NULL),(69,'八大公山','八大公山',NULL,1,0,'2016-02-21 11:18:46','http://7xr35w.com2.z0.glb.qiniucdn.com/quanjing%E5%85%AB%E5%A4%A7%E5%85%AC%E5%B1%B1.jpg','http://7xr35w.com2.z0.glb.qiniucdn.com/quanjing%E5%85%AB%E5%A4%A7%E5%85%AC%E5%B1%B1.jpg-quanjingindex',NULL,1,NULL,'0','0','0','0',1015,'1',1,'2016-02-21 13:57:16','','ARTICLE',NULL,NULL,NULL,'1',NULL),(70,'清风峡','清风峡',NULL,1,0,'2016-02-21 11:19:50','http://7xr35w.com2.z0.glb.qiniucdn.com/quanjing%E6%B8%85%E9%A3%8E%E5%B3%A1.jpg','http://7xr35w.com2.z0.glb.qiniucdn.com/quanjing%E6%B8%85%E9%A3%8E%E5%B3%A1.jpg-quanjingindex',NULL,1,NULL,'0','0','0','0',1015,'1',1,'2016-02-21 13:57:16','','ARTICLE',NULL,NULL,NULL,'1',NULL),(72,'崇山','崇山',NULL,1,0,'2016-02-21 11:21:03','http://7xr35w.com2.z0.glb.qiniucdn.com/quanjing%E5%B4%87%E5%B1%B1.jpg','http://7xr35w.com2.z0.glb.qiniucdn.com/quanjing%E5%B4%87%E5%B1%B1.jpg-quanjingindex',NULL,1,NULL,'0','0','0','0',1015,'1',1,'2016-02-21 13:57:16','','ARTICLE',NULL,NULL,NULL,'1',NULL),(73,'土家家常菜','土家家常菜',NULL,1,0,'2016-02-21 11:43:03','http://7xr35w.com2.z0.glb.qiniucdn.com/quanjing%E5%9C%9F%E5%AE%B6%E5%AE%B6%E5%B8%B8%E8%8F%9C.jpg','http://7xr35w.com2.z0.glb.qiniucdn.com/quanjing%E5%9C%9F%E5%AE%B6%E5%AE%B6%E5%B8%B8%E8%8F%9C.jpg-quanjingindex',NULL,1,NULL,'0','0','0','0',1016,'0',NULL,NULL,NULL,'ARTICLE',NULL,NULL,NULL,'1',NULL),(74,'土家名菜','土家名菜',NULL,1,0,'2016-02-21 11:44:26','http://7xr35w.com2.z0.glb.qiniucdn.com/quanjing%E5%9C%9F%E5%AE%B6%E5%90%8D%E8%8F%9C.jpg','http://7xr35w.com2.z0.glb.qiniucdn.com/quanjing%E5%9C%9F%E5%AE%B6%E5%90%8D%E8%8F%9C.jpg-quanjingindex',NULL,1,NULL,'0','0','0','0',1016,'0',NULL,NULL,NULL,'ARTICLE',NULL,NULL,NULL,'1',NULL),(75,'特色小吃','特色小吃',NULL,1,0,'2016-02-21 11:46:32','http://7xr35w.com2.z0.glb.qiniucdn.com/quanjing%E7%89%B9%E8%89%B2%E5%B0%8F%E5%90%83.jpg','http://7xr35w.com2.z0.glb.qiniucdn.com/quanjing%E7%89%B9%E8%89%B2%E5%B0%8F%E5%90%83.jpg-quanjingindex',NULL,1,NULL,'0','0','0','0',1016,'0',NULL,NULL,NULL,'ARTICLE',NULL,NULL,NULL,'1',NULL),(76,'张家界住宿','张家界住宿',NULL,1,0,'2016-02-21 11:48:11','http://7xr35w.com2.z0.glb.qiniucdn.com/quanjing%E4%BD%8F%E5%AE%BF.jpg','http://7xr35w.com2.z0.glb.qiniucdn.com/quanjing%E4%BD%8F%E5%AE%BF.jpg-quanjingindex',NULL,1,NULL,'0','0','0','0',1017,'1',1,'2016-02-21 13:59:49','','ARTICLE',NULL,NULL,NULL,'1',NULL),(77,'张家界、凤凰古城精品旅游攻略','张家界、凤凰古城精品旅游攻略','<p style=\"font-size:16px;font-family:\'Microsoft YaHei\';color:#666666;text-indent:2em;\">\r\n	<span style=\"line-height:1.5;\">张家界位于湖南西北部，属武陵山脉腹地。因旅游而建、因旅游而兴的张家界</span><span style=\"line-height:1.5;\">市，拥有令世人惊叹的风光。九寨沟看水，张家界</span><span style=\"line-height:1.5;\">看山。武陵源</span><span style=\"line-height:1.5;\">核心景区面积达264平方公里。景区中三千座石峰拨地而起，八百条溪流蜿蜒曲折，来张家界旅游</span><span style=\"line-height:1.5;\">观光的人，无不被武陵源</span><span style=\"line-height:1.5;\">奇特的砂岩峰林地貌和壮丽的喀斯特景观所倾倒，仿佛置身于神山仙境之中。</span> \r\n</p>\r\n<p style=\"font-size:16px;font-family:\'Microsoft YaHei\';color:#666666;text-indent:2em;\">\r\n	<span style=\"line-height:1.5;\"><br />\r\n</span> \r\n</p>\r\n<p style=\"font-size:16px;font-family:\'Microsoft YaHei\';color:#666666;text-indent:2em;text-align:center;\">\r\n	<img src=\"http://dimg02.c-ctrip.com/images/tg/712/156/069/bfaba91899264f468bca524ef9facea1_R_670_10000.jpg\" width=\"670\" height=\"446\" /> \r\n</p>\r\n<p style=\"font-size:16px;font-family:\'Microsoft YaHei\';color:#666666;text-indent:2em;text-align:center;\">\r\n	大勇府城\r\n</p>\r\n<p style=\"font-size:16px;font-family:\'Microsoft YaHei\';color:#666666;text-indent:2em;\">\r\n	<span style=\"line-height:1.5;\"><br />\r\n</span> \r\n</p>\r\n<p style=\"font-size:16px;font-family:\'Microsoft YaHei\';color:#666666;text-indent:2em;\">\r\n	<span style=\"line-height:1.5;\">相当于张家界</span><span style=\"line-height:1.5;\">的市中心，是住宿、美食、购物的聚集地。由八座楼群组成，建筑呈明清时期土、苗等少数民族建筑之风格。</span> \r\n</p>\r\n<p style=\"font-size:16px;font-family:\'Microsoft YaHei\';color:#666666;text-indent:2em;\">\r\n	<span style=\"line-height:1.5;\"><br />\r\n</span> \r\n</p>\r\n<div style=\"color:#333333;font-family:\'Microsoft Yahei\', \'Hiragino Sans GB\', \'Helvetica Neue\', Helvetica, tahoma, arial, Verdana, sans-serif, \'WenQuanYi Micro Hei\', 宋体;text-align:center;\">\r\n	<img src=\"http://dimg02.c-ctrip.com/images/tg/650/053/924/35cc84d6e6f14088828b59a94b39e469_C_1024_10000.jpg\" width=\"600\" height=\"343\" /> \r\n</div>\r\n<p style=\"font-size:16px;font-family:\'Microsoft YaHei\';color:#666666;text-indent:2em;text-align:center;\">\r\n	金鞭溪\r\n</p>\r\n<p style=\"font-size:16px;font-family:\'Microsoft YaHei\';color:#666666;text-indent:2em;\">\r\n	<span style=\"line-height:1.5;\"><br />\r\n</span> \r\n</p>\r\n<p style=\"font-size:16px;font-family:\'Microsoft YaHei\';color:#666666;text-indent:2em;\">\r\n	<span style=\"line-height:1.5;\">全溪沿线是武陵源</span><span style=\"line-height:1.5;\">风景最美的地界，被誉为“世界上最美丽的峡谷之一”。电视连续剧《西游记》就是以此处为花果山外景取景地的。人沿清溪行，胜似画中游。</span> \r\n</p>\r\n<p style=\"font-size:16px;font-family:\'Microsoft YaHei\';color:#666666;text-indent:2em;\">\r\n	<span style=\"line-height:1.5;\"><br />\r\n</span> \r\n</p>\r\n<div style=\"color:#333333;font-family:\'Microsoft Yahei\', \'Hiragino Sans GB\', \'Helvetica Neue\', Helvetica, tahoma, arial, Verdana, sans-serif, \'WenQuanYi Micro Hei\', 宋体;text-align:center;\">\r\n	<img src=\"http://dimg02.c-ctrip.com/images/tg/098/199/656/875aaab51f2a46c28686c32124d406b1_C_1024_10000.jpg\" width=\"600\" height=\"350\" /> \r\n</div>\r\n<p style=\"font-size:16px;font-family:\'Microsoft YaHei\';color:#666666;text-indent:2em;text-align:center;\">\r\n	黄石寨\r\n</p>\r\n<p style=\"font-size:16px;font-family:\'Microsoft YaHei\';color:#666666;text-indent:2em;text-align:center;\">\r\n	<br />\r\n</p>\r\n<p style=\"font-size:16px;font-family:\'Microsoft YaHei\';color:#666666;text-indent:2em;\">\r\n	<span style=\"line-height:1.5;\">又名“黄狮寨”，是国家森林公园景区的精华，向来有“不上黄石寨</span><span style=\"line-height:1.5;\">，枉到</span>张家界<span style=\"line-height:1.5;\">”之说。寨顶西南略高，东北稍低。周围则悬崖绝壁，绿树丛生。伸出许多凌空观景台。</span> \r\n</p>\r\n<p style=\"font-size:16px;font-family:\'Microsoft YaHei\';color:#666666;text-indent:2em;\">\r\n	<span style=\"line-height:1.5;\"><br />\r\n</span> \r\n</p>\r\n<div style=\"color:#333333;font-family:\'Microsoft Yahei\', \'Hiragino Sans GB\', \'Helvetica Neue\', Helvetica, tahoma, arial, Verdana, sans-serif, \'WenQuanYi Micro Hei\', 宋体;text-align:center;\">\r\n	<img src=\"http://dimg02.c-ctrip.com/images/tg/622/285/606/8af0ff802efe4e06a5932acef33f88ee_C_1024_10000.jpg\" width=\"600\" height=\"348\" /> \r\n</div>\r\n<p style=\"font-size:16px;font-family:\'Microsoft YaHei\';color:#666666;text-indent:2em;text-align:center;\">\r\n	十里画廊\r\n</p>\r\n<p style=\"font-size:16px;font-family:\'Microsoft YaHei\';color:#666666;text-indent:2em;\">\r\n	<span style=\"line-height:1.5;\"><br />\r\n</span> \r\n</p>\r\n<p style=\"font-size:16px;font-family:\'Microsoft YaHei\';color:#666666;text-indent:2em;\">\r\n	<span style=\"line-height:1.5;\">为一狭长峡谷，谷深5.8km，一溪中流。在这山谷两侧，有着丰富的自然景观，人行其间如在画中。沟旁黛峰屏列，山上的岩石形成了200来尊似人似物、似鸟似兽的石景造型。</span> \r\n</p>\r\n<p style=\"font-size:16px;font-family:\'Microsoft YaHei\';color:#666666;text-indent:2em;\">\r\n	<span style=\"line-height:1.5;\"><br />\r\n</span> \r\n</p>\r\n<div style=\"color:#333333;font-family:\'Microsoft Yahei\', \'Hiragino Sans GB\', \'Helvetica Neue\', Helvetica, tahoma, arial, Verdana, sans-serif, \'WenQuanYi Micro Hei\', 宋体;text-align:center;\">\r\n	<img src=\"http://dimg02.c-ctrip.com/images/tg/471/702/284/f2ba03c6c37e4befbd4465f8c950dd9f_C_1024_10000.jpg\" width=\"600\" height=\"349\" /> \r\n</div>\r\n<p style=\"font-size:16px;font-family:\'Microsoft YaHei\';color:#666666;text-indent:2em;text-align:center;\">\r\n	天门山\r\n</p>\r\n<p style=\"font-size:16px;font-family:\'Microsoft YaHei\';color:#666666;text-indent:2em;\">\r\n	<span style=\"line-height:1.5;\"><br />\r\n</span> \r\n</p>\r\n<p style=\"font-size:16px;font-family:\'Microsoft YaHei\';color:#666666;text-indent:2em;\">\r\n	<span style=\"line-height:1.5;\">是张家界</span><span style=\"line-height:1.5;\">永定区海拔最高的山，因自然奇观天门洞而得名。天门洞终年氤氲蒸腾，景象变幻莫测，似蕴藏天地无穷玄机，被人誉为世界最美的空中花园和天界仙境。</span> \r\n</p>\r\n<p style=\"font-size:16px;font-family:\'Microsoft YaHei\';color:#666666;text-indent:2em;\">\r\n	<span style=\"line-height:1.5;\"><br />\r\n</span> \r\n</p>\r\n<p style=\"font-size:16px;font-family:\'Microsoft YaHei\';color:#666666;text-indent:2em;\">\r\n	<span style=\"line-height:1.5;\"><strong>最佳旅行时间</strong></span> \r\n</p>\r\n<p style=\"font-size:16px;font-family:\'Microsoft YaHei\';color:#666666;text-indent:2em;\">\r\n	<span style=\"line-height:1.5;\"><br />\r\n</span> \r\n</p>\r\n<p style=\"font-size:16px;font-family:\'Microsoft YaHei\';color:#666666;text-indent:2em;\">\r\n	<span style=\"line-height:1.5;\">春秋两季是张家界</span><span style=\"line-height:1.5;\">的最佳旅游时间。春天的张家界</span><span style=\"line-height:1.5;\">落英缤纷，溯金鞭溪，游十里画廊</span><span style=\"line-height:1.5;\">，探黄龙洞</span><span style=\"line-height:1.5;\">，体会武陵人进入桃花源的惊喜；秋天的张家界</span><span style=\"line-height:1.5;\">天高云淡，层林尽染，此时正是猕猴桃、蜜橘等美味水果成熟的时节。相对而言，夏季高温多雨，冬季气候寒冷，舒适度稍逊于春秋。春季推荐金鞭溪、十里画廊</span><span style=\"line-height:1.5;\">、黄龙洞</span><span style=\"line-height:1.5;\">、宝峰湖秋季推荐天子山</span><span style=\"line-height:1.5;\">、袁家界</span><span style=\"line-height:1.5;\">、西海、凤栖山。</span> \r\n</p>\r\n<p style=\"font-size:16px;font-family:\'Microsoft YaHei\';color:#666666;text-indent:2em;\">\r\n	<br />\r\n</p>\r\n<p style=\"font-size:16px;font-family:\'Microsoft YaHei\';color:#666666;text-indent:2em;\">\r\n	<strong>穿衣指数</strong> \r\n</p>\r\n<p style=\"font-size:16px;font-family:\'Microsoft YaHei\';color:#666666;text-indent:2em;\">\r\n	<br />\r\n</p>\r\n<p style=\"font-size:16px;font-family:\'Microsoft YaHei\';color:#666666;text-indent:2em;\">\r\n	<span style=\"line-height:1.5;\">张家界昼夜温差大，四季温差相对较小。张家界</span><span style=\"line-height:1.5;\">核心景区与市区的温差约5-10℃，最热时市区39℃，景区约30℃。夏天需带防晒霜，晚上也要盖薄被入眠，因此夜间入住山顶最好携带长袖衣物。秋冬季节上张家界</span><span style=\"line-height:1.5;\">，建议穿夹衣或西服、加薄羊毛衫等春秋服装。年老体弱者宜着夹衣或风衣加羊毛衫。要穿比较好的防滑鞋，张家界</span><span style=\"line-height:1.5;\">多雨水，最好带上伞或防雨的衣裤。</span> \r\n</p>\r\n<p style=\"font-size:16px;font-family:\'Microsoft YaHei\';color:#666666;text-indent:2em;\">\r\n	<strong><br />\r\n</strong> \r\n</p>\r\n<p style=\"font-size:16px;font-family:\'Microsoft YaHei\';color:#666666;text-indent:2em;\">\r\n	<strong>消费指数</strong> \r\n</p>\r\n<p style=\"font-size:16px;font-family:\'Microsoft YaHei\';color:#666666;text-indent:2em;\">\r\n	<span style=\"line-height:1.5;\"><br />\r\n</span> \r\n</p>\r\n<p style=\"font-size:16px;font-family:\'Microsoft YaHei\';color:#666666;text-indent:2em;\">\r\n	<span style=\"line-height:1.5;\">非“十一”黄金周等重大节假日类热门时间里，除了交通及景点门票费用外，两个人3天单纯游张家界</span><span style=\"line-height:1.5;\">约400元基本满足。</span> \r\n</p>\r\n<p style=\"font-size:16px;font-family:\'Microsoft YaHei\';color:#666666;text-indent:2em;\">\r\n	<strong><br />\r\n</strong> \r\n</p>\r\n<p style=\"font-size:16px;font-family:\'Microsoft YaHei\';color:#666666;text-indent:2em;\">\r\n	<strong>二、景点</strong> \r\n</p>\r\n<p style=\"font-size:16px;font-family:\'Microsoft YaHei\';color:#666666;text-indent:2em;\">\r\n	<br />\r\n</p>\r\n<p style=\"font-size:16px;font-family:\'Microsoft YaHei\';color:#666666;text-indent:2em;\">\r\n	<span style=\"line-height:1.5;\">张家界的核心景区为武陵源</span><span style=\"line-height:1.5;\">风景名胜区，一般说到张家界旅游</span><span style=\"line-height:1.5;\">主要是游武陵源</span><span style=\"line-height:1.5;\">。1984年，时任中共中央总书记的胡耀邦视察此地时将张家界</span><span style=\"line-height:1.5;\">、索溪峪</span><span style=\"line-height:1.5;\">、天子山</span><span style=\"line-height:1.5;\">三大景区命名为“武陵源</span><span style=\"line-height:1.5;\">”。因此，武陵源</span><span style=\"line-height:1.5;\">风景名胜区由张家界国家森林公园</span><span style=\"line-height:1.5;\">、天子山</span><span style=\"line-height:1.5;\">自然保护区、索溪峪</span><span style=\"line-height:1.5;\">自然保护区、杨家界</span><span style=\"line-height:1.5;\">自然保护区组成。到武陵源</span><span style=\"line-height:1.5;\">游览，需乘班车抵达。</span> \r\n</p>\r\n<p style=\"font-size:16px;font-family:\'Microsoft YaHei\';color:#666666;text-indent:2em;\">\r\n	<span style=\"line-height:1.5;\"><br />\r\n</span> \r\n</p>\r\n<p style=\"font-size:16px;font-family:\'Microsoft YaHei\';color:#666666;text-indent:2em;\">\r\n	<span style=\"line-height:1.5;\">而市区内著名的热门景点还有天门山国家森林公园</span><span style=\"line-height:1.5;\">，心跳刺激的玻璃栈道和神奇迷幻的天门洞始终为游客所津津乐道，被喻为“张家界</span><span style=\"line-height:1.5;\">新传奇”；还有与前国务院总理朱镕基曾结情缘的老院子</span><span style=\"line-height:1.5;\">，比故宫早建七年的普广禅寺</span><span style=\"line-height:1.5;\">，均在市中心附近，步行或打的可到。距离市郊不远的“中华最佳洞府”黄龙洞</span><span style=\"line-height:1.5;\">、“人间瑶池”宝峰湖等也可乘公交车或打的到达。此外，市郊处的“百里画廊”茅岩河漂流</span><span style=\"line-height:1.5;\">，桑植</span><span style=\"line-height:1.5;\">县的“亚洲第一大洞”九天洞，刘晓庆和姜文成名的芙蓉镇及“天下第一漂”的猛洞河漂流都是观光游览的佳处。</span> \r\n</p>\r\n<p style=\"font-size:16px;font-family:\'Microsoft YaHei\';color:#666666;text-indent:2em;\">\r\n	<br />\r\n</p>\r\n<p style=\"font-size:16px;font-family:\'Microsoft YaHei\';color:#666666;text-indent:2em;\">\r\n	<span style=\"line-height:1.5;\"><strong>武陵源风景区</strong></span> \r\n</p>\r\n<p style=\"font-size:16px;font-family:\'Microsoft YaHei\';color:#666666;text-indent:2em;\">\r\n	<br />\r\n</p>\r\n<p style=\"font-size:16px;font-family:\'Microsoft YaHei\';color:#666666;text-indent:2em;\">\r\n	<span style=\"line-height:1.5;\">武陵源风景区包括张家界国家森林公园</span><span style=\"line-height:1.5;\">、索溪峪</span><span style=\"line-height:1.5;\">（部分）和天子山</span><span style=\"line-height:1.5;\">风景区三个大景区。其中，张家界</span>国家森林公园<span style=\"line-height:1.5;\">，包括黄狮寨、砂刀沟</span><span style=\"line-height:1.5;\">、金鞭溪、腰子寨</span><span style=\"line-height:1.5;\">、袁家界</span><span style=\"line-height:1.5;\">景区和杨家界</span><span style=\"line-height:1.5;\">景区。天波府</span><span style=\"line-height:1.5;\">属于杨家界</span><span style=\"line-height:1.5;\">景区。十里画廊</span><span style=\"line-height:1.5;\">在索溪峪</span><span style=\"line-height:1.5;\">景区，老屋场</span><span style=\"line-height:1.5;\">属于天子山</span><span style=\"line-height:1.5;\">景区。如果全部游玩，大概需要6-7天时间，把经典景点走一遍，一般也最好有三天。核心景区内岔路口非常多，不少漂亮的景点比较偏僻，从一个景点到另一个景点游客往往无法正确的估计时间，绕路、走往返、冤枉路是很多纯粹的自助旅游者所经常碰到的事情。因此，若对自助游没信心的，建议可找个信誉度好的导游带路，制定行程，还能沿途讲解，让你更了解张家界</span><span style=\"line-height:1.5;\">每一处奇山的故事。</span> \r\n</p>\r\n<p style=\"font-size:16px;font-family:\'Microsoft YaHei\';color:#666666;text-indent:2em;\">\r\n	<span style=\"line-height:1.5;\"><br />\r\n</span> \r\n</p>\r\n<p style=\"font-size:16px;font-family:\'Microsoft YaHei\';color:#666666;text-indent:2em;\">\r\n	<span style=\"line-height:1.5;\"><strong>门票：</strong></span> \r\n</p>\r\n<p style=\"font-size:16px;font-family:\'Microsoft YaHei\';color:#666666;text-indent:2em;\">\r\n	<span style=\"line-height:1.5;\"><br />\r\n</span> \r\n</p>\r\n<p style=\"font-size:16px;font-family:\'Microsoft YaHei\';color:#666666;text-indent:2em;\">\r\n	<span style=\"line-height:1.5;\">门票实行通票制，为指纹门票卡，三日票价248元/人，四日以上实行周票301元/人，均含3元保险费及环保观光车费，不分淡旺季。学生票价160元/人，需凭学生证及身份证（限24岁以下）。进检票口需输入指纹。门票以三日内进出有效，且有时间限制，248元门票为第三日18:00自动失效。</span> \r\n</p>\r\n<p style=\"font-size:16px;font-family:\'Microsoft YaHei\';color:#666666;text-indent:2em;\">\r\n	<span style=\"line-height:1.5;\"><br />\r\n</span> \r\n</p>\r\n<p style=\"font-size:16px;font-family:\'Microsoft YaHei\';color:#666666;text-indent:2em;\">\r\n	<span style=\"line-height:1.5;\">景区共设有五个门票站：武陵源</span><span style=\"line-height:1.5;\">门票站、森林公园门票站、水绕寺门</span><span style=\"line-height:1.5;\">门票站、杨家界</span><span style=\"line-height:1.5;\">门票站和天子山</span><span style=\"line-height:1.5;\">门票。一般从武陵源</span><span style=\"line-height:1.5;\">门票站和森林公园门票站进入景区较多。同时，游客在购买门票时，可在专设窗口自愿购买保险。</span> \r\n</p>\r\n<p style=\"font-size:16px;font-family:\'Microsoft YaHei\';color:#666666;text-indent:2em;\">\r\n	<span style=\"line-height:1.5;\"><br />\r\n</span> \r\n</p>\r\n<p style=\"font-size:16px;font-family:\'Microsoft YaHei\';color:#666666;text-indent:2em;\">\r\n	<span style=\"line-height:1.5;\"><strong>温馨提示：</strong></span> \r\n</p>\r\n<p style=\"font-size:16px;font-family:\'Microsoft YaHei\';color:#666666;text-indent:2em;\">\r\n	<span style=\"line-height:1.5;\"><br />\r\n</span> \r\n</p>\r\n<p style=\"font-size:16px;font-family:\'Microsoft YaHei\';color:#666666;text-indent:2em;\">\r\n	<span style=\"line-height:1.5;\">必须注意，当日18:00以前所购门票卡均在次日内继续有效，但当日18:00前购买的门票卡视为当日已使用一天，到第三日18:00则失效；而18:00-24:00之间所购门票卡则视为第二天所购门票卡。因此，若超过期限未自觉出景区，当工作人员查票发现后，需立即补差额票价。因此，建议一大早就进景区较为划算。</span> \r\n</p>\r\n<p style=\"font-size:16px;font-family:\'Microsoft YaHei\';color:#666666;text-indent:2em;\">\r\n	<span style=\"line-height:1.5;\"><br />\r\n</span> \r\n</p>\r\n<div style=\"color:#333333;font-family:\'Microsoft Yahei\', \'Hiragino Sans GB\', \'Helvetica Neue\', Helvetica, tahoma, arial, Verdana, sans-serif, \'WenQuanYi Micro Hei\', 宋体;text-align:center;\">\r\n	<img src=\"http://dimg02.c-ctrip.com/images/tg/602/559/668/42e19fb017d04dc1a2c0a043fe67bd73_C_1024_10000.jpg\" width=\"600\" height=\"343\" /> \r\n</div>\r\n<p style=\"font-size:16px;font-family:\'Microsoft YaHei\';color:#666666;text-indent:2em;text-align:center;\">\r\n	张家界国家森林公园\r\n</p>\r\n<p style=\"font-size:16px;font-family:\'Microsoft YaHei\';color:#666666;text-indent:2em;\">\r\n	<br />\r\n</p>\r\n<p style=\"font-size:16px;font-family:\'Microsoft YaHei\';color:#666666;text-indent:2em;\">\r\n	张家界国家森林公园<span style=\"line-height:1.5;\">与天子山</span><span style=\"line-height:1.5;\">、索溪峪</span><span style=\"line-height:1.5;\">呈三足鼎立之势。景区内峰密岩险，水秀林碧，云缭雾绕。园内有三千多座奇峰异石，或粗犷、或细密、或奇绝、或诡秘，似人似物，神形兼备。</span> \r\n</p>\r\n<p style=\"font-size:16px;font-family:\'Microsoft YaHei\';color:#666666;text-indent:2em;\">\r\n	<span style=\"line-height:1.5;\"><br />\r\n</span> \r\n</p>\r\n<p style=\"font-size:16px;font-family:\'Microsoft YaHei\';color:#666666;text-indent:2em;\">\r\n	<span style=\"line-height:1.5;\">现主要有金鞭溪、黄石寨</span><span style=\"line-height:1.5;\">、琵琶溪</span><span style=\"line-height:1.5;\">、腰子寨</span><span style=\"line-height:1.5;\">、砂刀沟</span><span style=\"line-height:1.5;\">、袁家界</span><span style=\"line-height:1.5;\">等6个主要景区游览线。</span> \r\n</p>\r\n<p style=\"font-size:16px;font-family:\'Microsoft YaHei\';color:#666666;text-indent:2em;\">\r\n	<span style=\"line-height:1.5;\"><br />\r\n</span> \r\n</p>\r\n<p style=\"font-size:16px;font-family:\'Microsoft YaHei\';color:#666666;text-indent:2em;\">\r\n	<span style=\"line-height:1.5;\"><strong>地址：张家界</strong></span><span style=\"line-height:1.5;\">市武陵源</span><span style=\"line-height:1.5;\">风景名胜区西南部</span> \r\n</p>\r\n<p style=\"font-size:16px;font-family:\'Microsoft YaHei\';color:#666666;text-indent:2em;\">\r\n	<span style=\"line-height:1.5;\"><br />\r\n</span> \r\n</p>\r\n<p style=\"font-size:16px;font-family:\'Microsoft YaHei\';color:#666666;text-indent:2em;\">\r\n	<span style=\"line-height:1.5;\"><strong>费用：</strong>门票实行景区通票(更多门票优惠政策、信息可在张家界</span>旅游官网<span style=\"line-height:1.5;\">查询到)</span> \r\n</p>\r\n<p style=\"font-size:16px;font-family:\'Microsoft YaHei\';color:#666666;text-indent:2em;\">\r\n	<strong><br />\r\n</strong> \r\n</p>\r\n<p style=\"font-size:16px;font-family:\'Microsoft YaHei\';color:#666666;text-indent:2em;\">\r\n	<strong>开放时间</strong><span style=\"line-height:1.5;\">：旺季（4-10月）：8:00-18:00淡季（11-3月）：8:30-17:30</span> \r\n</p>\r\n<p style=\"font-size:16px;font-family:\'Microsoft YaHei\';color:#666666;text-indent:2em;\">\r\n	<strong><br />\r\n</strong> \r\n</p>\r\n<p style=\"font-size:16px;font-family:\'Microsoft YaHei\';color:#666666;text-indent:2em;\">\r\n	<strong>用时参考</strong><span style=\"line-height:1.5;\">：3-6天时间</span> \r\n</p>\r\n<p style=\"font-size:16px;font-family:\'Microsoft YaHei\';color:#666666;text-indent:2em;\">\r\n	<strong><br />\r\n</strong> \r\n</p>\r\n<p style=\"font-size:16px;font-family:\'Microsoft YaHei\';color:#666666;text-indent:2em;\">\r\n	<strong>到达交通：</strong> \r\n</p>\r\n<p style=\"font-size:16px;font-family:\'Microsoft YaHei\';color:#666666;text-indent:2em;\">\r\n	<span style=\"line-height:1.5;\"><br />\r\n</span> \r\n</p>\r\n<p style=\"font-size:16px;font-family:\'Microsoft YaHei\';color:#666666;text-indent:2em;\">\r\n	<span style=\"line-height:1.5;\">1.汽车：位于张家界</span><span style=\"line-height:1.5;\">市区、回龙路与人民路交叉口的汽车站，</span> \r\n</p>\r\n<p style=\"font-size:16px;font-family:\'Microsoft YaHei\';color:#666666;text-indent:2em;\">\r\n	<span style=\"line-height:1.5;\"><br />\r\n</span> \r\n</p>\r\n<p style=\"font-size:16px;font-family:\'Microsoft YaHei\';color:#666666;text-indent:2em;\">\r\n	<span style=\"line-height:1.5;\">每天有不少班次直接发往国家森林公园。路程约32km，票价11元，10分钟一班，约40分钟可到达。</span> \r\n</p>\r\n<p style=\"font-size:16px;font-family:\'Microsoft YaHei\';color:#666666;text-indent:2em;\">\r\n	<span style=\"line-height:1.5;\"><br />\r\n</span> \r\n</p>\r\n<p style=\"font-size:16px;font-family:\'Microsoft YaHei\';color:#666666;text-indent:2em;\">\r\n	<span style=\"line-height:1.5;\">2.出租车：从飞机场直接打的到景区，价格约100元；从火车站打的到景区约60-100元（看个人的砍价能力）。</span> \r\n</p>\r\n<p style=\"font-size:16px;font-family:\'Microsoft YaHei\';color:#666666;text-indent:2em;\">\r\n	<span style=\"line-height:1.5;\"><br />\r\n</span> \r\n</p>\r\n<div style=\"color:#333333;font-family:\'Microsoft Yahei\', \'Hiragino Sans GB\', \'Helvetica Neue\', Helvetica, tahoma, arial, Verdana, sans-serif, \'WenQuanYi Micro Hei\', 宋体;text-align:center;\">\r\n	<img src=\"http://dimg02.c-ctrip.com/images/tg/314/710/218/401fb69963a049c096c09de83549e0ca_C_1024_10000.jpg\" width=\"600\" height=\"356\" /> \r\n</div>\r\n<p style=\"font-size:16px;font-family:\'Microsoft YaHei\';color:#666666;text-indent:2em;text-align:center;\">\r\n	金鞭溪\r\n</p>\r\n<p style=\"font-size:16px;font-family:\'Microsoft YaHei\';color:#666666;text-indent:2em;text-align:center;\">\r\n	<span style=\"line-height:1.5;\"><br />\r\n</span> \r\n</p>\r\n<p style=\"font-size:16px;font-family:\'Microsoft YaHei\';color:#666666;text-indent:2em;\">\r\n	<span style=\"line-height:1.5;\">金鞭溪沿线是张家界</span><span style=\"line-height:1.5;\">风景最美的地界之一，全程7.5km，游览时间一般约2.5-3小时。从国家森林公园门口进入后，往前步行约300m就是金鞭溪入口。金鞭溪的美在于它的清澈宁静，清新自然。“奇峰三千、秀水八百”，赞誉的便是张家界</span><span style=\"line-height:1.5;\">的山水发挥得淋漓尽致的金鞭溪。沿着溪水走，穿行在峰峦幽谷云间，犹如徜徉在绿色海洋中。春季可赏落英缤纷，紫醉嫣红；夏季到浅溪里嬉水捉鱼，凉爽惬意；秋季时摄层林尽染，清新气爽；冬季时白雪皑皑，更添清雅。路遇点歌台，还可点上一首土家歌曲（20元/首），或在一旁歇息听别人点的歌也是可以的。</span> \r\n</p>\r\n<p style=\"font-size:16px;font-family:\'Microsoft YaHei\';color:#666666;text-indent:2em;\">\r\n	<span style=\"line-height:1.5;\"><br />\r\n</span> \r\n</p>\r\n<p style=\"font-size:16px;font-family:\'Microsoft YaHei\';color:#666666;text-indent:2em;\">\r\n	<span style=\"line-height:1.5;\"><strong>推荐景点</strong>：花果山、金鞭岩、千里相会、跳鱼潭、猪八戒背媳妇、张良墓。</span> \r\n</p>\r\n<p style=\"font-size:16px;font-family:\'Microsoft YaHei\';color:#666666;text-indent:2em;\">\r\n	<strong><br />\r\n</strong> \r\n</p>\r\n<p style=\"font-size:16px;font-family:\'Microsoft YaHei\';color:#666666;text-indent:2em;\">\r\n	<strong>花果山：</strong><span style=\"line-height:1.5;\">位于金鞭溪入口处，这里溪水平缓，河床相对开阔，一挂瀑布从高山上倾斜而下，电视连续剧《西游记》就是以此处为花果山外景地的。</span> \r\n</p>\r\n<p style=\"font-size:16px;font-family:\'Microsoft YaHei\';color:#666666;text-indent:2em;\">\r\n	<strong><br />\r\n</strong> \r\n</p>\r\n<p style=\"font-size:16px;font-family:\'Microsoft YaHei\';color:#666666;text-indent:2em;\">\r\n	<strong>金鞭岩：</strong><span style=\"line-height:1.5;\">是武陵源</span><span style=\"line-height:1.5;\">的著名景点，是张家界</span><span style=\"line-height:1.5;\">奇峰怪石的一大典型。它从山间拔地而起，三面笔陡，有棱有角，金光闪烁，气势雄伟，因形同古代兵器中的鞭而得名。相传，秦始皇赶山填海到此，因醉酒不慎将金鞭坠落，化作石峰。</span> \r\n</p>\r\n<p style=\"font-size:16px;font-family:\'Microsoft YaHei\';color:#666666;text-indent:2em;\">\r\n	<strong><br />\r\n</strong> \r\n</p>\r\n<p style=\"font-size:16px;font-family:\'Microsoft YaHei\';color:#666666;text-indent:2em;\">\r\n	<strong>千里相会：</strong><span style=\"line-height:1.5;\">经紫草潭沿溪东下，绕过一道山弯，溪东南错落的群峰中，见两峰峙立，恰如一对夫妻。丈夫身材魁伟，披甲佩剑，似从远方归来；妻子身段匀称，左手挽丈夫腰，两人含情脉脉，紧相依偎似窃窃私语，倾诉离情。俨然千里相会的一对久别夫妻。</span> \r\n</p>\r\n<p style=\"font-size:16px;font-family:\'Microsoft YaHei\';color:#666666;text-indent:2em;\">\r\n	<strong><br />\r\n</strong> \r\n</p>\r\n<p style=\"font-size:16px;font-family:\'Microsoft YaHei\';color:#666666;text-indent:2em;\">\r\n	<strong>跳鱼潭：</strong><span style=\"line-height:1.5;\">位于紫草潭下游。若把金鞭溪比作绝代丽人，两潭则是其一双动人的眼睛。跳鱼潭也是由溪水冲刷成的石槽，水流倾泻入潭，形成落差，游鱼产子期溯水而上，至此活蹦乱跳，故名跳鱼潭。</span> \r\n</p>\r\n<p style=\"font-size:16px;font-family:\'Microsoft YaHei\';color:#666666;text-indent:2em;\">\r\n	<strong><br />\r\n</strong> \r\n</p>\r\n<p style=\"font-size:16px;font-family:\'Microsoft YaHei\';color:#666666;text-indent:2em;\">\r\n	<strong>猪八戒背媳妇</strong><span style=\"line-height:1.5;\">：山峰形似英文字母Y字形的即是。右侧嘴巴嘟得老长的就是猪八戒，左侧身材娇小的是他老婆，八戒身后的媳妇还打着一把小阳伞，惟妙惟肖。</span> \r\n</p>\r\n<p style=\"font-size:16px;font-family:\'Microsoft YaHei\';color:#666666;text-indent:2em;\">\r\n	<span style=\"line-height:1.5;\"><br />\r\n</span> \r\n</p>\r\n<div style=\"color:#333333;font-family:\'Microsoft Yahei\', \'Hiragino Sans GB\', \'Helvetica Neue\', Helvetica, tahoma, arial, Verdana, sans-serif, \'WenQuanYi Micro Hei\', 宋体;text-align:center;\">\r\n	<img src=\"http://dimg02.c-ctrip.com/images/tg/342/241/270/b1fde67bfae84a258d8d45f6ff62748f_C_1024_10000.jpg\" width=\"600\" height=\"343\" /> \r\n</div>\r\n<p style=\"font-size:16px;font-family:\'Microsoft YaHei\';color:#666666;text-indent:2em;text-align:center;\">\r\n	黄石寨\r\n</p>\r\n<p style=\"font-size:16px;font-family:\'Microsoft YaHei\';color:#666666;text-indent:2em;text-align:center;\">\r\n	<span style=\"line-height:1.5;\"><br />\r\n</span> \r\n</p>\r\n<p style=\"font-size:16px;font-family:\'Microsoft YaHei\';color:#666666;text-indent:2em;\">\r\n	<span style=\"line-height:1.5;\">位于森林公园中部，亦称黄狮寨，相传张良师傅黄石公曾到此炼丹而得名。黄石寨</span><span style=\"line-height:1.5;\">海拔1080m，为石英砂岩结构，峰林气势宏大。不仅具有丹霞峰林之特色，还具有美国科罗拉多峰林之神韵，更有苍翠的武陵松点缀其上，博大、瑰丽而浑厚。</span> \r\n</p>\r\n<p style=\"font-size:16px;font-family:\'Microsoft YaHei\';color:#666666;text-indent:2em;\">\r\n	<span style=\"line-height:1.5;\"><br />\r\n</span> \r\n</p>\r\n<p style=\"font-size:16px;font-family:\'Microsoft YaHei\';color:#666666;text-indent:2em;\">\r\n	<span style=\"line-height:1.5;\">这的景点非常集中，尤其黄石寨</span><span style=\"line-height:1.5;\">顶开阔平坦，四周为悬崖绝壁，是张家界</span><span style=\"line-height:1.5;\">最大的凌空观景台。登台四望，可看到闺门初开、天书宝匣、定山神针、黑枞脑、南天一柱等，是国家森林公园景区的精华所在。寨顶还建有“六奇阁”观景楼，六奇阁左前方，有一向外突出的观景台“摘星台”。黄石寨</span><span style=\"line-height:1.5;\">有南北两条步行登寨游道，或乘缆车10分钟即可到达寨顶。</span> \r\n</p>\r\n<p style=\"font-size:16px;font-family:\'Microsoft YaHei\';color:#666666;text-indent:2em;\">\r\n	<strong><br />\r\n</strong> \r\n</p>\r\n<p style=\"font-size:16px;font-family:\'Microsoft YaHei\';color:#666666;text-indent:2em;\">\r\n	<strong>推荐景点：</strong><span style=\"line-height:1.5;\">天书宝匣、定海神针、南天一柱、天桥遗墩。</span> \r\n</p>\r\n<p style=\"font-size:16px;font-family:\'Microsoft YaHei\';color:#666666;text-indent:2em;\">\r\n	<strong><br />\r\n</strong> \r\n</p>\r\n<p style=\"font-size:16px;font-family:\'Microsoft YaHei\';color:#666666;text-indent:2em;\">\r\n	<strong>天书宝匣：</strong><span style=\"line-height:1.5;\">一座圆形石峰顶上，有两块石板，酷似抽开半截盖子的书匣。传说这是一个秘藏天书的宝匣，后来有人来盗天书，最后慌张得连匣子盖也没关紧，就逃之夭夭了。此峰虽不高，但孤峰兀立，四面如削，无路可通，只能远视，不能近看。</span> \r\n</p>\r\n<p style=\"font-size:16px;font-family:\'Microsoft YaHei\';color:#666666;text-indent:2em;\">\r\n	<strong><br />\r\n</strong> \r\n</p>\r\n<p style=\"font-size:16px;font-family:\'Microsoft YaHei\';color:#666666;text-indent:2em;\">\r\n	<strong>定山神针</strong><span style=\"line-height:1.5;\">：五座山峰，座座如针插地。相传是美猴王的兄弟猕猴王为了宝山不倒，从东海龙王处借来五根绣花针变成五座山峰，入地三千丈，使三千座奇山异峰挺拔不倒。</span> \r\n</p>\r\n<p style=\"font-size:16px;font-family:\'Microsoft YaHei\';color:#666666;text-indent:2em;\">\r\n	<strong><br />\r\n</strong> \r\n</p>\r\n<p style=\"font-size:16px;font-family:\'Microsoft YaHei\';color:#666666;text-indent:2em;\">\r\n	<strong>南天一柱</strong><span style=\"line-height:1.5;\">：穿过南天门，一石峰从深不可测的沟谷中冲天而立，上下一般粗细，有如镇山之卫士，精悍潇洒，超凡脱俗。南天一柱是武陵源</span><span style=\"line-height:1.5;\">众多怪石中的典型代表。</span> \r\n</p>\r\n<p style=\"font-size:16px;font-family:\'Microsoft YaHei\';color:#666666;text-indent:2em;\">\r\n	<br />\r\n</p>\r\n<p style=\"font-size:16px;font-family:\'Microsoft YaHei\';color:#666666;text-indent:2em;\">\r\n	<strong>天桥遗墩：</strong>是一组石峰群，位于黄狮寨与袁家界之间。深约300m的峡谷中并列矗立着六座高约200m的椭圆形石柱，从靠近袁家界的一号石柱开始，依次升高，至第四号石柱又依次降低，六根石柱顶点可连成一弧线，酷似一组桥墩。\r\n</p>\r\n<p style=\"font-size:16px;font-family:\'Microsoft YaHei\';color:#666666;text-indent:2em;\">\r\n	<br />\r\n</p>\r\n<p style=\"font-size:16px;font-family:\'Microsoft YaHei\';color:#666666;text-indent:2em;\">\r\n	<b>琵琶溪</b> \r\n</p>\r\n<p style=\"font-size:16px;font-family:\'Microsoft YaHei\';color:#666666;text-indent:2em;\">\r\n	<span style=\"line-height:1.5;\"><br />\r\n</span> \r\n</p>\r\n<p style=\"font-size:16px;font-family:\'Microsoft YaHei\';color:#666666;text-indent:2em;\">\r\n	<span style=\"line-height:1.5;\">琵琶溪一带林木繁茂，岩峰嶙峋，是张家界</span><span style=\"line-height:1.5;\">国家森林公园又一道精彩的风景线。主要景点有夫妻岩、九重仙阁、望郎峰、朝天观等。</span> \r\n</p>\r\n<p style=\"font-size:16px;font-family:\'Microsoft YaHei\';color:#666666;text-indent:2em;\">\r\n	<br />\r\n</p>\r\n<p style=\"font-size:16px;font-family:\'Microsoft YaHei\';color:#666666;text-indent:2em;\">\r\n	<strong>推荐景点：</strong>夫妻岩、望郎峰\r\n</p>\r\n<p style=\"font-size:16px;font-family:\'Microsoft YaHei\';color:#666666;text-indent:2em;\">\r\n	<br />\r\n</p>\r\n<p style=\"font-size:16px;font-family:\'Microsoft YaHei\';color:#666666;text-indent:2em;\">\r\n	<strong>夫妻岩</strong>：位于山峦顶部一石峰之巅，好似紧相依偎的两颗人头浮雕，五官俱全，一个笑意绵绵，一个表情沉稳，二者像是裹在一个大风衣里，把万千情意彼此传送。这对“夫妻”已在此屹立了万亿年之久，斗转星移，风吹雨打，忠贞不移。\r\n</p>\r\n<p style=\"font-size:16px;font-family:\'Microsoft YaHei\';color:#666666;text-indent:2em;\">\r\n	<br />\r\n</p>\r\n<p style=\"font-size:16px;font-family:\'Microsoft YaHei\';color:#666666;text-indent:2em;\">\r\n	<strong>望郎峰：</strong>是一座女人模样的石峰，据说从不同角度观看，“她”会呈现三种仪态，由天真烂漫的少女变为成熟稳重的中年妇女，再变成老态龙钟的老婆婆。<span id=\"__kindeditor_bookmark_end_7__\"></span> \r\n</p>',1,0,'2016-02-21 11:50:16','http://7xr35w.com2.z0.glb.qiniucdn.com/quanjing%E6%97%85%E6%B8%B8%E6%94%BB%E7%95%A5.jpg','http://7xr35w.com2.z0.glb.qiniucdn.com/quanjing%E6%97%85%E6%B8%B8%E6%94%BB%E7%95%A5.jpg-quanjingindex',NULL,1,'张家界位于湖南西北部，属武陵山脉腹地。因旅游而建、因旅游而兴的张家界市，拥有令世人惊叹的风光。九寨沟看水，张家界看山。','0','0','0','0',1017,'1',1,'2016-02-21 13:59:49','','ARTICLE',NULL,NULL,NULL,'0',NULL),(78,'张家界雪景摄影攻略','张家界雪景摄影攻略','<p style=\"font-size:16px;font-family:\'Microsoft YaHei\';color:#666666;text-indent:2em;text-align:center;\">\r\n	<img alt=\"\" src=\"http://static.7192.com/uploadfile/2014/1209/084308369.jpg\" width=\"600\" /> \r\n</p>\r\n<p style=\"font-size:16px;font-family:\'Microsoft YaHei\';color:#666666;text-indent:2em;text-align:center;\">\r\n	<br />\r\n</p>\r\n<div style=\"color:#333333;font-family:\'Microsoft Yahei\', \'Hiragino Sans GB\', \'Helvetica Neue\', Helvetica, tahoma, arial, Verdana, sans-serif, \'WenQuanYi Micro Hei\', 宋体;text-align:center;\">\r\n	&nbsp; &nbsp; &nbsp; &nbsp;&nbsp;<img src=\"https://mmbiz.qlogo.cn/mmbiz/I5BJFXHCSNXFCqeztuLQ5f1w22tq2JJActsX4AATsOdiaY29RDjUNPwCzeNFl9e4M1V6MfgMHX6KYajaRhsZzCQ/0\" width=\"600\" style=\"height:auto !important;\" /> \r\n</div>\r\n<div style=\"color:#333333;font-family:\'Microsoft Yahei\', \'Hiragino Sans GB\', \'Helvetica Neue\', Helvetica, tahoma, arial, Verdana, sans-serif, \'WenQuanYi Micro Hei\', 宋体;text-align:center;\">\r\n	<br />\r\n</div>\r\n<div style=\"color:#333333;font-family:\'Microsoft Yahei\', \'Hiragino Sans GB\', \'Helvetica Neue\', Helvetica, tahoma, arial, Verdana, sans-serif, \'WenQuanYi Micro Hei\', 宋体;text-align:center;\">\r\n	&nbsp; &nbsp; &nbsp; &nbsp; &nbsp;&nbsp;<img src=\"https://mmbiz.qlogo.cn/mmbiz/I5BJFXHCSNXFCqeztuLQ5f1w22tq2JJATndRq8hv8gsuStGR8C3FL7vianvvTnJ0zABF7ibc3ujZZjI4L72rZLRQ/0\" width=\"600\" style=\"height:auto !important;\" /> \r\n</div>\r\n<div style=\"color:#333333;font-family:\'Microsoft Yahei\', \'Hiragino Sans GB\', \'Helvetica Neue\', Helvetica, tahoma, arial, Verdana, sans-serif, \'WenQuanYi Micro Hei\', 宋体;text-align:center;\">\r\n	<br />\r\n</div>\r\n<p style=\"font-size:16px;font-family:\'Microsoft YaHei\';color:#666666;text-indent:2em;text-align:center;\">\r\n	&nbsp;&nbsp;<img src=\"https://mmbiz.qlogo.cn/mmbiz/I5BJFXHCSNXFCqeztuLQ5f1w22tq2JJAiaq8LIvplW8bfn1LYPvpvOI8rf3FwibWkkcv4R3FexIwsQQkicvdHgVYQ/0\" width=\"600\" style=\"height:auto !important;\" /> \r\n</p>\r\n<p style=\"font-size:16px;font-family:\'Microsoft YaHei\';color:#666666;text-indent:2em;text-align:center;\">\r\n	<br />\r\n</p>\r\n<p style=\"font-size:16px;font-family:\'Microsoft YaHei\';color:#666666;text-indent:2em;text-align:center;\">\r\n	&nbsp;&nbsp;<img src=\"https://mmbiz.qlogo.cn/mmbiz/I5BJFXHCSNXFCqeztuLQ5f1w22tq2JJA7TabmvAY4tO3U8Vxv9fFib7ZG04SpD6CCDvgbF2db5iaKwgbibz5wNGxA/0\" width=\"600\" style=\"height:auto !important;\" /> \r\n</p>\r\n<p style=\"font-size:16px;font-family:\'Microsoft YaHei\';color:#666666;text-indent:2em;\">\r\n	<br />\r\n</p>\r\n<p style=\"font-size:16px;font-family:\'Microsoft YaHei\';color:#666666;text-indent:2em;\">\r\n	<br />\r\n</p>\r\n<p style=\"font-size:16px;font-family:\'Microsoft YaHei\';color:#666666;text-indent:2em;\">\r\n	雪景是张家界一大特色奇观，冬天张家界景区都是被白白积雪覆盖着，整个景区是洁白如瑕的景象展现给所有人的眼中。感觉走向另外一个世界了。张家界一连下的好几场雪，一般最大的一场雪是最好的，必须是下的大雪花，这样雪才是摄影最佳时机，一般大雪过后第二天早上必是晴天，在晴天的早上也是拍雪景云海最好的天气。有光有云海，特别的早上光打照在张家界山峰上和雪上，那是与众不同。\r\n</p>\r\n<p style=\"font-size:16px;font-family:\'Microsoft YaHei\';color:#666666;text-indent:2em;\">\r\n	<br />\r\n</p>\r\n<p style=\"font-size:16px;font-family:\'Microsoft YaHei\';color:#666666;text-indent:2em;\">\r\n	张家界第初雪下下来是雪米加雪花的那种，在初雪落下之时，山上山上气温很低，大雾笼罩。要等雪停后早上可以雾凇和冰柱。但不是拍云海雪景时间，对于一些不下雪的地区的摄影朋友是一大惊喜。这还不要急，对于有时间的摄影朋友应该等待，等待等于付出。只要付出就会有收获。但对于没时间的摄影朋友应该选择好的最好的摄影点，代表性最好的景区数天子山的雪景了，天子山山峰是以群峰为主，显著特点就是一根一根的，拔地而起。这就是所谓的“秀美”。其他景点也可以去看看就行了，重点就放在天子山。\r\n</p>\r\n<p style=\"font-size:16px;font-family:\'Microsoft YaHei\';color:#666666;text-indent:2em;\">\r\n	<br />\r\n</p>\r\n<p style=\"font-size:16px;font-family:\'Microsoft YaHei\';color:#666666;text-indent:2em;\">\r\n	张家界拍雪景主要最关键是拍早晚，选择性要住景区内，早晚才能赶的上。住山上赶上去可以拍，但不是最好的。早晚最好雪景已被错开。不是专业拍摄的可以选择住山下，这种是属于摄影旅游性质的，仅摄影又旅游的。\r\n</p>\r\n<p style=\"font-size:16px;font-family:\'Microsoft YaHei\';color:#666666;text-indent:2em;\">\r\n	<br />\r\n</p>\r\n<p style=\"font-size:16px;font-family:\'Microsoft YaHei\';color:#666666;text-indent:2em;\">\r\n	山上下雪对于交通有困难，住宿有点艰苦，山上温度很低会结冰包括公路，山上农家乐房间没有热水，只有极个别的房间有水，有水只能是冷水，没有热水。山上空气能不能烧热水。山上路面结冰后只能步行了，景区环保车是停止运营。但还是有车，是景区的私家车，私家车都是带防滑链跑的，要坐他们车必须花钱租，这样对拍摄雪景才方便。离住的农家乐近的景点就不需要包车，走路去就可以了。\r\n</p>',1,0,'2016-02-21 11:51:26','http://7xr35w.com2.z0.glb.qiniucdn.com/quanjing%E9%9B%AA%E6%99%AF%E6%94%BB%E7%95%A5.jpg','http://7xr35w.com2.z0.glb.qiniucdn.com/quanjing%E9%9B%AA%E6%99%AF%E6%94%BB%E7%95%A5.jpg-quanjingindex',NULL,1,'雪景是张家界一大特色奇观，冬天张家界景区都是被白白积雪覆盖着，整个景区是洁白如瑕的景象展现给所有人的眼中。感觉走向另外一个世界了。','0','0','0','0',1017,'1',1,'2016-02-21 13:59:49','','ARTICLE',NULL,NULL,NULL,'0',NULL),(79,'张家界-天门山-芙蓉镇-凤凰5日游','张家界-天门山-芙蓉镇-凤凰5日游','<span style=\"color:#333333;font-family:\'microsoft yahei\';font-size:14px;line-height:normal;background-color:#FFFFFF;\">张家界十里画廊P1：我们张家界--天门山--</span>凤凰<span style=\"color:#333333;font-family:\'microsoft yahei\';font-size:14px;line-height:normal;background-color:#FFFFFF;\">游览线路上的一个美丽的小插曲---芙蓉镇，对，没错，就是谢晋导演、刘晓庆和姜文主演的电影《芙蓉镇》的外景拍摄地----湖南湘西芙蓉镇；</span><br />\r\n<br />\r\n<span style=\"color:#333333;font-family:\'microsoft yahei\';font-size:14px;line-height:normal;background-color:#FFFFFF;\">!出行准备!1. &nbsp;出行前要准备的东西:【衣服】1件外套、4件短袖、1件长裤、1件7分裤、1件短裤、1件长裙（打算</span>凤凰古城<span style=\"color:#333333;font-family:\'microsoft yahei\';font-size:14px;line-height:normal;background-color:#FFFFFF;\">穿的）；【鞋】运动鞋、洞洞鞋/凉拖（夏季张家界多雨，建议大家带双比较防滑的洞洞鞋）；【其他衣物】换洗内衣、3双袜子；【防晒】防晒衣、防晒霜、太阳镜；【雨具】大伞（一般的遮阳伞比较小，山上下雨的时候是挡不全雨的）、防雨鞋套（如果你带了洞洞鞋，这个是不需要的）、雨披、相机防雨罩（尤其带单反的最好带着）；【证件】身份证（可以带个票据夹，证件/票据一起放到里面）；【电子设备】手机（存储导游或旅游相关人员手机号）、相机、移动电源；【其他】手电筒（以备不时之需，本来以为用不到，可我们这次在凤凰竟然遇到了罕见的暴雨，导致全城停电，这时手电筒就派上了用场）、眼罩（用于坐火车或大巴时用）、日常药品（感冒药、创可贴、花露水…）、吹风机（雨季必备，吹头发吹鞋都可以）、水杯、零食…2. &nbsp;整体印象：我 们在张家界待的2天时间，正好一天下雨，一天晴天，体会了烟雨张家界的神秘，也感受了云雾张家界的魅力，对于在杨家界天波府看到的壮观云海，已经无法用言语来表达自己心中的震撼了。去天门山的时候下雨，很冷，不过玻璃栈道的鬼斧神工和天门洞的壮观还是让我们震撼。到达芙蓉镇景区后，本来下着的雨就停了，让 我们享受了一回湘西古镇的风采。在凤凰，遇到了百年难得的暴雨，雨中的凤凰虽说阻挡了我们的脚步，但它的魅力还是感染了我们。3. &nbsp;最推荐的</span>景点<span style=\"color:#333333;font-family:\'microsoft yahei\';font-size:14px;line-height:normal;background-color:#FFFFFF;\">：袁家界、杨家界天波府、天子山、天门山、芙蓉镇4. &nbsp;最念念不忘的美食：蒿叶粑粑、三下锅5. &nbsp;住宿情况：由于是找的导游，所以住宿全是导游安排的，整体一般（可能跟我们的自助包价的价格有关）6. &nbsp;交通情况：【南京---张家界】从南京坐动车到</span>宜昌<span style=\"color:#333333;font-family:\'microsoft yahei\';font-size:14px;line-height:normal;background-color:#FFFFFF;\">转普快到张家界；【张家界---南京】回来时直接从张家界荷花机场飞回南京禄口机场；7. &nbsp;行程安排：DAY1：南京---宜昌东（下午16:07—21:49动车上）DAY2：宜昌东---张家界---张家界国家森林公园---金鞭溪---袁家界---住宿岔路口；DAY3：杨家界---天子山---十里画廊---张家界市区；DAY4：天门山---下午张家界跟团---芙蓉镇---凤凰；DAY5：凤凰---吉首---张家界机场---南京8. &nbsp;时节信息：夏季是张家界的旅游旺季，但同时也是雨量充沛的季节，夏季去张家界一定要做好防雨措施，如果有时间，建议在张家界景区多待几天，感受不同</span>天气<span style=\"color:#333333;font-family:\'microsoft yahei\';font-size:14px;line-height:normal;background-color:#FFFFFF;\">下张家界不同的美景；冬天的张家界也同样很漂亮；9. &nbsp;旅途建议：去张家界建议直接在网上找一位信誉好的当地导游，这样能带你游玩所有张家界你想去的景点；10. &nbsp; 开闭园时间：天子山索道营业时间（冬季）7:50—16:40（夏季）6:50—17:10；天门山吊椅索道（山顶森林观光缆车）营业时间9：00—16:00；其他详细见正文11. &nbsp; 费用情况（按一人计算，共3400元）：【火车】D3007南京---宜昌东253元（二等座）；K1261次宜昌东---张家界97.5元（卧铺）；【飞机】张家界---南京799元+机建50元+燃油附加费120元=969元【张家界-天门山-凤凰4日游】1300元（含3天有效的张家界国家森林公园门票245元、天门山门票258元、芙蓉镇门票100元、凤凰门票148元、森林公园一晚住宿、张家界市区一晚住宿、凤凰一晚住宿、4早7正餐费、导游费）；【天门狐仙大型高山峡谷实景音乐剧】150元；【索道及景区其他】天子山单程票67元、天门山玻璃栈道5元、天门山山顶观光缆车单程票25元、十里画廊小火车双程票52元；【班车】张家界森林公园---汽车站，12元*2=24元；【包车】吉首火车站---张家界飞机场100元/人；【零食及其他】140元 &nbsp;&nbsp;</span>',1,0,'2016-02-21 11:54:10','http://7xr35w.com2.z0.glb.qiniucdn.com/281140537775.jpg','http://7xr35w.com2.z0.glb.qiniucdn.com/281140537775.jpg-quanjingindex',NULL,1,'第一次知道“张家界”是在2009年第一次去黄山的时候，那时候我们在宏村，遇到湖南的游客，聊天的时候他们极力向我推荐湖南的张家界，还跟我说每年12月最后一周，张家界门票免费。呵呵，那个时候听完，什么没记得，就记得12月最后一周免费了：）  ','0','0','0','0',1018,'1',1,'2016-02-21 14:01:11','','ARTICLE',NULL,NULL,NULL,'0',NULL),(80,'张家界3天自由行','张家界3天自由行','<p style=\"font-size:14px;color:#4D4D4D;font-family:Arial, \'Lucida Grande\', \'Microsoft Yahei\', \'Hiragino Sans GB\', \'Hiragino Sans GB W3\', SimSun, STHeiti;\">\r\n	<br />\r\n</p>\r\n<p style=\"font-size:14px;color:#4D4D4D;font-family:Arial, \'Lucida Grande\', \'Microsoft Yahei\', \'Hiragino Sans GB\', \'Hiragino Sans GB W3\', SimSun, STHeiti;\">\r\n	<br />\r\n</p>\r\n<p style=\"font-size:14px;color:#4D4D4D;font-family:Arial, \'Lucida Grande\', \'Microsoft Yahei\', \'Hiragino Sans GB\', \'Hiragino Sans GB W3\', SimSun, STHeiti;\">\r\n	2015年4月中旬，张家界。<br />\r\n天气：多云，有时有雨<br />\r\n气温：15-20度<br />\r\n&nbsp;<br />\r\ntips：到张家界玩，天气很重要。晴天看不到云雾，雨天看不到云雾，自然少了一份仙境。最好是夜里一场大雨，清晨雨停，你就能在上午看到奇峰之间，云雾缭绕。<br />\r\n&nbsp;<br />\r\n2015年开始，张家界景区门票3天有效，价格不变。<br />\r\n&nbsp;<br />\r\ntips：如果你认为3天够了，那你错了。我们这3天，翻山越岭，强度非常大。你会奇怪，为什么要翻山越岭？这就不得不说景区的上山交通，一个字“慢”。<br />\r\n&nbsp;<br />\r\n上山（天子山；袁家界、杨家界；黄石寨）交通：天子山索道、百龙电梯、黄石寨索道。<br />\r\n&nbsp;<br />\r\ntips：从第一天买门票开始，又一次体验了“世博会”式的排队。买完票，进门排队、坐环保车排队、坐索道排队、坐电梯排队，其中索道和电梯平均排队2小时。<br />\r\n&nbsp;<br />\r\n如果你体力好，建议你爬山吧，既可以看风景，还能省钱。<br />\r\n&nbsp;<br />\r\ntips：黄石寨上山2小时、乱窜坡上袁家界2小时、十里画廊上天子山3小时。上了山，除非你住在山上，否则怎么下山是一个头疼的问题。<br />\r\n&nbsp;<br />\r\n市区至景区的交通：中巴车，车次密集，招手即停，只要你在沿线，不用赶到汽车站坐车。<br />\r\n&nbsp;<br />\r\n1、市区至森林公园，票价10元（末班车19点）离市区很远，坐不上末班车，出租车很贵<br />\r\n2、市区至武陵源，票价11元（末班车20点）离市区更远，坐不上末班车，出租车很贵<br />\r\n3、市区至天子山，票价13元（没有坐过，听驴友说的）<br />\r\n&nbsp;<br />\r\ntips：汽车站搬了，已经不在回龙路与人民路交叉口，而是在火车站附近，离天门山索道下站很近。<br />\r\n&nbsp;<br />\r\n至于景区内的环保车，蚂蜂窝的张家界攻略已经说的很清楚了，这里不多说了。（待续）<br />\r\n---------------------------------------<br />\r\n&nbsp;<br />\r\n第二篇：住宿、吃饭<br />\r\n&nbsp;<br />\r\n住宿有3种选择：山上客栈、武陵源、市区<br />\r\n&nbsp;<br />\r\n山上客栈分布在袁家界、天子山2处。<br />\r\n武陵源住宿选择余地很大：贵的有五星的pullman，便宜的有很多家庭旅馆，而且吃的地方很多，比山上的条件好。缺点是每天上山很麻烦。<br />\r\n市区肯定会便宜点，但更不方便，每天要坐中巴40分钟到景区。<br />\r\n&nbsp;<br />\r\ntips：<br />\r\n山上客栈推荐住天子山的丁香榕，有八戒、悦来等客栈，去大观台，仙人桥，一步难行方便，关键是去老屋场的山路就在附近，步行1小时可到。<br />\r\n如果有3天的时间，推荐至少住一天山上（丁香榕），一天山下（武陵源），免去上上下下的痛苦。<br />\r\n如果你提前和客栈联系好，你的行李可以直接从市区托运到山上，你可以轻装上山。<br />\r\n&nbsp;<br />\r\n吃饭，如果你不挑食、不怕辣，其实当地菜还是不错的，至少很下饭。<br />\r\n如果，你要吃到好厨子的菜，推荐去市区的步行街附近，有一整条的美食街，保证吃到爽，而且不贵。（待续）<br />\r\n&nbsp;<br />\r\n---------------------------------------<br />\r\n（各位驴友，看了我的游记有不清楚的，可以在回复中提问）<br />\r\n写了这么多，没什么图片可不行，上图。<br />\r\n首先，篇首那张是老屋场的神兵聚会。<br />\r\n下面来一组武陵源镇上拍的照片。\r\n</p>\r\n<p style=\"font-size:14px;color:#4D4D4D;font-family:Arial, \'Lucida Grande\', \'Microsoft Yahei\', \'Hiragino Sans GB\', \'Hiragino Sans GB W3\', SimSun, STHeiti;\">\r\n	<img class=\"_j_lazyload\" src=\"http://file5.mafengwo.net/M00/D6/0E/wKgBt0-OxfGAbO0rAAG_cqxOceA48.groupinfo.w600.jpeg\" style=\"height:450px;width:600px;\" /> \r\n</p>\r\n<p style=\"font-size:14px;color:#4D4D4D;font-family:Arial, \'Lucida Grande\', \'Microsoft Yahei\', \'Hiragino Sans GB\', \'Hiragino Sans GB W3\', SimSun, STHeiti;\">\r\n	<img class=\"_j_lazyload\" src=\"http://file6.mafengwo.net/M00/D6/89/wKgBt0-OxkHe6mO7AAKVJBUNfzo25.groupinfo.w600.jpeg\" style=\"height:450px;width:600px;\" /><span class=\"pic_tag\"><i class=\"hotel\"></i>张家界京武铂尔曼酒店</span> \r\n</p>\r\n<p style=\"font-size:14px;color:#4D4D4D;font-family:Arial, \'Lucida Grande\', \'Microsoft Yahei\', \'Hiragino Sans GB\', \'Hiragino Sans GB W3\', SimSun, STHeiti;\">\r\n	<img class=\"_j_lazyload\" src=\"http://file5.mafengwo.net/M00/D6/C0/wKgBt0-Oxoep_IvmAAHBRbKL5cQ40.groupinfo.w600.jpeg\" style=\"height:450px;width:600px;\" /> \r\n</p>\r\n<p style=\"font-size:14px;color:#4D4D4D;font-family:Arial, \'Lucida Grande\', \'Microsoft Yahei\', \'Hiragino Sans GB\', \'Hiragino Sans GB W3\', SimSun, STHeiti;\">\r\n	<img class=\"_j_lazyload\" src=\"http://file6.mafengwo.net/M00/D7/69/wKgBt0-OxxK2o-JlAAIy15v_aUk08.groupinfo.w600.jpeg\" style=\"height:450px;width:600px;\" /> \r\n</p>\r\n<p style=\"font-size:14px;color:#4D4D4D;font-family:Arial, \'Lucida Grande\', \'Microsoft Yahei\', \'Hiragino Sans GB\', \'Hiragino Sans GB W3\', SimSun, STHeiti;\">\r\n	<img class=\"_j_lazyload\" src=\"http://file5.mafengwo.net/M00/D7/BE/wKgBt0-Ox22ztciZAAM7dGeM0AY48.groupinfo.w600.jpeg\" style=\"height:450px;width:600px;\" /> \r\n</p>\r\n<p style=\"font-size:14px;color:#4D4D4D;font-family:Arial, \'Lucida Grande\', \'Microsoft Yahei\', \'Hiragino Sans GB\', \'Hiragino Sans GB W3\', SimSun, STHeiti;\">\r\n	<br />\r\n第一张，转盘附近的桥。<br />\r\n第二张，pullman酒店。<br />\r\n第三张，魅力湘西。<br />\r\n第四张，武陵源汽车站。中巴的样子。<br />\r\n第五张，武陵源景区入口的9层塔。<br />\r\n（续）<br />\r\n在介绍我们的旅游线路之前，先看看旅游团是怎么玩的，以便避开。<br />\r\n通常旅游团从武陵源进入景区的比较多，在武陵源入口处有环保车站，有4条路线：天子山索道下站、百龙电梯下站、水绕四门、十里画廊。<br />\r\n这四个地方都会有团队，其中天子山索道下站、百龙电梯下站人比较多，毕竟团队也是要上山的。就如我上面所说，要有充分的思想准备接受排队。<br />\r\n&nbsp;<br />\r\n团队经典线路：百龙电梯上山，袁家界，天子阁，天子山索道下山，十里画廊，从水绕四门走金鞭溪，通常会拆成2天进行。也有的团队会上黄石寨，但导游会让你到了六奇阁就下山。所以团队不会绕黄石寨一圈，也不会去杨家界，也不会去天子山的点将台、神堂湾、大观台、老屋场。<br />\r\n&nbsp;<br />\r\n如果你体力好，有3天时间，我还是建议你自由行吧。\r\n</p>\r\n<p>\r\n	<br />\r\n</p>\r\n<p>\r\n	<br />\r\n</p>',1,0,'2016-02-21 11:56:00','http://7xr35w.com2.z0.glb.qiniucdn.com/271259482692.jpg','http://7xr35w.com2.z0.glb.qiniucdn.com/271259482692.jpg-quanjingindex',NULL,1,'张家界3天自由行','0','0','0','0',1018,'1',1,'2016-02-21 14:01:11','','ARTICLE',NULL,NULL,NULL,'0',NULL),(81,'遇见张家界和凤凰','遇见张家界和凤凰','<p class=\"_j_note_content _j_seqitem\" style=\"font-size:14px;color:#666666;font-family:Arial, \'Lucida Grande\', \'Microsoft Yahei\', \'Hiragino Sans GB\', \'Hiragino Sans GB W3\', SimSun, STHeiti;\">\r\n	<br />\r\n</p>',1,0,'2016-02-21 11:57:04','http://7xr35w.com2.z0.glb.qiniucdn.com/271323578413.jpg','http://7xr35w.com2.z0.glb.qiniucdn.com/271323578413.jpg-quanjingindex',NULL,1,'就像歌一样，岁月有些许的轻狂。一个外表和内心都比较安静的人，却有着一颗想要偶尔出去“流浪”的小野心。一个人独处，也又些习惯了，但是，呆久了也会有烦闷的时候。也想出去散散心。','0','0','0','0',1018,'1',1,'2016-02-21 14:01:11','','ARTICLE',NULL,NULL,NULL,'1',NULL),(83,'诚信中心',NULL,'aaaa',NULL,NULL,NULL,NULL,NULL,NULL,NULL,NULL,NULL,NULL,NULL,NULL,1080,NULL,NULL,NULL,NULL,NULL,NULL,NULL,NULL,NULL,NULL);

/*Table structure for table `security_organization` */

DROP TABLE IF EXISTS `security_organization`;

CREATE TABLE `security_organization` (
  `id` int(32) unsigned NOT NULL AUTO_INCREMENT COMMENT 'pk',
  `code` varchar(50) DEFAULT NULL COMMENT '编码',
  `name` varchar(100) DEFAULT NULL COMMENT '机构名称',
  `description` varchar(500) DEFAULT NULL COMMENT '描述',
  `parent_id` int(50) DEFAULT NULL COMMENT '上级机构',
  `status` varchar(10) DEFAULT NULL COMMENT '状态',
  `orderlist` int(11) DEFAULT NULL,
  PRIMARY KEY (`id`)
) ENGINE=InnoDB AUTO_INCREMENT=45 DEFAULT CHARSET=utf8;

/*Data for the table `security_organization` */

insert  into `security_organization`(`id`,`code`,`name`,`description`,`parent_id`,`status`,`orderlist`) values (42,'ZHB','综合部','123',0,'1',NULL),(43,'YB','综合一部',NULL,42,'1',NULL),(44,'EB','综合二部',NULL,42,'1',NULL);

/*Table structure for table `security_organization_user` */

DROP TABLE IF EXISTS `security_organization_user`;

CREATE TABLE `security_organization_user` (
  `id` int(32) unsigned NOT NULL AUTO_INCREMENT,
  `user_id` varchar(32) DEFAULT NULL,
  `organization_id` int(50) DEFAULT NULL,
  PRIMARY KEY (`id`)
) ENGINE=InnoDB DEFAULT CHARSET=utf8;

/*Data for the table `security_organization_user` */

/*Table structure for table `security_role` */

DROP TABLE IF EXISTS `security_role`;

CREATE TABLE `security_role` (
  `id` int(32) unsigned NOT NULL AUTO_INCREMENT,
  `code` varchar(50) DEFAULT NULL COMMENT '编码',
  `name` varchar(100) DEFAULT NULL COMMENT '角色名称',
  `description` varchar(500) DEFAULT NULL COMMENT '角色描述',
  `status` int(10) DEFAULT NULL COMMENT '状态',
  `TYPE` varchar(20) DEFAULT NULL,
  PRIMARY KEY (`id`)
) ENGINE=InnoDB AUTO_INCREMENT=15 DEFAULT CHARSET=utf8;

/*Data for the table `security_role` */

insert  into `security_role`(`id`,`code`,`name`,`description`,`status`,`TYPE`) values (1,'system','系统管理员','系统管理员',1,'0'),(13,'001','审核员','审核内容发布',1,'1'),(14,'002','发布员','发布员',1,'2');

/*Table structure for table `security_role_menu` */

DROP TABLE IF EXISTS `security_role_menu`;

CREATE TABLE `security_role_menu` (
  `id` int(32) unsigned NOT NULL AUTO_INCREMENT,
  `role_id` int(50) DEFAULT NULL,
  `menu_id` int(50) DEFAULT NULL,
  PRIMARY KEY (`id`)
) ENGINE=InnoDB AUTO_INCREMENT=345 DEFAULT CHARSET=utf8;

/*Data for the table `security_role_menu` */

insert  into `security_role_menu`(`id`,`role_id`,`menu_id`) values (294,1,1017),(295,1,1016),(296,1,1019),(297,1,1009),(298,1,1018),(299,1,1013),(300,1,1039),(301,1,1012),(302,1,1015),(303,1,1014),(304,1,3),(305,1,2),(306,1,1),(307,1,0),(308,1,1040),(309,1,1041),(310,1,4),(311,1,1011),(312,1,1010),(313,13,1017),(314,13,1016),(315,13,1019),(316,13,1009),(317,13,1036),(318,13,1018),(319,13,1045),(320,13,1013),(321,13,1012),(322,13,1015),(323,13,1014),(324,13,3),(325,13,2),(326,13,1),(327,13,0),(328,13,4),(329,13,1011),(330,13,1010),(331,14,1017),(332,14,1016),(333,14,1009),(334,14,1036),(335,14,1018),(336,14,1045),(337,14,1013),(338,14,1012),(339,14,1015),(340,14,1014),(341,14,1),(342,14,0),(343,14,1011),(344,14,1010);

/*Table structure for table `security_user` */

DROP TABLE IF EXISTS `security_user`;

CREATE TABLE `security_user` (
  `id` int(32) unsigned NOT NULL AUTO_INCREMENT COMMENT 'ID',
  `code` varchar(50) DEFAULT NULL COMMENT '代码',
  `username` varchar(200) DEFAULT NULL COMMENT '姓名',
  `email` varchar(100) DEFAULT NULL COMMENT '邮箱',
  `userpwd` varchar(100) DEFAULT NULL COMMENT '密码',
  `phone` varchar(100) DEFAULT NULL COMMENT '手机',
  `realname` varchar(100) DEFAULT NULL COMMENT '真实姓名',
  `status` int(100) DEFAULT NULL COMMENT '状态',
  `ctime` datetime DEFAULT NULL COMMENT '创建时间',
  `organization_id` int(50) DEFAULT NULL COMMENT '组织id',
  PRIMARY KEY (`id`)
) ENGINE=InnoDB AUTO_INCREMENT=14 DEFAULT CHARSET=utf8;

/*Data for the table `security_user` */

insert  into `security_user`(`id`,`code`,`username`,`email`,`userpwd`,`phone`,`realname`,`status`,`ctime`,`organization_id`) values (1,NULL,'system','admin@163.com','c4ca4238a0b923820dcc509a6f75849b','18952028230','系统管理员',1,NULL,NULL),(11,NULL,'xiaoming','xiaoming@163.com','c4ca4238a0b923820dcc509a6f75849b',NULL,'小明',1,'2016-01-07 14:30:57',43),(12,NULL,'zhangsan','zhangsa1n@qq.com','c4ca4238a0b923820dcc509a6f75849b','18952028230','张三',1,'2016-01-13 00:33:18',43),(13,NULL,'lisi','lisi@qq.com','c4ca4238a0b923820dcc509a6f75849b','18952028230','李四',1,'2016-01-13 00:33:38',44);

/*Table structure for table `security_user_ext` */

DROP TABLE IF EXISTS `security_user_ext`;

CREATE TABLE `security_user_ext` (
  `id` int(32) unsigned NOT NULL AUTO_INCREMENT,
  `user_id` varchar(32) DEFAULT NULL,
  `organization_id` varchar(50) DEFAULT NULL,
  `sex` varchar(10) DEFAULT NULL,
  `birthday` datetime DEFAULT NULL,
  PRIMARY KEY (`id`)
) ENGINE=InnoDB DEFAULT CHARSET=utf8;

/*Data for the table `security_user_ext` */

/*Table structure for table `security_user_role` */

DROP TABLE IF EXISTS `security_user_role`;

CREATE TABLE `security_user_role` (
  `id` int(32) unsigned NOT NULL AUTO_INCREMENT,
  `user_id` int(32) DEFAULT NULL,
  `role_id` varchar(50) DEFAULT NULL,
  PRIMARY KEY (`id`)
) ENGINE=InnoDB AUTO_INCREMENT=31 DEFAULT CHARSET=utf8;

/*Data for the table `security_user_role` */

insert  into `security_user_role`(`id`,`user_id`,`role_id`) values (26,11,'13'),(28,13,'14'),(30,12,'13');

/*Table structure for table `system_adv` */

DROP TABLE IF EXISTS `system_adv`;

CREATE TABLE `system_adv` (
  `id` int(10) unsigned NOT NULL AUTO_INCREMENT,
  `title` varchar(200) DEFAULT NULL COMMENT '标题',
  `jump_url` varchar(200) DEFAULT NULL COMMENT '跳转地址',
  `img_url` varchar(200) DEFAULT NULL COMMENT '图片',
  `type` varchar(10) DEFAULT NULL COMMENT '类型',
  `orderlist` int(11) DEFAULT NULL COMMENT '排序号',
  `status` int(11) DEFAULT NULL COMMENT '是否启用',
  `abstract_content` varchar(200) DEFAULT NULL,
  `show_flag` varchar(4) DEFAULT NULL,
  PRIMARY KEY (`id`)
) ENGINE=InnoDB AUTO_INCREMENT=13 DEFAULT CHARSET=utf8;

/*Data for the table `system_adv` */

insert  into `system_adv`(`id`,`title`,`jump_url`,`img_url`,`type`,`orderlist`,`status`,`abstract_content`,`show_flag`) values (8,'天子山','http://pad.pinhai.com.cn:8081/','http://pad.pinhai.com.cn:8081/zjjtour-admin/attached/image/20160201/20160201001539_461.png',NULL,1,1,'天子山是一个好地方','1'),(9,'张家界','http://pad.pinhai.com.cn:8081/','http://pad.pinhai.com.cn:8081/zjjtour-admin/attached/image/20160131/20160131234243_945.jpg',NULL,2,1,NULL,'1'),(10,'绝美风光-张家界','http://pad.pinhai.com.cn:8081/','http://pad.pinhai.com.cn:8081/zjjtour-admin/attached/image/20160131/20160131234336_325.jpg',NULL,3,1,NULL,'1'),(11,'青叶泛舟-张家界','http://pad.pinhai.com.cn:8081/','http://pad.pinhai.com.cn:8081/zjjtour-admin/attached/image/20160131/20160131234421_185.jpg',NULL,4,1,NULL,'1'),(12,'户外活动-张家界','http://pad.pinhai.com.cn:8081/','http://pad.pinhai.com.cn:8081/zjjtour-admin/attached/image/20160131/20160131234459_909.jpg',NULL,5,1,NULL,'1');

/*Table structure for table `system_indexsetting` */

DROP TABLE IF EXISTS `system_indexsetting`;

CREATE TABLE `system_indexsetting` (
  `id` int(10) unsigned NOT NULL AUTO_INCREMENT,
  `title` varchar(200) DEFAULT NULL,
  `style_type` varchar(200) DEFAULT NULL,
  PRIMARY KEY (`id`)
) ENGINE=InnoDB AUTO_INCREMENT=2 DEFAULT CHARSET=utf8;

/*Data for the table `system_indexsetting` */

insert  into `system_indexsetting`(`id`,`title`,`style_type`) values (1,'欢迎访问张家界官方旅游网站','模板1');

/*Table structure for table `system_searchword` */

DROP TABLE IF EXISTS `system_searchword`;

CREATE TABLE `system_searchword` (
  `id` int(10) unsigned NOT NULL AUTO_INCREMENT,
  `name` varchar(100) DEFAULT NULL COMMENT '常用搜索',
  `status` int(11) DEFAULT NULL COMMENT '启用标志',
  `orderlist` int(11) DEFAULT NULL COMMENT '排序号',
  PRIMARY KEY (`id`)
) ENGINE=InnoDB AUTO_INCREMENT=5 DEFAULT CHARSET=utf8;

/*Data for the table `system_searchword` */

insert  into `system_searchword`(`id`,`name`,`status`,`orderlist`) values (1,'天门山',1,1),(2,'张家界',1,2),(3,'门票',1,3),(4,'土家',1,5);

/*Table structure for table `system_waitdo` */

DROP TABLE IF EXISTS `system_waitdo`;

CREATE TABLE `system_waitdo` (
  `id` int(10) unsigned NOT NULL AUTO_INCREMENT,
  `name` varchar(100) DEFAULT NULL COMMENT '栏目名称',
  `title` varchar(100) DEFAULT NULL COMMENT '代办事项名称',
  `ctime` datetime DEFAULT NULL COMMENT '创建时间',
  `status` int(11) DEFAULT NULL COMMENT '状态',
  `user_id` int(11) DEFAULT NULL,
  `type` varchar(10) DEFAULT NULL COMMENT '类型',
  `target_id` int(11) DEFAULT NULL COMMENT '目标ID',
  PRIMARY KEY (`id`)
) ENGINE=InnoDB DEFAULT CHARSET=utf8;

/*Data for the table `system_waitdo` */

/*!40101 SET SQL_MODE=@OLD_SQL_MODE */;
/*!40014 SET FOREIGN_KEY_CHECKS=@OLD_FOREIGN_KEY_CHECKS */;
/*!40014 SET UNIQUE_CHECKS=@OLD_UNIQUE_CHECKS */;
/*!40111 SET SQL_NOTES=@OLD_SQL_NOTES */;
